Tarih;Saat;SMF (TL/MWh)
01.01.2025 00:00;00:00;2494
01.01.2025 01:00;01:00;1799,98
01.01.2025 02:00;02:00;1692,99
01.01.2025 03:00;03:00;1847
01.01.2025 04:00;04:00;2210,01
01.01.2025 05:00;05:00;2680
01.01.2025 06:00;06:00;2990
01.01.2025 07:00;07:00;1847
01.01.2025 08:00;08:00;1847
01.01.2025 09:00;09:00;675
01.01.2025 10:00;10:00;4
01.01.2025 11:00;11:00;5
01.01.2025 12:00;12:00;,79
01.01.2025 13:00;13:00;4
01.01.2025 14:00;14:00;310
01.01.2025 15:00;15:00;650
01.01.2025 16:00;16:00;1000
01.01.2025 17:00;17:00;3000
01.01.2025 18:00;18:00;3000
01.01.2025 19:00;19:00;3000
01.01.2025 20:00;20:00;3000
01.01.2025 21:00;21:00;3000
01.01.2025 22:00;22:00;1847
01.01.2025 23:00;23:00;2084
02.01.2025 00:00;00:00;1837
02.01.2025 01:00;01:00;1837
02.01.2025 02:00;02:00;2499
02.01.2025 03:00;03:00;2416,93
02.01.2025 04:00;04:00;2223,34
02.01.2025 05:00;05:00;2313,35
02.01.2025 06:00;06:00;2506,15
02.01.2025 07:00;07:00;2900,01
02.01.2025 08:00;08:00;3000
02.01.2025 09:00;09:00;3000
02.01.2025 10:00;10:00;1837
02.01.2025 11:00;11:00;1000
02.01.2025 12:00;12:00;700
02.01.2025 13:00;13:00;699,99
02.01.2025 14:00;14:00;1000
02.01.2025 15:00;15:00;1000
02.01.2025 16:00;16:00;3000
02.01.2025 17:00;17:00;3000
02.01.2025 18:00;18:00;3000
02.01.2025 19:00;19:00;2999
02.01.2025 20:00;20:00;2998
02.01.2025 21:00;21:00;2999
02.01.2025 22:00;22:00;2599
02.01.2025 23:00;23:00;2717,36
03.01.2025 00:00;00:00;2999
03.01.2025 01:00;01:00;2575,27
03.01.2025 02:00;02:00;2554,29
03.01.2025 03:00;03:00;2323,11
03.01.2025 04:00;04:00;2377,98
03.01.2025 05:00;05:00;2381
03.01.2025 06:00;06:00;2600,01
03.01.2025 07:00;07:00;2199,99
03.01.2025 08:00;08:00;3000
03.01.2025 09:00;09:00;3000
03.01.2025 10:00;10:00;2999
03.01.2025 11:00;11:00;2930,51
03.01.2025 12:00;12:00;1750,32
03.01.2025 13:00;13:00;700
03.01.2025 14:00;14:00;1736
03.01.2025 15:00;15:00;1847
03.01.2025 16:00;16:00;1847
03.01.2025 17:00;17:00;2999,02
03.01.2025 18:00;18:00;2999,02
03.01.2025 19:00;19:00;2825,78
03.01.2025 20:00;20:00;2899,98
03.01.2025 21:00;21:00;2726,99
03.01.2025 22:00;22:00;1697
03.01.2025 23:00;23:00;2470
04.01.2025 00:00;00:00;2705,06
04.01.2025 01:00;01:00;2897,02
04.01.2025 02:00;02:00;2644,99
04.01.2025 03:00;03:00;1999,98
04.01.2025 04:00;04:00;2199,98
04.01.2025 05:00;05:00;2530,05
04.01.2025 06:00;06:00;2888,89
04.01.2025 07:00;07:00;2530,05
04.01.2025 08:00;08:00;2345
04.01.2025 09:00;09:00;2999
04.01.2025 10:00;10:00;2929
04.01.2025 11:00;11:00;2638,04
04.01.2025 12:00;12:00;2530,05
04.01.2025 13:00;13:00;2757,04
04.01.2025 14:00;14:00;2999,05
04.01.2025 15:00;15:00;2999,21
04.01.2025 16:00;16:00;2999,23
04.01.2025 17:00;17:00;3000
04.01.2025 18:00;18:00;3000
04.01.2025 19:00;19:00;2999,23
04.01.2025 20:00;20:00;2999
04.01.2025 21:00;21:00;2999
04.01.2025 22:00;22:00;2256,27
04.01.2025 23:00;23:00;2530,05
05.01.2025 00:00;00:00;2699
05.01.2025 01:00;01:00;2530,05
05.01.2025 02:00;02:00;2844,22
05.01.2025 03:00;03:00;2393,7
05.01.2025 04:00;04:00;2393,7
05.01.2025 05:00;05:00;2393,7
05.01.2025 06:00;06:00;2530,05
05.01.2025 07:00;07:00;2807,99
05.01.2025 08:00;08:00;2393,7
05.01.2025 09:00;09:00;2530,05
05.01.2025 10:00;10:00;2666,9
05.01.2025 11:00;11:00;1790
05.01.2025 12:00;12:00;1636
05.01.2025 13:00;13:00;1636
05.01.2025 14:00;14:00;1636
05.01.2025 15:00;15:00;1790
05.01.2025 16:00;16:00;1790
05.01.2025 17:00;17:00;2999
05.01.2025 18:00;18:00;2988
05.01.2025 19:00;19:00;2975,06
05.01.2025 20:00;20:00;2940
05.01.2025 21:00;21:00;2825,04
05.01.2025 22:00;22:00;1790
05.01.2025 23:00;23:00;2474,01
06.01.2025 00:00;00:00;1790
06.01.2025 01:00;01:00;1790
06.01.2025 02:00;02:00;1790
06.01.2025 03:00;03:00;1790
06.01.2025 04:00;04:00;2071,01
06.01.2025 05:00;05:00;2071
06.01.2025 06:00;06:00;2502,67
06.01.2025 07:00;07:00;2796,83
06.01.2025 08:00;08:00;3000
06.01.2025 09:00;09:00;3000
06.01.2025 10:00;10:00;2999,06
06.01.2025 11:00;11:00;2999,01
06.01.2025 12:00;12:00;699,99
06.01.2025 13:00;13:00;699,99
06.01.2025 14:00;14:00;700
06.01.2025 15:00;15:00;1551
06.01.2025 16:00;16:00;2850
06.01.2025 17:00;17:00;3000
06.01.2025 18:00;18:00;3000
06.01.2025 19:00;19:00;3000
06.01.2025 20:00;20:00;1790
06.01.2025 21:00;21:00;1054
06.01.2025 22:00;22:00;750
06.01.2025 23:00;23:00;1641,1
07.01.2025 00:00;00:00;1000
07.01.2025 01:00;01:00;700
07.01.2025 02:00;02:00;700
07.01.2025 03:00;03:00;1790
07.01.2025 04:00;04:00;936
07.01.2025 05:00;05:00;750
07.01.2025 06:00;06:00;1790
07.01.2025 07:00;07:00;1790
07.01.2025 08:00;08:00;3000
07.01.2025 09:00;09:00;3000
07.01.2025 10:00;10:00;2750,01
07.01.2025 11:00;11:00;700
07.01.2025 12:00;12:00;700
07.01.2025 13:00;13:00;700
07.01.2025 14:00;14:00;700
07.01.2025 15:00;15:00;700
07.01.2025 16:00;16:00;1712
07.01.2025 17:00;17:00;2999,01
07.01.2025 18:00;18:00;2390
07.01.2025 19:00;19:00;1790
07.01.2025 20:00;20:00;1790
07.01.2025 21:00;21:00;2749,99
07.01.2025 22:00;22:00;700
07.01.2025 23:00;23:00;1790
08.01.2025 00:00;00:00;1716
08.01.2025 01:00;01:00;1000
08.01.2025 02:00;02:00;2530,05
08.01.2025 03:00;03:00;1957,64
08.01.2025 04:00;04:00;2249,98
08.01.2025 05:00;05:00;2461
08.01.2025 06:00;06:00;2848,47
08.01.2025 07:00;07:00;2824,99
08.01.2025 08:00;08:00;3000
08.01.2025 09:00;09:00;3000
08.01.2025 10:00;10:00;2960
08.01.2025 11:00;11:00;1927,33
08.01.2025 12:00;12:00;1849,99
08.01.2025 13:00;13:00;1000
08.01.2025 14:00;14:00;2399,46
08.01.2025 15:00;15:00;2318,38
08.01.2025 16:00;16:00;2906,84
08.01.2025 17:00;17:00;3000
08.01.2025 18:00;18:00;2999,2
08.01.2025 19:00;19:00;2999,2
08.01.2025 20:00;20:00;2788,39
08.01.2025 21:00;21:00;2999,2
08.01.2025 22:00;22:00;1716
08.01.2025 23:00;23:00;1716
09.01.2025 00:00;00:00;2334,08
09.01.2025 01:00;01:00;2300,01
09.01.2025 02:00;02:00;2063,38
09.01.2025 03:00;03:00;2140
09.01.2025 04:00;04:00;2390
09.01.2025 05:00;05:00;2499,99
09.01.2025 06:00;06:00;2648,05
09.01.2025 07:00;07:00;1716
09.01.2025 08:00;08:00;3000
09.01.2025 09:00;09:00;3000
09.01.2025 10:00;10:00;2999,01
09.01.2025 11:00;11:00;1716
09.01.2025 12:00;12:00;1799,98
09.01.2025 13:00;13:00;936
09.01.2025 14:00;14:00;750
09.01.2025 15:00;15:00;1000
09.01.2025 16:00;16:00;3000
09.01.2025 17:00;17:00;3000
09.01.2025 18:00;18:00;3000
09.01.2025 19:00;19:00;3000
09.01.2025 20:00;20:00;2989,99
09.01.2025 21:00;21:00;2950,01
09.01.2025 22:00;22:00;1795
09.01.2025 23:00;23:00;1795
10.01.2025 00:00;00:00;1616
10.01.2025 01:00;01:00;1616
10.01.2025 02:00;02:00;1000
10.01.2025 03:00;03:00;700
10.01.2025 04:00;04:00;700
10.01.2025 05:00;05:00;2166
10.01.2025 06:00;06:00;1616
10.01.2025 07:00;07:00;1616
10.01.2025 08:00;08:00;3000
10.01.2025 09:00;09:00;3000
10.01.2025 10:00;10:00;2999
10.01.2025 11:00;11:00;2844,81
10.01.2025 12:00;12:00;1783,7
10.01.2025 13:00;13:00;1595
10.01.2025 14:00;14:00;1000
10.01.2025 15:00;15:00;1616
10.01.2025 16:00;16:00;2989,99
10.01.2025 17:00;17:00;3000
10.01.2025 18:00;18:00;2999,04
10.01.2025 19:00;19:00;2999,01
10.01.2025 20:00;20:00;2298,5
10.01.2025 21:00;21:00;1795
10.01.2025 22:00;22:00;1795
10.01.2025 23:00;23:00;1795
11.01.2025 00:00;00:00;1975
11.01.2025 01:00;01:00;2448
11.01.2025 02:00;02:00;2249,98
11.01.2025 03:00;03:00;1795
11.01.2025 04:00;04:00;2154,56
11.01.2025 05:00;05:00;2222,6
11.01.2025 06:00;06:00;2441,06
11.01.2025 07:00;07:00;2624,06
11.01.2025 08:00;08:00;2999,01
11.01.2025 09:00;09:00;2999,01
11.01.2025 10:00;10:00;1716
11.01.2025 11:00;11:00;2496,35
11.01.2025 12:00;12:00;750
11.01.2025 13:00;13:00;2189,99
11.01.2025 14:00;14:00;2798
11.01.2025 15:00;15:00;2790
11.01.2025 16:00;16:00;2599,02
11.01.2025 17:00;17:00;3000
11.01.2025 18:00;18:00;2999,04
11.01.2025 19:00;19:00;2999,04
11.01.2025 20:00;20:00;2999,01
11.01.2025 21:00;21:00;2999
11.01.2025 22:00;22:00;1795
11.01.2025 23:00;23:00;1795
12.01.2025 00:00;00:00;2433,4
12.01.2025 01:00;01:00;2740
12.01.2025 02:00;02:00;2615,01
12.01.2025 03:00;03:00;2350
12.01.2025 04:00;04:00;2249,99
12.01.2025 05:00;05:00;2011,99
12.01.2025 06:00;06:00;2889
12.01.2025 07:00;07:00;1430
12.01.2025 08:00;08:00;1000
12.01.2025 09:00;09:00;700
12.01.2025 10:00;10:00;699,99
12.01.2025 11:00;11:00;700
12.01.2025 12:00;12:00;699,99
12.01.2025 13:00;13:00;750
12.01.2025 14:00;14:00;1000
12.01.2025 15:00;15:00;1000
12.01.2025 16:00;16:00;1616
12.01.2025 17:00;17:00;1795
12.01.2025 18:00;18:00;2100
12.01.2025 19:00;19:00;1651
12.01.2025 20:00;20:00;1651
12.01.2025 21:00;21:00;1795
12.01.2025 22:00;22:00;750
12.01.2025 23:00;23:00;1574,97
13.01.2025 00:00;00:00;700
13.01.2025 01:00;01:00;1000
13.01.2025 02:00;02:00;1425
13.01.2025 03:00;03:00;1424,99
13.01.2025 04:00;04:00;1723
13.01.2025 05:00;05:00;1900,01
13.01.2025 06:00;06:00;2447
13.01.2025 07:00;07:00;2393,7
13.01.2025 08:00;08:00;2923,69
13.01.2025 09:00;09:00;2999,02
13.01.2025 10:00;10:00;2999,03
13.01.2025 11:00;11:00;2900
13.01.2025 12:00;12:00;2600
13.01.2025 13:00;13:00;2960
13.01.2025 14:00;14:00;2999,04
13.01.2025 15:00;15:00;2999,23
13.01.2025 16:00;16:00;2999,21
13.01.2025 17:00;17:00;3000
13.01.2025 18:00;18:00;2999,01
13.01.2025 19:00;19:00;1795
13.01.2025 20:00;20:00;2450
13.01.2025 21:00;21:00;2770,86
13.01.2025 22:00;22:00;1795
13.01.2025 23:00;23:00;2397,01
14.01.2025 00:00;00:00;2750
14.01.2025 01:00;01:00;2800
14.01.2025 02:00;02:00;2437,34
14.01.2025 03:00;03:00;2054,99
14.01.2025 04:00;04:00;1939,99
14.01.2025 05:00;05:00;2393,7
14.01.2025 06:00;06:00;2414,34
14.01.2025 07:00;07:00;2530,05
14.01.2025 08:00;08:00;2999
14.01.2025 09:00;09:00;2999,04
14.01.2025 10:00;10:00;1651
14.01.2025 11:00;11:00;2275
14.01.2025 12:00;12:00;936
14.01.2025 13:00;13:00;1100
14.01.2025 14:00;14:00;2799,99
14.01.2025 15:00;15:00;2800
14.01.2025 16:00;16:00;2999,02
14.01.2025 17:00;17:00;3000
14.01.2025 18:00;18:00;2999
14.01.2025 19:00;19:00;2685,45
14.01.2025 20:00;20:00;1797
14.01.2025 21:00;21:00;2260,1
14.01.2025 22:00;22:00;1436
14.01.2025 23:00;23:00;1150,1
15.01.2025 00:00;00:00;700
15.01.2025 01:00;01:00;750
15.01.2025 02:00;02:00;700
15.01.2025 03:00;03:00;1739,99
15.01.2025 04:00;04:00;800
15.01.2025 05:00;05:00;2049,98
15.01.2025 06:00;06:00;2650,01
15.01.2025 07:00;07:00;2199,98
15.01.2025 08:00;08:00;2898,99
15.01.2025 09:00;09:00;2999
15.01.2025 10:00;10:00;2949,99
15.01.2025 11:00;11:00;2950
15.01.2025 12:00;12:00;1636
15.01.2025 13:00;13:00;1797
15.01.2025 14:00;14:00;3000
15.01.2025 15:00;15:00;2999,03
15.01.2025 16:00;16:00;3000
15.01.2025 17:00;17:00;3000
15.01.2025 18:00;18:00;3000
15.01.2025 19:00;19:00;2999,03
15.01.2025 20:00;20:00;2999,01
15.01.2025 21:00;21:00;2905
15.01.2025 22:00;22:00;1797
15.01.2025 23:00;23:00;2800
16.01.2025 00:00;00:00;2800
16.01.2025 01:00;01:00;2706,45
16.01.2025 02:00;02:00;2520
16.01.2025 03:00;03:00;2530,05
16.01.2025 04:00;04:00;2494,01
16.01.2025 05:00;05:00;2494
16.01.2025 06:00;06:00;2530,05
16.01.2025 07:00;07:00;2660,4
16.01.2025 08:00;08:00;3000
16.01.2025 09:00;09:00;3000
16.01.2025 10:00;10:00;2999,02
16.01.2025 11:00;11:00;2999,01
16.01.2025 12:00;12:00;2305
16.01.2025 13:00;13:00;2799,99
16.01.2025 14:00;14:00;2999,05
16.01.2025 15:00;15:00;2999,02
16.01.2025 16:00;16:00;3000
16.01.2025 17:00;17:00;3000
16.01.2025 18:00;18:00;2999,04
16.01.2025 19:00;19:00;2999,01
16.01.2025 20:00;20:00;2450
16.01.2025 21:00;21:00;2899,99
16.01.2025 22:00;22:00;2721,15
16.01.2025 23:00;23:00;2800
17.01.2025 00:00;00:00;2870
17.01.2025 01:00;01:00;2700
17.01.2025 02:00;02:00;2700
17.01.2025 03:00;03:00;2700
17.01.2025 04:00;04:00;2700
17.01.2025 05:00;05:00;2700
17.01.2025 06:00;06:00;2589,99
17.01.2025 07:00;07:00;2549,99
17.01.2025 08:00;08:00;2999,07
17.01.2025 09:00;09:00;3000
17.01.2025 10:00;10:00;2999,03
17.01.2025 11:00;11:00;2999
17.01.2025 12:00;12:00;1154
17.01.2025 13:00;13:00;800
17.01.2025 14:00;14:00;944
17.01.2025 15:00;15:00;800
17.01.2025 16:00;16:00;1797
17.01.2025 17:00;17:00;3000
17.01.2025 18:00;18:00;3000
17.01.2025 19:00;19:00;3000
17.01.2025 20:00;20:00;2999,04
17.01.2025 21:00;21:00;2999,2
17.01.2025 22:00;22:00;2799,99
17.01.2025 23:00;23:00;2870,91
18.01.2025 00:00;00:00;2666,4
18.01.2025 01:00;01:00;2666,4
18.01.2025 02:00;02:00;1144
18.01.2025 03:00;03:00;800
18.01.2025 04:00;04:00;800
18.01.2025 05:00;05:00;2349,98
18.01.2025 06:00;06:00;2700
18.01.2025 07:00;07:00;2850
18.01.2025 08:00;08:00;1281
18.01.2025 09:00;09:00;1284
18.01.2025 10:00;10:00;720
18.01.2025 11:00;11:00;720
18.01.2025 12:00;12:00;699,98
18.01.2025 13:00;13:00;699,99
18.01.2025 14:00;14:00;720
18.01.2025 15:00;15:00;699,99
18.01.2025 16:00;16:00;800
18.01.2025 17:00;17:00;1444
18.01.2025 18:00;18:00;2850
18.01.2025 19:00;19:00;2850
18.01.2025 20:00;20:00;2151,12
18.01.2025 21:00;21:00;2700
18.01.2025 22:00;22:00;2424,01
18.01.2025 23:00;23:00;1144
19.01.2025 00:00;00:00;1551
19.01.2025 01:00;01:00;1416
19.01.2025 02:00;02:00;800
19.01.2025 03:00;03:00;1551
19.01.2025 04:00;04:00;1551
19.01.2025 05:00;05:00;1799,98
19.01.2025 06:00;06:00;2700
19.01.2025 07:00;07:00;2998
19.01.2025 08:00;08:00;2800
19.01.2025 09:00;09:00;800
19.01.2025 10:00;10:00;600
19.01.2025 11:00;11:00;1,37
19.01.2025 12:00;12:00;1,36
19.01.2025 13:00;13:00;1,39
19.01.2025 14:00;14:00;1,39
19.01.2025 15:00;15:00;699,99
19.01.2025 16:00;16:00;2371,98
19.01.2025 17:00;17:00;2998
19.01.2025 18:00;18:00;2999,2
19.01.2025 19:00;19:00;2955
19.01.2025 20:00;20:00;1551
19.01.2025 21:00;21:00;900
19.01.2025 22:00;22:00;700
19.01.2025 23:00;23:00;1394,99
20.01.2025 00:00;00:00;700
20.01.2025 01:00;01:00;700
20.01.2025 02:00;02:00;675
20.01.2025 03:00;03:00;699,99
20.01.2025 04:00;04:00;700
20.01.2025 05:00;05:00;699,99
20.01.2025 06:00;06:00;700
20.01.2025 07:00;07:00;700
20.01.2025 08:00;08:00;3000
20.01.2025 09:00;09:00;3000
20.01.2025 10:00;10:00;750
20.01.2025 11:00;11:00;700
20.01.2025 12:00;12:00;700
20.01.2025 13:00;13:00;700
20.01.2025 14:00;14:00;700
20.01.2025 15:00;15:00;699,99
20.01.2025 16:00;16:00;2999,2
20.01.2025 17:00;17:00;3000
20.01.2025 18:00;18:00;2999,81
20.01.2025 19:00;19:00;2999,32
20.01.2025 20:00;20:00;2999,2
20.01.2025 21:00;21:00;2999,22
20.01.2025 22:00;22:00;2700
20.01.2025 23:00;23:00;2421
21.01.2025 00:00;00:00;2800
21.01.2025 01:00;01:00;2850
21.01.2025 02:00;02:00;2797
21.01.2025 03:00;03:00;2650
21.01.2025 04:00;04:00;2597
21.01.2025 05:00;05:00;2547,01
21.01.2025 06:00;06:00;2623,69
21.01.2025 07:00;07:00;1803
21.01.2025 08:00;08:00;3000
21.01.2025 09:00;09:00;2400
21.01.2025 10:00;10:00;1677
21.01.2025 11:00;11:00;1444
21.01.2025 12:00;12:00;1803
21.01.2025 13:00;13:00;1914,98
21.01.2025 14:00;14:00;2650
21.01.2025 15:00;15:00;1803
21.01.2025 16:00;16:00;2999,99
21.01.2025 17:00;17:00;3000
21.01.2025 18:00;18:00;3000
21.01.2025 19:00;19:00;2980
21.01.2025 20:00;20:00;2999
21.01.2025 21:00;21:00;2999
21.01.2025 22:00;22:00;2650
21.01.2025 23:00;23:00;2500
22.01.2025 00:00;00:00;1651
22.01.2025 01:00;01:00;1444
22.01.2025 02:00;02:00;800
22.01.2025 03:00;03:00;944
22.01.2025 04:00;04:00;944
22.01.2025 05:00;05:00;1807
22.01.2025 06:00;06:00;2147,99
22.01.2025 07:00;07:00;1807
22.01.2025 08:00;08:00;1807
22.01.2025 09:00;09:00;2999
22.01.2025 10:00;10:00;2999,04
22.01.2025 11:00;11:00;2999,23
22.01.2025 12:00;12:00;2999,21
22.01.2025 13:00;13:00;2999,08
22.01.2025 14:00;14:00;2999,29
22.01.2025 15:00;15:00;2999,32
22.01.2025 16:00;16:00;3000
22.01.2025 17:00;17:00;3000
22.01.2025 18:00;18:00;3000
22.01.2025 19:00;19:00;2999,28
22.01.2025 20:00;20:00;2999,23
22.01.2025 21:00;21:00;2999,23
22.01.2025 22:00;22:00;2750,01
22.01.2025 23:00;23:00;2824,82
23.01.2025 00:00;00:00;2849,98
23.01.2025 01:00;01:00;2713,68
23.01.2025 02:00;02:00;1809
23.01.2025 03:00;03:00;1651
23.01.2025 04:00;04:00;1809
23.01.2025 05:00;05:00;1809
23.01.2025 06:00;06:00;2499,99
23.01.2025 07:00;07:00;2914,26
23.01.2025 08:00;08:00;3000
23.01.2025 09:00;09:00;3000
23.01.2025 10:00;10:00;3000
23.01.2025 11:00;11:00;2999,25
23.01.2025 12:00;12:00;2999,05
23.01.2025 13:00;13:00;2999,05
23.01.2025 14:00;14:00;2999,21
23.01.2025 15:00;15:00;2999,05
23.01.2025 16:00;16:00;3000
23.01.2025 17:00;17:00;3000
23.01.2025 18:00;18:00;3000
23.01.2025 19:00;19:00;2999,23
23.01.2025 20:00;20:00;2999,01
23.01.2025 21:00;21:00;2999
23.01.2025 22:00;22:00;1809
23.01.2025 23:00;23:00;2377,01
24.01.2025 00:00;00:00;2700
24.01.2025 01:00;01:00;2499,98
24.01.2025 02:00;02:00;2560,11
24.01.2025 03:00;03:00;2497,98
24.01.2025 04:00;04:00;2362
24.01.2025 05:00;05:00;2362
24.01.2025 06:00;06:00;2700
24.01.2025 07:00;07:00;2800
24.01.2025 08:00;08:00;3000
24.01.2025 09:00;09:00;3000
24.01.2025 10:00;10:00;2999,07
24.01.2025 11:00;11:00;2999,03
24.01.2025 12:00;12:00;2497
24.01.2025 13:00;13:00;2324,99
24.01.2025 14:00;14:00;2700
24.01.2025 15:00;15:00;2999
24.01.2025 16:00;16:00;2980
24.01.2025 17:00;17:00;3000
24.01.2025 18:00;18:00;3000
24.01.2025 19:00;19:00;3000
24.01.2025 20:00;20:00;2988
24.01.2025 21:00;21:00;3000
24.01.2025 22:00;22:00;2395,34
24.01.2025 23:00;23:00;1815
25.01.2025 00:00;00:00;1817
25.01.2025 01:00;01:00;1817
25.01.2025 02:00;02:00;2144,99
25.01.2025 03:00;03:00;2199,98
25.01.2025 04:00;04:00;1817
25.01.2025 05:00;05:00;1817
25.01.2025 06:00;06:00;1817
25.01.2025 07:00;07:00;1817
25.01.2025 08:00;08:00;1817
25.01.2025 09:00;09:00;1736
25.01.2025 10:00;10:00;1736
25.01.2025 11:00;11:00;1736
25.01.2025 12:00;12:00;1736
25.01.2025 13:00;13:00;1736
25.01.2025 14:00;14:00;1808,66
25.01.2025 15:00;15:00;1817
25.01.2025 16:00;16:00;2850
25.01.2025 17:00;17:00;3000
25.01.2025 18:00;18:00;3000
25.01.2025 19:00;19:00;3000
25.01.2025 20:00;20:00;2999,03
25.01.2025 21:00;21:00;2999,04
25.01.2025 22:00;22:00;2747,99
25.01.2025 23:00;23:00;2947
26.01.2025 00:00;00:00;2999
26.01.2025 01:00;01:00;2999
26.01.2025 02:00;02:00;2850
26.01.2025 03:00;03:00;2700
26.01.2025 04:00;04:00;2407,53
26.01.2025 05:00;05:00;2305
26.01.2025 06:00;06:00;2671,4
26.01.2025 07:00;07:00;2999
26.01.2025 08:00;08:00;2470,01
26.01.2025 09:00;09:00;1090
26.01.2025 10:00;10:00;675
26.01.2025 11:00;11:00;675
26.01.2025 12:00;12:00;600
26.01.2025 13:00;13:00;600
26.01.2025 14:00;14:00;600
26.01.2025 15:00;15:00;600
26.01.2025 16:00;16:00;1827
26.01.2025 17:00;17:00;3000
26.01.2025 18:00;18:00;3000
26.01.2025 19:00;19:00;3000
26.01.2025 20:00;20:00;3000
26.01.2025 21:00;21:00;3000
26.01.2025 22:00;22:00;2999
26.01.2025 23:00;23:00;2430
27.01.2025 00:00;00:00;1876
27.01.2025 01:00;01:00;1876
27.01.2025 02:00;02:00;2120,33
27.01.2025 03:00;03:00;1827
27.01.2025 04:00;04:00;1827
27.01.2025 05:00;05:00;1923,1
27.01.2025 06:00;06:00;1961
27.01.2025 07:00;07:00;2602
27.01.2025 08:00;08:00;3000
27.01.2025 09:00;09:00;3000
27.01.2025 10:00;10:00;2999,04
27.01.2025 11:00;11:00;2999,04
27.01.2025 12:00;12:00;2208,99
27.01.2025 13:00;13:00;2472,33
27.01.2025 14:00;14:00;2748,33
27.01.2025 15:00;15:00;2550,01
27.01.2025 16:00;16:00;3000
27.01.2025 17:00;17:00;3000
27.01.2025 18:00;18:00;3000
27.01.2025 19:00;19:00;3000
27.01.2025 20:00;20:00;3000
27.01.2025 21:00;21:00;3000
27.01.2025 22:00;22:00;2108,34
27.01.2025 23:00;23:00;1938
28.01.2025 00:00;00:00;2511,79
28.01.2025 01:00;01:00;1830
28.01.2025 02:00;02:00;1830
28.01.2025 03:00;03:00;1830
28.01.2025 04:00;04:00;1088
28.01.2025 05:00;05:00;1830
28.01.2025 06:00;06:00;1830
28.01.2025 07:00;07:00;2598
28.01.2025 08:00;08:00;3000
28.01.2025 09:00;09:00;2598
28.01.2025 10:00;10:00;1681,49
28.01.2025 11:00;11:00;1749,98
28.01.2025 12:00;12:00;1148,2
28.01.2025 13:00;13:00;750
28.01.2025 14:00;14:00;750
28.01.2025 15:00;15:00;600
28.01.2025 16:00;16:00;1467
28.01.2025 17:00;17:00;2602
28.01.2025 18:00;18:00;3000
28.01.2025 19:00;19:00;3000
28.01.2025 20:00;20:00;2936,05
28.01.2025 21:00;21:00;2700
28.01.2025 22:00;22:00;1651
28.01.2025 23:00;23:00;1651
29.01.2025 00:00;00:00;2518,38
29.01.2025 01:00;01:00;2666,4
29.01.2025 02:00;02:00;2530,05
29.01.2025 03:00;03:00;2495
29.01.2025 04:00;04:00;2149,99
29.01.2025 05:00;05:00;2190
29.01.2025 06:00;06:00;2250
29.01.2025 07:00;07:00;2563,44
29.01.2025 08:00;08:00;3000
29.01.2025 09:00;09:00;2518,38
29.01.2025 10:00;10:00;675
29.01.2025 11:00;11:00;600
29.01.2025 12:00;12:00;450
29.01.2025 13:00;13:00;599,99
29.01.2025 14:00;14:00;600
29.01.2025 15:00;15:00;600
29.01.2025 16:00;16:00;1508
29.01.2025 17:00;17:00;3000
29.01.2025 18:00;18:00;3000
29.01.2025 19:00;19:00;3000
29.01.2025 20:00;20:00;2999,01
29.01.2025 21:00;21:00;2999,02
29.01.2025 22:00;22:00;2650
29.01.2025 23:00;23:00;2750
30.01.2025 00:00;00:00;2816,41
30.01.2025 01:00;01:00;2671,51
30.01.2025 02:00;02:00;2517,3
30.01.2025 03:00;03:00;2374,99
30.01.2025 04:00;04:00;2270
30.01.2025 05:00;05:00;2524,38
30.01.2025 06:00;06:00;2547,99
30.01.2025 07:00;07:00;2864,5
30.01.2025 08:00;08:00;3000
30.01.2025 09:00;09:00;3000
30.01.2025 10:00;10:00;1600
30.01.2025 11:00;11:00;1451
30.01.2025 12:00;12:00;600
30.01.2025 13:00;13:00;2438,38
30.01.2025 14:00;14:00;2650
30.01.2025 15:00;15:00;2747,99
30.01.2025 16:00;16:00;2999,04
30.01.2025 17:00;17:00;3000
30.01.2025 18:00;18:00;3000
30.01.2025 19:00;19:00;3000
30.01.2025 20:00;20:00;3000
30.01.2025 21:00;21:00;3000
30.01.2025 22:00;22:00;3000
30.01.2025 23:00;23:00;2999,03
31.01.2025 00:00;00:00;2999,05
31.01.2025 01:00;01:00;2999
31.01.2025 02:00;02:00;2790,93
31.01.2025 03:00;03:00;2666,4
31.01.2025 04:00;04:00;1881
31.01.2025 05:00;05:00;2666,4
31.01.2025 06:00;06:00;2826,4
31.01.2025 07:00;07:00;3000
31.01.2025 08:00;08:00;3000
31.01.2025 09:00;09:00;3000
31.01.2025 10:00;10:00;2613,39
31.01.2025 11:00;11:00;2466,39
31.01.2025 12:00;12:00;1799,98
31.01.2025 13:00;13:00;600
31.01.2025 14:00;14:00;1830
31.01.2025 15:00;15:00;1830
31.01.2025 16:00;16:00;1830
31.01.2025 17:00;17:00;2900
31.01.2025 18:00;18:00;3000
31.01.2025 19:00;19:00;3000
31.01.2025 20:00;20:00;3000
31.01.2025 21:00;21:00;3000
31.01.2025 22:00;22:00;2898,99
31.01.2025 23:00;23:00;2518
01.02.2025 00:00;00:00;1950
01.02.2025 01:00;01:00;1950
01.02.2025 02:00;02:00;2000
01.02.2025 03:00;03:00;1950
01.02.2025 04:00;04:00;1950
01.02.2025 05:00;05:00;1950
01.02.2025 06:00;06:00;1950
01.02.2025 07:00;07:00;2400
01.02.2025 08:00;08:00;2400
01.02.2025 09:00;09:00;1780
01.02.2025 10:00;10:00;800
01.02.2025 11:00;11:00;800
01.02.2025 12:00;12:00;575
01.02.2025 13:00;13:00;500
01.02.2025 14:00;14:00;750
01.02.2025 15:00;15:00;550
01.02.2025 16:00;16:00;800
01.02.2025 17:00;17:00;1780
01.02.2025 18:00;18:00;3000
01.02.2025 19:00;19:00;3000
01.02.2025 20:00;20:00;2999
01.02.2025 21:00;21:00;2989,99
01.02.2025 22:00;22:00;1551
01.02.2025 23:00;23:00;1136
02.02.2025 00:00;00:00;1551
02.02.2025 01:00;01:00;1551
02.02.2025 02:00;02:00;2160,01
02.02.2025 03:00;03:00;2191
02.02.2025 04:00;04:00;1331
02.02.2025 05:00;05:00;1000
02.02.2025 06:00;06:00;1000
02.02.2025 07:00;07:00;1159
02.02.2025 08:00;08:00;675
02.02.2025 09:00;09:00;675
02.02.2025 10:00;10:00;600
02.02.2025 11:00;11:00;675
02.02.2025 12:00;12:00;450
02.02.2025 13:00;13:00;1000
02.02.2025 14:00;14:00;600
02.02.2025 15:00;15:00;1345,62
02.02.2025 16:00;16:00;800
02.02.2025 17:00;17:00;1551
02.02.2025 18:00;18:00;3000
02.02.2025 19:00;19:00;3000
02.02.2025 20:00;20:00;2723
02.02.2025 21:00;21:00;2831
02.02.2025 22:00;22:00;2400,02
02.02.2025 23:00;23:00;2108,9
03.02.2025 00:00;00:00;1999,99
03.02.2025 01:00;01:00;1935
03.02.2025 02:00;02:00;1780
03.02.2025 03:00;03:00;1780
03.02.2025 04:00;04:00;1780
03.02.2025 05:00;05:00;1780
03.02.2025 06:00;06:00;1780
03.02.2025 07:00;07:00;2990
03.02.2025 08:00;08:00;3000
03.02.2025 09:00;09:00;2999,23
03.02.2025 10:00;10:00;2945,77
03.02.2025 11:00;11:00;1860,12
03.02.2025 12:00;12:00;800
03.02.2025 13:00;13:00;1780
03.02.2025 14:00;14:00;1780
03.02.2025 15:00;15:00;1780
03.02.2025 16:00;16:00;1780
03.02.2025 17:00;17:00;3000
03.02.2025 18:00;18:00;3000
03.02.2025 19:00;19:00;3000
03.02.2025 20:00;20:00;2999,01
03.02.2025 21:00;21:00;2950,01
03.02.2025 22:00;22:00;2469,98
03.02.2025 23:00;23:00;1780
04.02.2025 00:00;00:00;2700
04.02.2025 01:00;01:00;1812
04.02.2025 02:00;02:00;1812
04.02.2025 03:00;03:00;1812
04.02.2025 04:00;04:00;1551
04.02.2025 05:00;05:00;1812
04.02.2025 06:00;06:00;2049,98
04.02.2025 07:00;07:00;2700
04.02.2025 08:00;08:00;2999,01
04.02.2025 09:00;09:00;2999
04.02.2025 10:00;10:00;2000
04.02.2025 11:00;11:00;1651
04.02.2025 12:00;12:00;1199,98
04.02.2025 13:00;13:00;1812
04.02.2025 14:00;14:00;2550
04.02.2025 15:00;15:00;2800,01
04.02.2025 16:00;16:00;2999,01
04.02.2025 17:00;17:00;2999,04
04.02.2025 18:00;18:00;2999
04.02.2025 19:00;19:00;2598,01
04.02.2025 20:00;20:00;2454,99
04.02.2025 21:00;21:00;2959,17
04.02.2025 22:00;22:00;2588
04.02.2025 23:00;23:00;1812
05.02.2025 00:00;00:00;2450
05.02.2025 01:00;01:00;2471,96
05.02.2025 02:00;02:00;1999,98
05.02.2025 03:00;03:00;2350
05.02.2025 04:00;04:00;2350,01
05.02.2025 05:00;05:00;2498
05.02.2025 06:00;06:00;2530,05
05.02.2025 07:00;07:00;2700
05.02.2025 08:00;08:00;2995
05.02.2025 09:00;09:00;2999,03
05.02.2025 10:00;10:00;2999,04
05.02.2025 11:00;11:00;2999,03
05.02.2025 12:00;12:00;2999
05.02.2025 13:00;13:00;2999
05.02.2025 14:00;14:00;2999,04
05.02.2025 15:00;15:00;2999,06
05.02.2025 16:00;16:00;2999,06
05.02.2025 17:00;17:00;2999,21
05.02.2025 18:00;18:00;2999,03
05.02.2025 19:00;19:00;2999,01
05.02.2025 20:00;20:00;2995
05.02.2025 21:00;21:00;2995
05.02.2025 22:00;22:00;2700
05.02.2025 23:00;23:00;2700
06.02.2025 00:00;00:00;2560,71
06.02.2025 01:00;01:00;2598
06.02.2025 02:00;02:00;2530,05
06.02.2025 03:00;03:00;2530,05
06.02.2025 04:00;04:00;2530,05
06.02.2025 05:00;05:00;2393,7
06.02.2025 06:00;06:00;2530,05
06.02.2025 07:00;07:00;2530,05
06.02.2025 08:00;08:00;2999
06.02.2025 09:00;09:00;2999,04
06.02.2025 10:00;10:00;2999,02
06.02.2025 11:00;11:00;2700
06.02.2025 12:00;12:00;2413
06.02.2025 13:00;13:00;2498
06.02.2025 14:00;14:00;1747
06.02.2025 15:00;15:00;1747
06.02.2025 16:00;16:00;1747
06.02.2025 17:00;17:00;2975,05
06.02.2025 18:00;18:00;2400
06.02.2025 19:00;19:00;2825,04
06.02.2025 20:00;20:00;2769,17
06.02.2025 21:00;21:00;2725,05
06.02.2025 22:00;22:00;2530,05
06.02.2025 23:00;23:00;2530,05
07.02.2025 00:00;00:00;1601
07.02.2025 01:00;01:00;2393,7
07.02.2025 02:00;02:00;2530,05
07.02.2025 03:00;03:00;2393,7
07.02.2025 04:00;04:00;2393,7
07.02.2025 05:00;05:00;2530,05
07.02.2025 06:00;06:00;2530,05
07.02.2025 07:00;07:00;2530,05
07.02.2025 08:00;08:00;2999,02
07.02.2025 09:00;09:00;2999,08
07.02.2025 10:00;10:00;2999
07.02.2025 11:00;11:00;2947
07.02.2025 12:00;12:00;2530,05
07.02.2025 13:00;13:00;1747
07.02.2025 14:00;14:00;2947
07.02.2025 15:00;15:00;2947
07.02.2025 16:00;16:00;2999
07.02.2025 17:00;17:00;2999,04
07.02.2025 18:00;18:00;2999
07.02.2025 19:00;19:00;2925,06
07.02.2025 20:00;20:00;2354,64
07.02.2025 21:00;21:00;1747
07.02.2025 22:00;22:00;1747
07.02.2025 23:00;23:00;1989,01
08.02.2025 00:00;00:00;2530,05
08.02.2025 01:00;01:00;2530,05
08.02.2025 02:00;02:00;2530,05
08.02.2025 03:00;03:00;2458
08.02.2025 04:00;04:00;2249,99
08.02.2025 05:00;05:00;2393,7
08.02.2025 06:00;06:00;2530,05
08.02.2025 07:00;07:00;2542
08.02.2025 08:00;08:00;2269,91
08.02.2025 09:00;09:00;2700
08.02.2025 10:00;10:00;2688
08.02.2025 11:00;11:00;2458
08.02.2025 12:00;12:00;2124,99
08.02.2025 13:00;13:00;2498
08.02.2025 14:00;14:00;2530,05
08.02.2025 15:00;15:00;2598
08.02.2025 16:00;16:00;2530,05
08.02.2025 17:00;17:00;2623,71
08.02.2025 18:00;18:00;2824,06
08.02.2025 19:00;19:00;2808,39
08.02.2025 20:00;20:00;2700
08.02.2025 21:00;21:00;2600
08.02.2025 22:00;22:00;2250,01
08.02.2025 23:00;23:00;2249,97
09.02.2025 00:00;00:00;2531,37
09.02.2025 01:00;01:00;2530,05
09.02.2025 02:00;02:00;2047,99
09.02.2025 03:00;03:00;1999,98
09.02.2025 04:00;04:00;2250
09.02.2025 05:00;05:00;2250
09.02.2025 06:00;06:00;2720,04
09.02.2025 07:00;07:00;2821,39
09.02.2025 08:00;08:00;2621,38
09.02.2025 09:00;09:00;2530,05
09.02.2025 10:00;10:00;1749,97
09.02.2025 11:00;11:00;1699,99
09.02.2025 12:00;12:00;1113,63
09.02.2025 13:00;13:00;1800
09.02.2025 14:00;14:00;2530,05
09.02.2025 15:00;15:00;2847
09.02.2025 16:00;16:00;2847
09.02.2025 17:00;17:00;2824,05
09.02.2025 18:00;18:00;2887
09.02.2025 19:00;19:00;2944
09.02.2025 20:00;20:00;2949,01
09.02.2025 21:00;21:00;2849
09.02.2025 22:00;22:00;2458
09.02.2025 23:00;23:00;1747
10.02.2025 00:00;00:00;1747
10.02.2025 01:00;01:00;1747
10.02.2025 02:00;02:00;2200
10.02.2025 03:00;03:00;2230,99
10.02.2025 04:00;04:00;2125
10.02.2025 05:00;05:00;2249,99
10.02.2025 06:00;06:00;2530,05
10.02.2025 07:00;07:00;2530,05
10.02.2025 08:00;08:00;2999,02
10.02.2025 09:00;09:00;2999,05
10.02.2025 10:00;10:00;2999,01
10.02.2025 11:00;11:00;2948
10.02.2025 12:00;12:00;2497,01
10.02.2025 13:00;13:00;2846,33
10.02.2025 14:00;14:00;2950
10.02.2025 15:00;15:00;2999,01
10.02.2025 16:00;16:00;2999,03
10.02.2025 17:00;17:00;2999,2
10.02.2025 18:00;18:00;2999,21
10.02.2025 19:00;19:00;2999,06
10.02.2025 20:00;20:00;2999,04
10.02.2025 21:00;21:00;2999,02
10.02.2025 22:00;22:00;2353
10.02.2025 23:00;23:00;2440,33
11.02.2025 00:00;00:00;2700
11.02.2025 01:00;01:00;2714,11
11.02.2025 02:00;02:00;2649
11.02.2025 03:00;03:00;2530,05
11.02.2025 04:00;04:00;2530,05
11.02.2025 05:00;05:00;2530,05
11.02.2025 06:00;06:00;2649
11.02.2025 07:00;07:00;2999,02
11.02.2025 08:00;08:00;2999,09
11.02.2025 09:00;09:00;2999,29
11.02.2025 10:00;10:00;2999,22
11.02.2025 11:00;11:00;2999,02
11.02.2025 12:00;12:00;2700
11.02.2025 13:00;13:00;2949,99
11.02.2025 14:00;14:00;2999,04
11.02.2025 15:00;15:00;2999,06
11.02.2025 16:00;16:00;2999,04
11.02.2025 17:00;17:00;2999,05
11.02.2025 18:00;18:00;2999,05
11.02.2025 19:00;19:00;2999,04
11.02.2025 20:00;20:00;2999,03
11.02.2025 21:00;21:00;2999,01
11.02.2025 22:00;22:00;1747
11.02.2025 23:00;23:00;2800
12.02.2025 00:00;00:00;1179
12.02.2025 01:00;01:00;2066,34
12.02.2025 02:00;02:00;2208
12.02.2025 03:00;03:00;750
12.02.2025 04:00;04:00;675
12.02.2025 05:00;05:00;675
12.02.2025 06:00;06:00;2530,05
12.02.2025 07:00;07:00;2400
12.02.2025 08:00;08:00;2999,2
12.02.2025 09:00;09:00;2999,26
12.02.2025 10:00;10:00;2896,34
12.02.2025 11:00;11:00;1747
12.02.2025 12:00;12:00;2416,34
12.02.2025 13:00;13:00;2416,34
12.02.2025 14:00;14:00;2907
12.02.2025 15:00;15:00;2881,07
12.02.2025 16:00;16:00;2700
12.02.2025 17:00;17:00;2351
12.02.2025 18:00;18:00;1747
12.02.2025 19:00;19:00;2790
12.02.2025 20:00;20:00;1747
12.02.2025 21:00;21:00;2790
12.02.2025 22:00;22:00;2887
12.02.2025 23:00;23:00;2649
13.02.2025 00:00;00:00;2450
13.02.2025 01:00;01:00;2450
13.02.2025 02:00;02:00;2443,35
13.02.2025 03:00;03:00;2330,99
13.02.2025 04:00;04:00;2486,3
13.02.2025 05:00;05:00;2530,05
13.02.2025 06:00;06:00;2700
13.02.2025 07:00;07:00;2530,05
13.02.2025 08:00;08:00;1747
13.02.2025 09:00;09:00;2999,23
13.02.2025 10:00;10:00;2999,2
13.02.2025 11:00;11:00;2899
13.02.2025 12:00;12:00;1054
13.02.2025 13:00;13:00;1204
13.02.2025 14:00;14:00;1747
13.02.2025 15:00;15:00;1000
13.02.2025 16:00;16:00;1551
13.02.2025 17:00;17:00;2949,99
13.02.2025 18:00;18:00;2100
13.02.2025 19:00;19:00;2000
13.02.2025 20:00;20:00;1747
13.02.2025 21:00;21:00;1747
13.02.2025 22:00;22:00;1747
13.02.2025 23:00;23:00;2255,08
14.02.2025 00:00;00:00;2700
14.02.2025 01:00;01:00;2796,63
14.02.2025 02:00;02:00;2530,05
14.02.2025 03:00;03:00;2224,99
14.02.2025 04:00;04:00;2224,98
14.02.2025 05:00;05:00;2530,05
14.02.2025 06:00;06:00;2600
14.02.2025 07:00;07:00;2888
14.02.2025 08:00;08:00;2999,25
14.02.2025 09:00;09:00;2999,2
14.02.2025 10:00;10:00;1747
14.02.2025 11:00;11:00;800
14.02.2025 12:00;12:00;2224,99
14.02.2025 13:00;13:00;650
14.02.2025 14:00;14:00;2300
14.02.2025 15:00;15:00;2355
14.02.2025 16:00;16:00;1747
14.02.2025 17:00;17:00;2960
14.02.2025 18:00;18:00;2999,4
14.02.2025 19:00;19:00;2999,23
14.02.2025 20:00;20:00;2948,89
14.02.2025 21:00;21:00;2700
14.02.2025 22:00;22:00;2774,99
14.02.2025 23:00;23:00;2700
15.02.2025 00:00;00:00;2999
15.02.2025 01:00;01:00;2947
15.02.2025 02:00;02:00;2847
15.02.2025 03:00;03:00;2700
15.02.2025 04:00;04:00;2700
15.02.2025 05:00;05:00;2700
15.02.2025 06:00;06:00;2827,57
15.02.2025 07:00;07:00;2999
15.02.2025 08:00;08:00;2980
15.02.2025 09:00;09:00;2700
15.02.2025 10:00;10:00;2550
15.02.2025 11:00;11:00;2550
15.02.2025 12:00;12:00;2499
15.02.2025 13:00;13:00;2382,99
15.02.2025 14:00;14:00;1051
15.02.2025 15:00;15:00;675
15.02.2025 16:00;16:00;1051
15.02.2025 17:00;17:00;2980
15.02.2025 18:00;18:00;3000
15.02.2025 19:00;19:00;3000
15.02.2025 20:00;20:00;2999,02
15.02.2025 21:00;21:00;2999,01
15.02.2025 22:00;22:00;2947
15.02.2025 23:00;23:00;2784
16.02.2025 00:00;00:00;2700
16.02.2025 01:00;01:00;1999,99
16.02.2025 02:00;02:00;2525
16.02.2025 03:00;03:00;2700
16.02.2025 04:00;04:00;2900
16.02.2025 05:00;05:00;2900
16.02.2025 06:00;06:00;2987
16.02.2025 07:00;07:00;2991
16.02.2025 08:00;08:00;2541,88
16.02.2025 09:00;09:00;675
16.02.2025 10:00;10:00;649,99
16.02.2025 11:00;11:00;650
16.02.2025 12:00;12:00;450
16.02.2025 13:00;13:00;649,99
16.02.2025 14:00;14:00;650
16.02.2025 15:00;15:00;649,99
16.02.2025 16:00;16:00;700
16.02.2025 17:00;17:00;1747
16.02.2025 18:00;18:00;2700
16.02.2025 19:00;19:00;3000
16.02.2025 20:00;20:00;2653
16.02.2025 21:00;21:00;2633,01
16.02.2025 22:00;22:00;1747
16.02.2025 23:00;23:00;1747
17.02.2025 00:00;00:00;1747
17.02.2025 01:00;01:00;1999,98
17.02.2025 02:00;02:00;2374,99
17.02.2025 03:00;03:00;2224,99
17.02.2025 04:00;04:00;2224,99
17.02.2025 05:00;05:00;2244,99
17.02.2025 06:00;06:00;1551
17.02.2025 07:00;07:00;2883,99
17.02.2025 08:00;08:00;3000
17.02.2025 09:00;09:00;1614
17.02.2025 10:00;10:00;1238
17.02.2025 11:00;11:00;1000
17.02.2025 12:00;12:00;649,99
17.02.2025 13:00;13:00;650
17.02.2025 14:00;14:00;2666,4
17.02.2025 15:00;15:00;2790
17.02.2025 16:00;16:00;2884
17.02.2025 17:00;17:00;3000
17.02.2025 18:00;18:00;2999,04
17.02.2025 19:00;19:00;2999,2
17.02.2025 20:00;20:00;2999,02
17.02.2025 21:00;21:00;2999
17.02.2025 22:00;22:00;2666,4
17.02.2025 23:00;23:00;2666,4
18.02.2025 00:00;00:00;2800
18.02.2025 01:00;01:00;2763,63
18.02.2025 02:00;02:00;2666,4
18.02.2025 03:00;03:00;2350,01
18.02.2025 04:00;04:00;2331
18.02.2025 05:00;05:00;2412,01
18.02.2025 06:00;06:00;2549,99
18.02.2025 07:00;07:00;1747
18.02.2025 08:00;08:00;2000
18.02.2025 09:00;09:00;2998
18.02.2025 10:00;10:00;2999
18.02.2025 11:00;11:00;2999,02
18.02.2025 12:00;12:00;2816,41
18.02.2025 13:00;13:00;2976,4
18.02.2025 14:00;14:00;2999,03
18.02.2025 15:00;15:00;2999,02
18.02.2025 16:00;16:00;2999,02
18.02.2025 17:00;17:00;2999,01
18.02.2025 18:00;18:00;1747
18.02.2025 19:00;19:00;2071
18.02.2025 20:00;20:00;1747
18.02.2025 21:00;21:00;1747
18.02.2025 22:00;22:00;1883,77
18.02.2025 23:00;23:00;1747
19.02.2025 00:00;00:00;2706,41
19.02.2025 01:00;01:00;2750
19.02.2025 02:00;02:00;2455
19.02.2025 03:00;03:00;2489,98
19.02.2025 04:00;04:00;2077,77
19.02.2025 05:00;05:00;1717
19.02.2025 06:00;06:00;1717
19.02.2025 07:00;07:00;1460
19.02.2025 08:00;08:00;2850
19.02.2025 09:00;09:00;3000
19.02.2025 10:00;10:00;2999,02
19.02.2025 11:00;11:00;2924,51
19.02.2025 12:00;12:00;2537,68
19.02.2025 13:00;13:00;2800
19.02.2025 14:00;14:00;2999,02
19.02.2025 15:00;15:00;2999,02
19.02.2025 16:00;16:00;2999,03
19.02.2025 17:00;17:00;2999,04
19.02.2025 18:00;18:00;2999
19.02.2025 19:00;19:00;2948,12
19.02.2025 20:00;20:00;2800
19.02.2025 21:00;21:00;2800
19.02.2025 22:00;22:00;936
19.02.2025 23:00;23:00;936
20.02.2025 00:00;00:00;2725,41
20.02.2025 01:00;01:00;2550,04
20.02.2025 02:00;02:00;2328
20.02.2025 03:00;03:00;2328
20.02.2025 04:00;04:00;2239,98
20.02.2025 05:00;05:00;2489
20.02.2025 06:00;06:00;2504,99
20.02.2025 07:00;07:00;2736,01
20.02.2025 08:00;08:00;2999
20.02.2025 09:00;09:00;2999,02
20.02.2025 10:00;10:00;2800
20.02.2025 11:00;11:00;2666,4
20.02.2025 12:00;12:00;1497
20.02.2025 13:00;13:00;650
20.02.2025 14:00;14:00;1647
20.02.2025 15:00;15:00;1527
20.02.2025 16:00;16:00;1599
20.02.2025 17:00;17:00;2450
20.02.2025 18:00;18:00;2929
20.02.2025 19:00;19:00;2999
20.02.2025 20:00;20:00;2999
20.02.2025 21:00;21:00;2999
20.02.2025 22:00;22:00;2889
20.02.2025 23:00;23:00;2889
21.02.2025 00:00;00:00;2875
21.02.2025 01:00;01:00;2725,25
21.02.2025 02:00;02:00;2557,26
21.02.2025 03:00;03:00;2558,33
21.02.2025 04:00;04:00;2530,05
21.02.2025 05:00;05:00;2546,71
21.02.2025 06:00;06:00;2530,05
21.02.2025 07:00;07:00;2774,01
21.02.2025 08:00;08:00;2999
21.02.2025 09:00;09:00;2990
21.02.2025 10:00;10:00;1837
21.02.2025 11:00;11:00;1247
21.02.2025 12:00;12:00;1389,97
21.02.2025 13:00;13:00;670
21.02.2025 14:00;14:00;2300
21.02.2025 15:00;15:00;1837
21.02.2025 16:00;16:00;1586
21.02.2025 17:00;17:00;1647
21.02.2025 18:00;18:00;2550
21.02.2025 19:00;19:00;2926,4
21.02.2025 20:00;20:00;2975
21.02.2025 21:00;21:00;2788
21.02.2025 22:00;22:00;1888,77
21.02.2025 23:00;23:00;2666,4
22.02.2025 00:00;00:00;2666,4
22.02.2025 01:00;01:00;2534,52
22.02.2025 02:00;02:00;1699,99
22.02.2025 03:00;03:00;1999,98
22.02.2025 04:00;04:00;1889,98
22.02.2025 05:00;05:00;1889,98
22.02.2025 06:00;06:00;2530,05
22.02.2025 07:00;07:00;2702,83
22.02.2025 08:00;08:00;2974,52
22.02.2025 09:00;09:00;2550,05
22.02.2025 10:00;10:00;2139,98
22.02.2025 11:00;11:00;2337,97
22.02.2025 12:00;12:00;1600,54
22.02.2025 13:00;13:00;2666,4
22.02.2025 14:00;14:00;2666,4
22.02.2025 15:00;15:00;2530,05
22.02.2025 16:00;16:00;2530,05
22.02.2025 17:00;17:00;2530,05
22.02.2025 18:00;18:00;2999,2
22.02.2025 19:00;19:00;2999,4
22.02.2025 20:00;20:00;2999,29
22.02.2025 21:00;21:00;2999,26
22.02.2025 22:00;22:00;2700
22.02.2025 23:00;23:00;2666,4
23.02.2025 00:00;00:00;2635,16
23.02.2025 01:00;01:00;2666,4
23.02.2025 02:00;02:00;2999
23.02.2025 03:00;03:00;2999
23.02.2025 04:00;04:00;2947
23.02.2025 05:00;05:00;2999
23.02.2025 06:00;06:00;2999,02
23.02.2025 07:00;07:00;2945
23.02.2025 08:00;08:00;2530,05
23.02.2025 09:00;09:00;2393,7
23.02.2025 10:00;10:00;1753,63
23.02.2025 11:00;11:00;1753,63
23.02.2025 12:00;12:00;1800
23.02.2025 13:00;13:00;1800
23.02.2025 14:00;14:00;1800
23.02.2025 15:00;15:00;2393,7
23.02.2025 16:00;16:00;2530,05
23.02.2025 17:00;17:00;2530,05
23.02.2025 18:00;18:00;2947
23.02.2025 19:00;19:00;2999,29
23.02.2025 20:00;20:00;2999,26
23.02.2025 21:00;21:00;2999,24
23.02.2025 22:00;22:00;2999,2
23.02.2025 23:00;23:00;2999,02
24.02.2025 00:00;00:00;2666,4
24.02.2025 01:00;01:00;2530,05
24.02.2025 02:00;02:00;2462,99
24.02.2025 03:00;03:00;2393,7
24.02.2025 04:00;04:00;2393,7
24.02.2025 05:00;05:00;2530,05
24.02.2025 06:00;06:00;2575,03
24.02.2025 07:00;07:00;2967
24.02.2025 08:00;08:00;2999,29
24.02.2025 09:00;09:00;2999,27
24.02.2025 10:00;10:00;2948
24.02.2025 11:00;11:00;2601,62
24.02.2025 12:00;12:00;2127,33
24.02.2025 13:00;13:00;2400
24.02.2025 14:00;14:00;2400
24.02.2025 15:00;15:00;1847
24.02.2025 16:00;16:00;1564
24.02.2025 17:00;17:00;3000
24.02.2025 18:00;18:00;3000
24.02.2025 19:00;19:00;3000
24.02.2025 20:00;20:00;3000
24.02.2025 21:00;21:00;3000
24.02.2025 22:00;22:00;3000
24.02.2025 23:00;23:00;3000
25.02.2025 00:00;00:00;2999,02
25.02.2025 01:00;01:00;2826,39
25.02.2025 02:00;02:00;2600
25.02.2025 03:00;03:00;2591,57
25.02.2025 04:00;04:00;2514,01
25.02.2025 05:00;05:00;2635,67
25.02.2025 06:00;06:00;2800
25.02.2025 07:00;07:00;2999
25.02.2025 08:00;08:00;2999,02
25.02.2025 09:00;09:00;2999,05
25.02.2025 10:00;10:00;2999,04
25.02.2025 11:00;11:00;2999,01
25.02.2025 12:00;12:00;2800
25.02.2025 13:00;13:00;2729,68
25.02.2025 14:00;14:00;2915,92
25.02.2025 15:00;15:00;2999
25.02.2025 16:00;16:00;2999,01
25.02.2025 17:00;17:00;3000
25.02.2025 18:00;18:00;3000
25.02.2025 19:00;19:00;3000
25.02.2025 20:00;20:00;3000
25.02.2025 21:00;21:00;3000
25.02.2025 22:00;22:00;2999,03
25.02.2025 23:00;23:00;2999,02
26.02.2025 00:00;00:00;1957
26.02.2025 01:00;01:00;2575,05
26.02.2025 02:00;02:00;2549,66
26.02.2025 03:00;03:00;2429,99
26.02.2025 04:00;04:00;2375,99
26.02.2025 05:00;05:00;2620
26.02.2025 06:00;06:00;2883,86
26.02.2025 07:00;07:00;2999,23
26.02.2025 08:00;08:00;3000
26.02.2025 09:00;09:00;2999,63
26.02.2025 10:00;10:00;2999,26
26.02.2025 11:00;11:00;2175
26.02.2025 12:00;12:00;650
26.02.2025 13:00;13:00;649,99
26.02.2025 14:00;14:00;750
26.02.2025 15:00;15:00;1000
26.02.2025 16:00;16:00;1298
26.02.2025 17:00;17:00;2752
26.02.2025 18:00;18:00;3000
26.02.2025 19:00;19:00;3000
26.02.2025 20:00;20:00;3000
26.02.2025 21:00;21:00;3000
26.02.2025 22:00;22:00;2814,05
26.02.2025 23:00;23:00;2530,05
27.02.2025 00:00;00:00;2889,01
27.02.2025 01:00;01:00;2753,06
27.02.2025 02:00;02:00;1651
27.02.2025 03:00;03:00;2305
27.02.2025 04:00;04:00;851
27.02.2025 05:00;05:00;750
27.02.2025 06:00;06:00;1651
27.02.2025 07:00;07:00;2839,81
27.02.2025 08:00;08:00;3000
27.02.2025 09:00;09:00;1607
27.02.2025 10:00;10:00;901
27.02.2025 11:00;11:00;650
27.02.2025 12:00;12:00;575
27.02.2025 13:00;13:00;649,99
27.02.2025 14:00;14:00;750
27.02.2025 15:00;15:00;1000
27.02.2025 16:00;16:00;1000
27.02.2025 17:00;17:00;2299
27.02.2025 18:00;18:00;2101,11
27.02.2025 19:00;19:00;3000
27.02.2025 20:00;20:00;2550,01
27.02.2025 21:00;21:00;2549,9
27.02.2025 22:00;22:00;2440,3
27.02.2025 23:00;23:00;2555,06
28.02.2025 00:00;00:00;1957
28.02.2025 01:00;01:00;1957
28.02.2025 02:00;02:00;2249,98
28.02.2025 03:00;03:00;2159,01
28.02.2025 04:00;04:00;2409,01
28.02.2025 05:00;05:00;2700
28.02.2025 06:00;06:00;2666,4
28.02.2025 07:00;07:00;2999
28.02.2025 08:00;08:00;2698
28.02.2025 09:00;09:00;2698
28.02.2025 10:00;10:00;1957
28.02.2025 11:00;11:00;1751
28.02.2025 12:00;12:00;1651
28.02.2025 13:00;13:00;1651
28.02.2025 14:00;14:00;2529,01
28.02.2025 15:00;15:00;2691,77
28.02.2025 16:00;16:00;2850
28.02.2025 17:00;17:00;3000
28.02.2025 18:00;18:00;1751
28.02.2025 19:00;19:00;2439,01
28.02.2025 20:00;20:00;2788,77
28.02.2025 21:00;21:00;2800
28.02.2025 22:00;22:00;2800
28.02.2025 23:00;23:00;2846,61
01.03.2025 00:00;00:00;2822,41
01.03.2025 01:00;01:00;2800
01.03.2025 02:00;02:00;2666,4
01.03.2025 03:00;03:00;2776,39
01.03.2025 04:00;04:00;2844,78
01.03.2025 05:00;05:00;2950
01.03.2025 06:00;06:00;2850
01.03.2025 07:00;07:00;2399,98
01.03.2025 08:00;08:00;1742
01.03.2025 09:00;09:00;1501
01.03.2025 10:00;10:00;650
01.03.2025 11:00;11:00;649,99
01.03.2025 12:00;12:00;500
01.03.2025 13:00;13:00;649,99
01.03.2025 14:00;14:00;649,99
01.03.2025 15:00;15:00;1889,98
01.03.2025 16:00;16:00;2100
01.03.2025 17:00;17:00;2999,01
01.03.2025 18:00;18:00;2999,2
01.03.2025 19:00;19:00;2643,01
01.03.2025 20:00;20:00;2999
01.03.2025 21:00;21:00;2797
01.03.2025 22:00;22:00;1551
01.03.2025 23:00;23:00;1742
02.03.2025 00:00;00:00;1847
02.03.2025 01:00;01:00;1847
02.03.2025 02:00;02:00;1847
02.03.2025 03:00;03:00;2517,3
02.03.2025 04:00;04:00;2985
02.03.2025 05:00;05:00;2999
02.03.2025 06:00;06:00;2995
02.03.2025 07:00;07:00;1847
02.03.2025 08:00;08:00;1689,98
02.03.2025 09:00;09:00;600
02.03.2025 10:00;10:00;0
02.03.2025 11:00;11:00;0
02.03.2025 12:00;12:00;0
02.03.2025 13:00;13:00;1
02.03.2025 14:00;14:00;4
02.03.2025 15:00;15:00;1507,22
02.03.2025 16:00;16:00;2666,4
02.03.2025 17:00;17:00;2997
02.03.2025 18:00;18:00;2999,01
02.03.2025 19:00;19:00;2814,78
02.03.2025 20:00;20:00;2995
02.03.2025 21:00;21:00;1742
02.03.2025 22:00;22:00;1190
02.03.2025 23:00;23:00;884
03.03.2025 00:00;00:00;1073
03.03.2025 01:00;01:00;675
03.03.2025 02:00;02:00;650
03.03.2025 03:00;03:00;675
03.03.2025 04:00;04:00;2270
03.03.2025 05:00;05:00;1055
03.03.2025 06:00;06:00;2100
03.03.2025 07:00;07:00;750
03.03.2025 08:00;08:00;1757
03.03.2025 09:00;09:00;2944,99
03.03.2025 10:00;10:00;2400
03.03.2025 11:00;11:00;2625,06
03.03.2025 12:00;12:00;2550,01
03.03.2025 13:00;13:00;2666,4
03.03.2025 14:00;14:00;2829,11
03.03.2025 15:00;15:00;2874
03.03.2025 16:00;16:00;2995
03.03.2025 17:00;17:00;2843
03.03.2025 18:00;18:00;1757
03.03.2025 19:00;19:00;1757
03.03.2025 20:00;20:00;2749,99
03.03.2025 21:00;21:00;2682,4
03.03.2025 22:00;22:00;1301
03.03.2025 23:00;23:00;800
04.03.2025 00:00;00:00;2356,66
04.03.2025 01:00;01:00;2359
04.03.2025 02:00;02:00;2244,98
04.03.2025 03:00;03:00;2393,7
04.03.2025 04:00;04:00;2700
04.03.2025 05:00;05:00;2666,4
04.03.2025 06:00;06:00;2666,4
04.03.2025 07:00;07:00;2666,4
04.03.2025 08:00;08:00;2976,39
04.03.2025 09:00;09:00;2768,46
04.03.2025 10:00;10:00;1893,97
04.03.2025 11:00;11:00;1649,01
04.03.2025 12:00;12:00;650
04.03.2025 13:00;13:00;650
04.03.2025 14:00;14:00;650
04.03.2025 15:00;15:00;650
04.03.2025 16:00;16:00;2109,01
04.03.2025 17:00;17:00;1075
04.03.2025 18:00;18:00;1651
04.03.2025 19:00;19:00;1651
04.03.2025 20:00;20:00;2999
04.03.2025 21:00;21:00;2947
04.03.2025 22:00;22:00;2284
04.03.2025 23:00;23:00;2596,85
05.03.2025 00:00;00:00;2598,33
05.03.2025 01:00;01:00;2254,87
05.03.2025 02:00;02:00;2288,86
05.03.2025 03:00;03:00;2547,01
05.03.2025 04:00;04:00;2666,4
05.03.2025 05:00;05:00;2849
05.03.2025 06:00;06:00;2850
05.03.2025 07:00;07:00;2666,4
05.03.2025 08:00;08:00;2918,01
05.03.2025 09:00;09:00;1100,01
05.03.2025 10:00;10:00;650
05.03.2025 11:00;11:00;649,99
05.03.2025 12:00;12:00;600
05.03.2025 13:00;13:00;500
05.03.2025 14:00;14:00;600
05.03.2025 15:00;15:00;650
05.03.2025 16:00;16:00;649,99
05.03.2025 17:00;17:00;1651
05.03.2025 18:00;18:00;2650,01
05.03.2025 19:00;19:00;1909,01
05.03.2025 20:00;20:00;2999,2
05.03.2025 21:00;21:00;2999,02
05.03.2025 22:00;22:00;2605,8
05.03.2025 23:00;23:00;2700
06.03.2025 00:00;00:00;2450
06.03.2025 01:00;01:00;2400
06.03.2025 02:00;02:00;2349,46
06.03.2025 03:00;03:00;2349,46
06.03.2025 04:00;04:00;2530,05
06.03.2025 05:00;05:00;2800
06.03.2025 06:00;06:00;1787
06.03.2025 07:00;07:00;1651
06.03.2025 08:00;08:00;1647,99
06.03.2025 09:00;09:00;660
06.03.2025 10:00;10:00;1894,98
06.03.2025 11:00;11:00;1494,99
06.03.2025 12:00;12:00;660
06.03.2025 13:00;13:00;660
06.03.2025 14:00;14:00;750
06.03.2025 15:00;15:00;660
06.03.2025 16:00;16:00;660
06.03.2025 17:00;17:00;800
06.03.2025 18:00;18:00;1651
06.03.2025 19:00;19:00;1117
06.03.2025 20:00;20:00;1701
06.03.2025 21:00;21:00;1787
06.03.2025 22:00;22:00;660
06.03.2025 23:00;23:00;1651
07.03.2025 00:00;00:00;1787
07.03.2025 01:00;01:00;1787
07.03.2025 02:00;02:00;2245
07.03.2025 03:00;03:00;2500
07.03.2025 04:00;04:00;1787
07.03.2025 05:00;05:00;2135
07.03.2025 06:00;06:00;1787
07.03.2025 07:00;07:00;1651
07.03.2025 08:00;08:00;1651
07.03.2025 09:00;09:00;760,12
07.03.2025 10:00;10:00;600
07.03.2025 11:00;11:00;659,99
07.03.2025 12:00;12:00;400
07.03.2025 13:00;13:00;100
07.03.2025 14:00;14:00;659,99
07.03.2025 15:00;15:00;659,99
07.03.2025 16:00;16:00;659,99
07.03.2025 17:00;17:00;1000
07.03.2025 18:00;18:00;2000,01
07.03.2025 19:00;19:00;1651
07.03.2025 20:00;20:00;1900
07.03.2025 21:00;21:00;1799,01
07.03.2025 22:00;22:00;1787
07.03.2025 23:00;23:00;1787
08.03.2025 00:00;00:00;2148,01
08.03.2025 01:00;01:00;2099,98
08.03.2025 02:00;02:00;1847
08.03.2025 03:00;03:00;2398
08.03.2025 04:00;04:00;2599
08.03.2025 05:00;05:00;2000
08.03.2025 06:00;06:00;2622,7
08.03.2025 07:00;07:00;1651
08.03.2025 08:00;08:00;1894,98
08.03.2025 09:00;09:00;2530,05
08.03.2025 10:00;10:00;1650,01
08.03.2025 11:00;11:00;1419,85
08.03.2025 12:00;12:00;1394,99
08.03.2025 13:00;13:00;1255
08.03.2025 14:00;14:00;1710,87
08.03.2025 15:00;15:00;1250,01
08.03.2025 16:00;16:00;2000
08.03.2025 17:00;17:00;2599
08.03.2025 18:00;18:00;2999,2
08.03.2025 19:00;19:00;2999
08.03.2025 20:00;20:00;2999,2
08.03.2025 21:00;21:00;2999,01
08.03.2025 22:00;22:00;2800
08.03.2025 23:00;23:00;1847
09.03.2025 00:00;00:00;1651
09.03.2025 01:00;01:00;1708,12
09.03.2025 02:00;02:00;1351
09.03.2025 03:00;03:00;2398
09.03.2025 04:00;04:00;2800
09.03.2025 05:00;05:00;1847
09.03.2025 06:00;06:00;1651
09.03.2025 07:00;07:00;919
09.03.2025 08:00;08:00;600
09.03.2025 09:00;09:00;0
09.03.2025 10:00;10:00;0
09.03.2025 11:00;11:00;0
09.03.2025 12:00;12:00;0
09.03.2025 13:00;13:00;0
09.03.2025 14:00;14:00;0
09.03.2025 15:00;15:00;0
09.03.2025 16:00;16:00;1888,99
09.03.2025 17:00;17:00;2595,46
09.03.2025 18:00;18:00;2999,2
09.03.2025 19:00;19:00;2950
09.03.2025 20:00;20:00;2997,45
09.03.2025 21:00;21:00;2949,99
09.03.2025 22:00;22:00;1847
09.03.2025 23:00;23:00;1701
10.03.2025 00:00;00:00;1651
10.03.2025 01:00;01:00;1451
10.03.2025 02:00;02:00;1803
10.03.2025 03:00;03:00;1847
10.03.2025 04:00;04:00;1651
10.03.2025 05:00;05:00;1651
10.03.2025 06:00;06:00;1651
10.03.2025 07:00;07:00;1847
10.03.2025 08:00;08:00;2950
10.03.2025 09:00;09:00;1847
10.03.2025 10:00;10:00;660
10.03.2025 11:00;11:00;670
10.03.2025 12:00;12:00;550
10.03.2025 13:00;13:00;659,99
10.03.2025 14:00;14:00;600
10.03.2025 15:00;15:00;659,99
10.03.2025 16:00;16:00;660
10.03.2025 17:00;17:00;1105
10.03.2025 18:00;18:00;2059,99
10.03.2025 19:00;19:00;1847
10.03.2025 20:00;20:00;2436,47
10.03.2025 21:00;21:00;1651
10.03.2025 22:00;22:00;1101
10.03.2025 23:00;23:00;1101
11.03.2025 00:00;00:00;1697,45
11.03.2025 01:00;01:00;1804,99
11.03.2025 02:00;02:00;1700,01
11.03.2025 03:00;03:00;1857
11.03.2025 04:00;04:00;1857
11.03.2025 05:00;05:00;1857
11.03.2025 06:00;06:00;2495
11.03.2025 07:00;07:00;1857
11.03.2025 08:00;08:00;1889,75
11.03.2025 09:00;09:00;660
11.03.2025 10:00;10:00;1174,99
11.03.2025 11:00;11:00;1190
11.03.2025 12:00;12:00;100
11.03.2025 13:00;13:00;0
11.03.2025 14:00;14:00;,8
11.03.2025 15:00;15:00;420,01
11.03.2025 16:00;16:00;1413,09
11.03.2025 17:00;17:00;2300
11.03.2025 18:00;18:00;2843,45
11.03.2025 19:00;19:00;1244
11.03.2025 20:00;20:00;1697,45
11.03.2025 21:00;21:00;1244
11.03.2025 22:00;22:00;660
11.03.2025 23:00;23:00;2144,97
12.03.2025 00:00;00:00;2999
12.03.2025 01:00;01:00;2948
12.03.2025 02:00;02:00;2800
12.03.2025 03:00;03:00;2398
12.03.2025 04:00;04:00;750
12.03.2025 05:00;05:00;1535
12.03.2025 06:00;06:00;2800
12.03.2025 07:00;07:00;2800
12.03.2025 08:00;08:00;2250
12.03.2025 09:00;09:00;670
12.03.2025 10:00;10:00;670
12.03.2025 11:00;11:00;670
12.03.2025 12:00;12:00;5
12.03.2025 13:00;13:00;100
12.03.2025 14:00;14:00;1405,04
12.03.2025 15:00;15:00;670
12.03.2025 16:00;16:00;1828,01
12.03.2025 17:00;17:00;2999
12.03.2025 18:00;18:00;2999
12.03.2025 19:00;19:00;2800
12.03.2025 20:00;20:00;2800
12.03.2025 21:00;21:00;2920
12.03.2025 22:00;22:00;2020
12.03.2025 23:00;23:00;2850
13.03.2025 00:00;00:00;2800
13.03.2025 01:00;01:00;2800
13.03.2025 02:00;02:00;2347
13.03.2025 03:00;03:00;2000,01
13.03.2025 04:00;04:00;2566,59
13.03.2025 05:00;05:00;1877
13.03.2025 06:00;06:00;1702,99
13.03.2025 07:00;07:00;675
13.03.2025 08:00;08:00;669,99
13.03.2025 09:00;09:00;600
13.03.2025 10:00;10:00;0
13.03.2025 11:00;11:00;0
13.03.2025 12:00;12:00;0
13.03.2025 13:00;13:00;0
13.03.2025 14:00;14:00;0
13.03.2025 15:00;15:00;1000
13.03.2025 16:00;16:00;1499,98
13.03.2025 17:00;17:00;2850
13.03.2025 18:00;18:00;2999,01
13.03.2025 19:00;19:00;2800
13.03.2025 20:00;20:00;2999
13.03.2025 21:00;21:00;2800
13.03.2025 22:00;22:00;1850,01
13.03.2025 23:00;23:00;2498
14.03.2025 00:00;00:00;2633,01
14.03.2025 01:00;01:00;1651
14.03.2025 02:00;02:00;1651
14.03.2025 03:00;03:00;1651
14.03.2025 04:00;04:00;1651
14.03.2025 05:00;05:00;1556,01
14.03.2025 06:00;06:00;1651
14.03.2025 07:00;07:00;1651
14.03.2025 08:00;08:00;1651
14.03.2025 09:00;09:00;669,99
14.03.2025 10:00;10:00;600
14.03.2025 11:00;11:00;0
14.03.2025 12:00;12:00;0
14.03.2025 13:00;13:00;0
14.03.2025 14:00;14:00;0
14.03.2025 15:00;15:00;670
14.03.2025 16:00;16:00;2000
14.03.2025 17:00;17:00;1877
14.03.2025 18:00;18:00;2100
14.03.2025 19:00;19:00;2699,99
14.03.2025 20:00;20:00;2950
14.03.2025 21:00;21:00;2450
14.03.2025 22:00;22:00;1877
14.03.2025 23:00;23:00;1889
15.03.2025 00:00;00:00;2800
15.03.2025 01:00;01:00;2105
15.03.2025 02:00;02:00;2299,99
15.03.2025 03:00;03:00;2249,99
15.03.2025 04:00;04:00;2462,68
15.03.2025 05:00;05:00;2468,99
15.03.2025 06:00;06:00;2648
15.03.2025 07:00;07:00;2393,7
15.03.2025 08:00;08:00;1750
15.03.2025 09:00;09:00;670
15.03.2025 10:00;10:00;670
15.03.2025 11:00;11:00;670
15.03.2025 12:00;12:00;0
15.03.2025 13:00;13:00;0
15.03.2025 14:00;14:00;0
15.03.2025 15:00;15:00;1579,3
15.03.2025 16:00;16:00;1299,99
15.03.2025 17:00;17:00;2812,71
15.03.2025 18:00;18:00;2999
15.03.2025 19:00;19:00;2999,01
15.03.2025 20:00;20:00;2999
15.03.2025 21:00;21:00;1948
15.03.2025 22:00;22:00;1501
15.03.2025 23:00;23:00;675
16.03.2025 00:00;00:00;2432,58
16.03.2025 01:00;01:00;2100
16.03.2025 02:00;02:00;1650,01
16.03.2025 03:00;03:00;1551
16.03.2025 04:00;04:00;1551
16.03.2025 05:00;05:00;1551
16.03.2025 06:00;06:00;1551
16.03.2025 07:00;07:00;670
16.03.2025 08:00;08:00;0
16.03.2025 09:00;09:00;0
16.03.2025 10:00;10:00;0
16.03.2025 11:00;11:00;0
16.03.2025 12:00;12:00;0
16.03.2025 13:00;13:00;0
16.03.2025 14:00;14:00;0
16.03.2025 15:00;15:00;0
16.03.2025 16:00;16:00;1736,33
16.03.2025 17:00;17:00;2800
16.03.2025 18:00;18:00;2999,21
16.03.2025 19:00;19:00;2999,2
16.03.2025 20:00;20:00;2960
16.03.2025 21:00;21:00;2990
16.03.2025 22:00;22:00;2904
16.03.2025 23:00;23:00;2999,22
17.03.2025 00:00;00:00;2999,21
17.03.2025 01:00;01:00;2999,02
17.03.2025 02:00;02:00;2999,01
17.03.2025 03:00;03:00;2999,02
17.03.2025 04:00;04:00;2999,02
17.03.2025 05:00;05:00;2999,01
17.03.2025 06:00;06:00;2999
17.03.2025 07:00;07:00;2998
17.03.2025 08:00;08:00;2999,01
17.03.2025 09:00;09:00;2999,02
17.03.2025 10:00;10:00;2948
17.03.2025 11:00;11:00;2800
17.03.2025 12:00;12:00;2788
17.03.2025 13:00;13:00;2800
17.03.2025 14:00;14:00;2800
17.03.2025 15:00;15:00;2999
17.03.2025 16:00;16:00;2899,99
17.03.2025 17:00;17:00;2999
17.03.2025 18:00;18:00;2999,01
17.03.2025 19:00;19:00;2999,01
17.03.2025 20:00;20:00;2999,02
17.03.2025 21:00;21:00;2999,23
17.03.2025 22:00;22:00;2999,23
17.03.2025 23:00;23:00;2999,23
18.03.2025 00:00;00:00;2999,01
18.03.2025 01:00;01:00;1881
18.03.2025 02:00;02:00;2700
18.03.2025 03:00;03:00;2531
18.03.2025 04:00;04:00;2595
18.03.2025 05:00;05:00;2595
18.03.2025 06:00;06:00;2424,99
18.03.2025 07:00;07:00;2308,99
18.03.2025 08:00;08:00;2999
18.03.2025 09:00;09:00;2899
18.03.2025 10:00;10:00;800
18.03.2025 11:00;11:00;800
18.03.2025 12:00;12:00;669,99
18.03.2025 13:00;13:00;800
18.03.2025 14:00;14:00;1750
18.03.2025 15:00;15:00;1460
18.03.2025 16:00;16:00;800
18.03.2025 17:00;17:00;1551
18.03.2025 18:00;18:00;2400
18.03.2025 19:00;19:00;2696,4
18.03.2025 20:00;20:00;2900
18.03.2025 21:00;21:00;2906
18.03.2025 22:00;22:00;2443
18.03.2025 23:00;23:00;2899
19.03.2025 00:00;00:00;2447
19.03.2025 01:00;01:00;2447
19.03.2025 02:00;02:00;1499,99
19.03.2025 03:00;03:00;1499,99
19.03.2025 04:00;04:00;1600,01
19.03.2025 05:00;05:00;800
19.03.2025 06:00;06:00;2447
19.03.2025 07:00;07:00;670
19.03.2025 08:00;08:00;2952,34
19.03.2025 09:00;09:00;2999,01
19.03.2025 10:00;10:00;2999,01
19.03.2025 11:00;11:00;2769,5
19.03.2025 12:00;12:00;2530,05
19.03.2025 13:00;13:00;2530,05
19.03.2025 14:00;14:00;2905
19.03.2025 15:00;15:00;2530,05
19.03.2025 16:00;16:00;2600
19.03.2025 17:00;17:00;2450
19.03.2025 18:00;18:00;2879,01
19.03.2025 19:00;19:00;2879
19.03.2025 20:00;20:00;2999
19.03.2025 21:00;21:00;2999,01
19.03.2025 22:00;22:00;2348,09
19.03.2025 23:00;23:00;2393,7
20.03.2025 00:00;00:00;2800
20.03.2025 01:00;01:00;2999
20.03.2025 02:00;02:00;2999
20.03.2025 03:00;03:00;2997
20.03.2025 04:00;04:00;2897
20.03.2025 05:00;05:00;2999,01
20.03.2025 06:00;06:00;2999,02
20.03.2025 07:00;07:00;2999,01
20.03.2025 08:00;08:00;2999,08
20.03.2025 09:00;09:00;2999,26
20.03.2025 10:00;10:00;2999,26
20.03.2025 11:00;11:00;2999,2
20.03.2025 12:00;12:00;2999,03
20.03.2025 13:00;13:00;2875
20.03.2025 14:00;14:00;2784
20.03.2025 15:00;15:00;2990
20.03.2025 16:00;16:00;2999,02
20.03.2025 17:00;17:00;2999,26
20.03.2025 18:00;18:00;2999,43
20.03.2025 19:00;19:00;2999,51
20.03.2025 20:00;20:00;2999,7
20.03.2025 21:00;21:00;2999,62
20.03.2025 22:00;22:00;2999,43
20.03.2025 23:00;23:00;2999,26
21.03.2025 00:00;00:00;2999,2
21.03.2025 01:00;01:00;2999,2
21.03.2025 02:00;02:00;2999,02
21.03.2025 03:00;03:00;2990
21.03.2025 04:00;04:00;2999,01
21.03.2025 05:00;05:00;2999,02
21.03.2025 06:00;06:00;2999,06
21.03.2025 07:00;07:00;2999,03
21.03.2025 08:00;08:00;2999,07
21.03.2025 09:00;09:00;2999,05
21.03.2025 10:00;10:00;2999,02
21.03.2025 11:00;11:00;2999
21.03.2025 12:00;12:00;2860
21.03.2025 13:00;13:00;2530,05
21.03.2025 14:00;14:00;2828
21.03.2025 15:00;15:00;2899
21.03.2025 16:00;16:00;2999
21.03.2025 17:00;17:00;2450
21.03.2025 18:00;18:00;3000
21.03.2025 19:00;19:00;2999,23
21.03.2025 20:00;20:00;3000
21.03.2025 21:00;21:00;3000
21.03.2025 22:00;22:00;2999,2
21.03.2025 23:00;23:00;2999,2
22.03.2025 00:00;00:00;2999,26
22.03.2025 01:00;01:00;2999,26
22.03.2025 02:00;02:00;2999,23
22.03.2025 03:00;03:00;2999,21
22.03.2025 04:00;04:00;2999,23
22.03.2025 05:00;05:00;2999,2
22.03.2025 06:00;06:00;3000
22.03.2025 07:00;07:00;2800
22.03.2025 08:00;08:00;2800
22.03.2025 09:00;09:00;2999,02
22.03.2025 10:00;10:00;2999,02
22.03.2025 11:00;11:00;2999,01
22.03.2025 12:00;12:00;2325
22.03.2025 13:00;13:00;2990
22.03.2025 14:00;14:00;2999,03
22.03.2025 15:00;15:00;2999
22.03.2025 16:00;16:00;2998
22.03.2025 17:00;17:00;3000
22.03.2025 18:00;18:00;3000
22.03.2025 19:00;19:00;3000
22.03.2025 20:00;20:00;3000
22.03.2025 21:00;21:00;3000
22.03.2025 22:00;22:00;3000
22.03.2025 23:00;23:00;2999,23
23.03.2025 00:00;00:00;2999,29
23.03.2025 01:00;01:00;2999,23
23.03.2025 02:00;02:00;2999,03
23.03.2025 03:00;03:00;2999
23.03.2025 04:00;04:00;2979
23.03.2025 05:00;05:00;2999
23.03.2025 06:00;06:00;2999,02
23.03.2025 07:00;07:00;1194,01
23.03.2025 08:00;08:00;670
23.03.2025 09:00;09:00;0
23.03.2025 10:00;10:00;0
23.03.2025 11:00;11:00;0
23.03.2025 12:00;12:00;0
23.03.2025 13:00;13:00;0
23.03.2025 14:00;14:00;0
23.03.2025 15:00;15:00;1632,02
23.03.2025 16:00;16:00;1200
23.03.2025 17:00;17:00;2999,02
23.03.2025 18:00;18:00;3000
23.03.2025 19:00;19:00;3000
23.03.2025 20:00;20:00;3000
23.03.2025 21:00;21:00;3000
23.03.2025 22:00;22:00;2957,99
23.03.2025 23:00;23:00;2999,01
24.03.2025 00:00;00:00;2999,2
24.03.2025 01:00;01:00;2999,02
24.03.2025 02:00;02:00;2999
24.03.2025 03:00;03:00;1850
24.03.2025 04:00;04:00;2599
24.03.2025 05:00;05:00;2599
24.03.2025 06:00;06:00;1888
24.03.2025 07:00;07:00;1888
24.03.2025 08:00;08:00;2999,03
24.03.2025 09:00;09:00;2999,1
24.03.2025 10:00;10:00;2999,1
24.03.2025 11:00;11:00;2999,08
24.03.2025 12:00;12:00;2999,05
24.03.2025 13:00;13:00;2999,06
24.03.2025 14:00;14:00;2999,23
24.03.2025 15:00;15:00;2999,21
24.03.2025 16:00;16:00;2999,04
24.03.2025 17:00;17:00;3000
24.03.2025 18:00;18:00;2999,01
24.03.2025 19:00;19:00;2999
24.03.2025 20:00;20:00;2684
24.03.2025 21:00;21:00;2999,01
24.03.2025 22:00;22:00;2699
24.03.2025 23:00;23:00;2699
25.03.2025 00:00;00:00;2800
25.03.2025 01:00;01:00;2648
25.03.2025 02:00;02:00;2598
25.03.2025 03:00;03:00;2598
25.03.2025 04:00;04:00;1950
25.03.2025 05:00;05:00;1651
25.03.2025 06:00;06:00;1651
25.03.2025 07:00;07:00;1651
25.03.2025 08:00;08:00;3000
25.03.2025 09:00;09:00;2999,01
25.03.2025 10:00;10:00;1950
25.03.2025 11:00;11:00;2850
25.03.2025 12:00;12:00;2700
25.03.2025 13:00;13:00;2850
25.03.2025 14:00;14:00;2624,77
25.03.2025 15:00;15:00;2700
25.03.2025 16:00;16:00;1994,99
25.03.2025 17:00;17:00;2999
25.03.2025 18:00;18:00;3000
25.03.2025 19:00;19:00;3000
25.03.2025 20:00;20:00;3000
25.03.2025 21:00;21:00;3000
25.03.2025 22:00;22:00;1651
25.03.2025 23:00;23:00;2547,99
26.03.2025 00:00;00:00;1952
26.03.2025 01:00;01:00;1952
26.03.2025 02:00;02:00;1090
26.03.2025 03:00;03:00;1551
26.03.2025 04:00;04:00;1090
26.03.2025 05:00;05:00;1551
26.03.2025 06:00;06:00;1952
26.03.2025 07:00;07:00;2207,99
26.03.2025 08:00;08:00;2999,04
26.03.2025 09:00;09:00;2999,05
26.03.2025 10:00;10:00;2999,06
26.03.2025 11:00;11:00;2999,04
26.03.2025 12:00;12:00;2745
26.03.2025 13:00;13:00;2999,01
26.03.2025 14:00;14:00;1952
26.03.2025 15:00;15:00;1952
26.03.2025 16:00;16:00;3000
26.03.2025 17:00;17:00;3000
26.03.2025 18:00;18:00;3000
26.03.2025 19:00;19:00;3000
26.03.2025 20:00;20:00;3000
26.03.2025 21:00;21:00;3000
26.03.2025 22:00;22:00;2999,5
26.03.2025 23:00;23:00;2999,05
27.03.2025 00:00;00:00;2999
27.03.2025 01:00;01:00;1651
27.03.2025 02:00;02:00;1651
27.03.2025 03:00;03:00;800
27.03.2025 04:00;04:00;1651
27.03.2025 05:00;05:00;1651
27.03.2025 06:00;06:00;1877,47
27.03.2025 07:00;07:00;669,99
27.03.2025 08:00;08:00;310
27.03.2025 09:00;09:00;4
27.03.2025 10:00;10:00;4
27.03.2025 11:00;11:00;310
27.03.2025 12:00;12:00;5
27.03.2025 13:00;13:00;5
27.03.2025 14:00;14:00;397
27.03.2025 15:00;15:00;669,99
27.03.2025 16:00;16:00;2748
27.03.2025 17:00;17:00;1651
27.03.2025 18:00;18:00;2100
27.03.2025 19:00;19:00;1651
27.03.2025 20:00;20:00;1651
27.03.2025 21:00;21:00;950
27.03.2025 22:00;22:00;600
27.03.2025 23:00;23:00;600
28.03.2025 00:00;00:00;1000
28.03.2025 01:00;01:00;1500
28.03.2025 02:00;02:00;2245
28.03.2025 03:00;03:00;2700
28.03.2025 04:00;04:00;2976
28.03.2025 05:00;05:00;2999
28.03.2025 06:00;06:00;2700
28.03.2025 07:00;07:00;669,99
28.03.2025 08:00;08:00;1791
28.03.2025 09:00;09:00;1791
28.03.2025 10:00;10:00;700
28.03.2025 11:00;11:00;670
28.03.2025 12:00;12:00;669,99
28.03.2025 13:00;13:00;650
28.03.2025 14:00;14:00;950
28.03.2025 15:00;15:00;1659,01
28.03.2025 16:00;16:00;2999,01
28.03.2025 17:00;17:00;2999,01
28.03.2025 18:00;18:00;2999,04
28.03.2025 19:00;19:00;2999,04
28.03.2025 20:00;20:00;2999,06
28.03.2025 21:00;21:00;2999,08
28.03.2025 22:00;22:00;2999,52
28.03.2025 23:00;23:00;2999,5
29.03.2025 00:00;00:00;2999,06
29.03.2025 01:00;01:00;2999,08
29.03.2025 02:00;02:00;2999,03
29.03.2025 03:00;03:00;2999,01
29.03.2025 04:00;04:00;2999,01
29.03.2025 05:00;05:00;2999
29.03.2025 06:00;06:00;2929
29.03.2025 07:00;07:00;2999
29.03.2025 08:00;08:00;1800
29.03.2025 09:00;09:00;2798
29.03.2025 10:00;10:00;1621,03
29.03.2025 11:00;11:00;1348
29.03.2025 12:00;12:00;1460,01
29.03.2025 13:00;13:00;1348
29.03.2025 14:00;14:00;1400
29.03.2025 15:00;15:00;1348
29.03.2025 16:00;16:00;1621,03
29.03.2025 17:00;17:00;2999,01
29.03.2025 18:00;18:00;2999,07
29.03.2025 19:00;19:00;2999,04
29.03.2025 20:00;20:00;3000
29.03.2025 21:00;21:00;2999,52
29.03.2025 22:00;22:00;2999,02
29.03.2025 23:00;23:00;2999,02
30.03.2025 00:00;00:00;2999,5
30.03.2025 01:00;01:00;2999,4
30.03.2025 02:00;02:00;2999,04
30.03.2025 03:00;03:00;2999
30.03.2025 04:00;04:00;2800
30.03.2025 05:00;05:00;2800
30.03.2025 06:00;06:00;2999,04
30.03.2025 07:00;07:00;2999,02
30.03.2025 08:00;08:00;669,99
30.03.2025 09:00;09:00;670
30.03.2025 10:00;10:00;150
30.03.2025 11:00;11:00;0
30.03.2025 12:00;12:00;0
30.03.2025 13:00;13:00;0
30.03.2025 14:00;14:00;0
30.03.2025 15:00;15:00;0
30.03.2025 16:00;16:00;0
30.03.2025 17:00;17:00;150
30.03.2025 18:00;18:00;794
30.03.2025 19:00;19:00;2980,01
30.03.2025 20:00;20:00;3000
30.03.2025 21:00;21:00;3000
30.03.2025 22:00;22:00;1949,01
30.03.2025 23:00;23:00;1701
31.03.2025 00:00;00:00;1701
31.03.2025 01:00;01:00;990
31.03.2025 02:00;02:00;1503
31.03.2025 03:00;03:00;750
31.03.2025 04:00;04:00;750
31.03.2025 05:00;05:00;750
31.03.2025 06:00;06:00;1701
31.03.2025 07:00;07:00;550
31.03.2025 08:00;08:00;0
31.03.2025 09:00;09:00;0
31.03.2025 10:00;10:00;0
31.03.2025 11:00;11:00;0
31.03.2025 12:00;12:00;0
31.03.2025 13:00;13:00;0
31.03.2025 14:00;14:00;0
31.03.2025 15:00;15:00;0
31.03.2025 16:00;16:00;,1
31.03.2025 17:00;17:00;4
31.03.2025 18:00;18:00;670
31.03.2025 19:00;19:00;1701
31.03.2025 20:00;20:00;831
31.03.2025 21:00;21:00;700
31.03.2025 22:00;22:00;575
31.03.2025 23:00;23:00;600
01.04.2025 00:00;00:00;990
01.04.2025 01:00;01:00;675
01.04.2025 02:00;02:00;5
01.04.2025 03:00;03:00;,9
01.04.2025 04:00;04:00;,9
01.04.2025 05:00;05:00;1,19
01.04.2025 06:00;06:00;5
01.04.2025 07:00;07:00;0
01.04.2025 08:00;08:00;0
01.04.2025 09:00;09:00;0
01.04.2025 10:00;10:00;0
01.04.2025 11:00;11:00;0
01.04.2025 12:00;12:00;1330
01.04.2025 13:00;13:00;2999
01.04.2025 14:00;14:00;2999,06
01.04.2025 15:00;15:00;2999,3
01.04.2025 16:00;16:00;2999,33
01.04.2025 17:00;17:00;2999,06
01.04.2025 18:00;18:00;2999,04
01.04.2025 19:00;19:00;2999,02
01.04.2025 20:00;20:00;2999,02
01.04.2025 21:00;21:00;2999
01.04.2025 22:00;22:00;1601
01.04.2025 23:00;23:00;896,99
02.04.2025 00:00;00:00;600
02.04.2025 01:00;01:00;669,99
02.04.2025 02:00;02:00;649,99
02.04.2025 03:00;03:00;669,99
02.04.2025 04:00;04:00;600
02.04.2025 05:00;05:00;600
02.04.2025 06:00;06:00;669,99
02.04.2025 07:00;07:00;575
02.04.2025 08:00;08:00;2999,03
02.04.2025 09:00;09:00;2999,08
02.04.2025 10:00;10:00;2999,06
02.04.2025 11:00;11:00;2999,33
02.04.2025 12:00;12:00;2999,04
02.04.2025 13:00;13:00;2999,06
02.04.2025 14:00;14:00;2999,06
02.04.2025 15:00;15:00;2999,05
02.04.2025 16:00;16:00;2999,01
02.04.2025 17:00;17:00;2820
02.04.2025 18:00;18:00;2999
02.04.2025 19:00;19:00;2999,02
02.04.2025 20:00;20:00;2999,3
02.04.2025 21:00;21:00;2999,02
02.04.2025 22:00;22:00;1751
02.04.2025 23:00;23:00;1751
03.04.2025 00:00;00:00;1817
03.04.2025 01:00;01:00;1817
03.04.2025 02:00;02:00;1817
03.04.2025 03:00;03:00;1817
03.04.2025 04:00;04:00;1799
03.04.2025 05:00;05:00;2033,99
03.04.2025 06:00;06:00;2976
03.04.2025 07:00;07:00;1801
03.04.2025 08:00;08:00;2924
03.04.2025 09:00;09:00;2999,01
03.04.2025 10:00;10:00;2900
03.04.2025 11:00;11:00;2999,02
03.04.2025 12:00;12:00;2830,84
03.04.2025 13:00;13:00;2999
03.04.2025 14:00;14:00;2600
03.04.2025 15:00;15:00;890
03.04.2025 16:00;16:00;1817
03.04.2025 17:00;17:00;2999
03.04.2025 18:00;18:00;2999,06
03.04.2025 19:00;19:00;2999,9
03.04.2025 20:00;20:00;2999,92
03.04.2025 21:00;21:00;2999,52
03.04.2025 22:00;22:00;2999,02
03.04.2025 23:00;23:00;2820
04.04.2025 00:00;00:00;2486,33
04.04.2025 01:00;01:00;1882
04.04.2025 02:00;02:00;1882
04.04.2025 03:00;03:00;1882
04.04.2025 04:00;04:00;1882
04.04.2025 05:00;05:00;2820
04.04.2025 06:00;06:00;2900
04.04.2025 07:00;07:00;1882
04.04.2025 08:00;08:00;1882
04.04.2025 09:00;09:00;2900
04.04.2025 10:00;10:00;1882
04.04.2025 11:00;11:00;1882
04.04.2025 12:00;12:00;670
04.04.2025 13:00;13:00;600
04.04.2025 14:00;14:00;1000
04.04.2025 15:00;15:00;1882
04.04.2025 16:00;16:00;1882
04.04.2025 17:00;17:00;2999
04.04.2025 18:00;18:00;2999
04.04.2025 19:00;19:00;2999,06
04.04.2025 20:00;20:00;2999,52
04.04.2025 21:00;21:00;2999,5
04.04.2025 22:00;22:00;2800
04.04.2025 23:00;23:00;1882
05.04.2025 00:00;00:00;1817
05.04.2025 01:00;01:00;2800
05.04.2025 02:00;02:00;2500,76
05.04.2025 03:00;03:00;1917,01
05.04.2025 04:00;04:00;2000
05.04.2025 05:00;05:00;2448
05.04.2025 06:00;06:00;2820
05.04.2025 07:00;07:00;1351
05.04.2025 08:00;08:00;1351
05.04.2025 09:00;09:00;2401
05.04.2025 10:00;10:00;2313,99
05.04.2025 11:00;11:00;2200
05.04.2025 12:00;12:00;700
05.04.2025 13:00;13:00;2821,32
05.04.2025 14:00;14:00;3000
05.04.2025 15:00;15:00;3398
05.04.2025 16:00;16:00;2700
05.04.2025 17:00;17:00;1636
05.04.2025 18:00;18:00;3319,01
05.04.2025 19:00;19:00;3399,72
05.04.2025 20:00;20:00;3399,74
05.04.2025 21:00;21:00;3398,06
05.04.2025 22:00;22:00;2976
05.04.2025 23:00;23:00;2997
06.04.2025 00:00;00:00;3100
06.04.2025 01:00;01:00;3398,02
06.04.2025 02:00;02:00;3398,02
06.04.2025 03:00;03:00;3398
06.04.2025 04:00;04:00;3398
06.04.2025 05:00;05:00;3398,02
06.04.2025 06:00;06:00;3398,02
06.04.2025 07:00;07:00;1243,28
06.04.2025 08:00;08:00;0
06.04.2025 09:00;09:00;0
06.04.2025 10:00;10:00;0
06.04.2025 11:00;11:00;0
06.04.2025 12:00;12:00;0
06.04.2025 13:00;13:00;0
06.04.2025 14:00;14:00;0
06.04.2025 15:00;15:00;0
06.04.2025 16:00;16:00;1,4
06.04.2025 17:00;17:00;2750
06.04.2025 18:00;18:00;3398
06.04.2025 19:00;19:00;3399,45
06.04.2025 20:00;20:00;3399,91
06.04.2025 21:00;21:00;3399,46
06.04.2025 22:00;22:00;3398
06.04.2025 23:00;23:00;3100
07.04.2025 00:00;00:00;750
07.04.2025 01:00;01:00;750
07.04.2025 02:00;02:00;670
07.04.2025 03:00;03:00;670
07.04.2025 04:00;04:00;1000
07.04.2025 05:00;05:00;856
07.04.2025 06:00;06:00;3398
07.04.2025 07:00;07:00;2821
07.04.2025 08:00;08:00;3398,06
07.04.2025 09:00;09:00;3398,8
07.04.2025 10:00;10:00;3398,06
07.04.2025 11:00;11:00;3398,02
07.04.2025 12:00;12:00;3300
07.04.2025 13:00;13:00;3300
07.04.2025 14:00;14:00;3300
07.04.2025 15:00;15:00;790
07.04.2025 16:00;16:00;3239,81
07.04.2025 17:00;17:00;3398,06
07.04.2025 18:00;18:00;3398,02
07.04.2025 19:00;19:00;3400
07.04.2025 20:00;20:00;3400
07.04.2025 21:00;21:00;3400
07.04.2025 22:00;22:00;2400
07.04.2025 23:00;23:00;2400
08.04.2025 00:00;00:00;2150
08.04.2025 01:00;01:00;2294,01
08.04.2025 02:00;02:00;2899,99
08.04.2025 03:00;03:00;2200
08.04.2025 04:00;04:00;2150
08.04.2025 05:00;05:00;2150
08.04.2025 06:00;06:00;3200
08.04.2025 07:00;07:00;3044,01
08.04.2025 08:00;08:00;2800
08.04.2025 09:00;09:00;2719,99
08.04.2025 10:00;10:00;2150
08.04.2025 11:00;11:00;2150
08.04.2025 12:00;12:00;2241
08.04.2025 13:00;13:00;3200
08.04.2025 14:00;14:00;3398,08
08.04.2025 15:00;15:00;3399,4
08.04.2025 16:00;16:00;3399,44
08.04.2025 17:00;17:00;3400
08.04.2025 18:00;18:00;3400
08.04.2025 19:00;19:00;3400
08.04.2025 20:00;20:00;3400
08.04.2025 21:00;21:00;3400
08.04.2025 22:00;22:00;3398,04
08.04.2025 23:00;23:00;3398
09.04.2025 00:00;00:00;3395
09.04.2025 01:00;01:00;3398
09.04.2025 02:00;02:00;3398,03
09.04.2025 03:00;03:00;3398,02
09.04.2025 04:00;04:00;3118,88
09.04.2025 05:00;05:00;3395
09.04.2025 06:00;06:00;3300
09.04.2025 07:00;07:00;2797,47
09.04.2025 08:00;08:00;3399,76
09.04.2025 09:00;09:00;3399,4
09.04.2025 10:00;10:00;3398,08
09.04.2025 11:00;11:00;3398,81
09.04.2025 12:00;12:00;3398,04
09.04.2025 13:00;13:00;3398,03
09.04.2025 14:00;14:00;3398,04
09.04.2025 15:00;15:00;3398,01
09.04.2025 16:00;16:00;3398,02
09.04.2025 17:00;17:00;3399,73
09.04.2025 18:00;18:00;3399,74
09.04.2025 19:00;19:00;3399,93
09.04.2025 20:00;20:00;3400
09.04.2025 21:00;21:00;3400
09.04.2025 22:00;22:00;3398,04
09.04.2025 23:00;23:00;3398,02
10.04.2025 00:00;00:00;3398
10.04.2025 01:00;01:00;3200
10.04.2025 02:00;02:00;3100
10.04.2025 03:00;03:00;2987
10.04.2025 04:00;04:00;2780
10.04.2025 05:00;05:00;2987
10.04.2025 06:00;06:00;2157
10.04.2025 07:00;07:00;1901
10.04.2025 08:00;08:00;3399,72
10.04.2025 09:00;09:00;3399,71
10.04.2025 10:00;10:00;1350
10.04.2025 11:00;11:00;600
10.04.2025 12:00;12:00;100
10.04.2025 13:00;13:00;520
10.04.2025 14:00;14:00;550
10.04.2025 15:00;15:00;550
10.04.2025 16:00;16:00;670
10.04.2025 17:00;17:00;2157
10.04.2025 18:00;18:00;3399,68
10.04.2025 19:00;19:00;3399,87
10.04.2025 20:00;20:00;3399,93
10.04.2025 21:00;21:00;3399,89
10.04.2025 22:00;22:00;3398
10.04.2025 23:00;23:00;2157
11.04.2025 00:00;00:00;2094
11.04.2025 01:00;01:00;750
11.04.2025 02:00;02:00;670
11.04.2025 03:00;03:00;669,99
11.04.2025 04:00;04:00;670
11.04.2025 05:00;05:00;750
11.04.2025 06:00;06:00;1882
11.04.2025 07:00;07:00;1801
11.04.2025 08:00;08:00;3398,02
11.04.2025 09:00;09:00;3398,04
11.04.2025 10:00;10:00;3398,04
11.04.2025 11:00;11:00;3398,02
11.04.2025 12:00;12:00;3398
11.04.2025 13:00;13:00;2999
11.04.2025 14:00;14:00;3000
11.04.2025 15:00;15:00;3100
11.04.2025 16:00;16:00;2525
11.04.2025 17:00;17:00;3398,01
11.04.2025 18:00;18:00;3399,88
11.04.2025 19:00;19:00;3400
11.04.2025 20:00;20:00;3400
11.04.2025 21:00;21:00;3400
11.04.2025 22:00;22:00;3398,06
11.04.2025 23:00;23:00;3398,01
12.04.2025 00:00;00:00;3398
12.04.2025 01:00;01:00;3398,02
12.04.2025 02:00;02:00;3398,02
12.04.2025 03:00;03:00;3367
12.04.2025 04:00;04:00;3398
12.04.2025 05:00;05:00;3398,01
12.04.2025 06:00;06:00;3398,01
12.04.2025 07:00;07:00;2999,91
12.04.2025 08:00;08:00;3398
12.04.2025 09:00;09:00;3398,05
12.04.2025 10:00;10:00;3398,02
12.04.2025 11:00;11:00;3398,04
12.04.2025 12:00;12:00;3398,02
12.04.2025 13:00;13:00;3398,05
12.04.2025 14:00;14:00;3398
12.04.2025 15:00;15:00;3357
12.04.2025 16:00;16:00;3390
12.04.2025 17:00;17:00;3398,04
12.04.2025 18:00;18:00;3399,42
12.04.2025 19:00;19:00;3400
12.04.2025 20:00;20:00;3400
12.04.2025 21:00;21:00;3400
12.04.2025 22:00;22:00;3398,06
12.04.2025 23:00;23:00;3398
13.04.2025 00:00;00:00;3212
13.04.2025 01:00;01:00;3212,01
13.04.2025 02:00;02:00;2900
13.04.2025 03:00;03:00;2699,48
13.04.2025 04:00;04:00;2725
13.04.2025 05:00;05:00;3129,2
13.04.2025 06:00;06:00;2948,19
13.04.2025 07:00;07:00;750
13.04.2025 08:00;08:00;600
13.04.2025 09:00;09:00;600
13.04.2025 10:00;10:00;0
13.04.2025 11:00;11:00;0
13.04.2025 12:00;12:00;0
13.04.2025 13:00;13:00;0
13.04.2025 14:00;14:00;0
13.04.2025 15:00;15:00;670
13.04.2025 16:00;16:00;1500
13.04.2025 17:00;17:00;3350
13.04.2025 18:00;18:00;3398,01
13.04.2025 19:00;19:00;3400
13.04.2025 20:00;20:00;3400
13.04.2025 21:00;21:00;3400
13.04.2025 22:00;22:00;3399,6
13.04.2025 23:00;23:00;3398,04
14.04.2025 00:00;00:00;3398,01
14.04.2025 01:00;01:00;3398
14.04.2025 02:00;02:00;3398
14.04.2025 03:00;03:00;3299
14.04.2025 04:00;04:00;3188
14.04.2025 05:00;05:00;3398,01
14.04.2025 06:00;06:00;3398
14.04.2025 07:00;07:00;2848
14.04.2025 08:00;08:00;3399,8
14.04.2025 09:00;09:00;3399,8
14.04.2025 10:00;10:00;2157
14.04.2025 11:00;11:00;2157
14.04.2025 12:00;12:00;2720
14.04.2025 13:00;13:00;3350
14.04.2025 14:00;14:00;3398,03
14.04.2025 15:00;15:00;3398,08
14.04.2025 16:00;16:00;3398,06
14.04.2025 17:00;17:00;3399,43
14.04.2025 18:00;18:00;3399,95
14.04.2025 19:00;19:00;3400
14.04.2025 20:00;20:00;3400
14.04.2025 21:00;21:00;3399,99
14.04.2025 22:00;22:00;3398,02
14.04.2025 23:00;23:00;3398
15.04.2025 00:00;00:00;3150
15.04.2025 01:00;01:00;3097,01
15.04.2025 02:00;02:00;3390
15.04.2025 03:00;03:00;2820
15.04.2025 04:00;04:00;2699,48
15.04.2025 05:00;05:00;3009,79
15.04.2025 06:00;06:00;2948,82
15.04.2025 07:00;07:00;2800
15.04.2025 08:00;08:00;3399,78
15.04.2025 09:00;09:00;3300
15.04.2025 10:00;10:00;2700
15.04.2025 11:00;11:00;2978,29
15.04.2025 12:00;12:00;696
15.04.2025 13:00;13:00;600
15.04.2025 14:00;14:00;669,99
15.04.2025 15:00;15:00;575
15.04.2025 16:00;16:00;1200
15.04.2025 17:00;17:00;2549,76
15.04.2025 18:00;18:00;3399,81
15.04.2025 19:00;19:00;3400
15.04.2025 20:00;20:00;3400
15.04.2025 21:00;21:00;3400
15.04.2025 22:00;22:00;3399,92
15.04.2025 23:00;23:00;3398,06
16.04.2025 00:00;00:00;3398,02
16.04.2025 01:00;01:00;3399,76
16.04.2025 02:00;02:00;3182,02
16.04.2025 03:00;03:00;3000,01
16.04.2025 04:00;04:00;3250
16.04.2025 05:00;05:00;3375
16.04.2025 06:00;06:00;2910,11
16.04.2025 07:00;07:00;2000
16.04.2025 08:00;08:00;1951
16.04.2025 09:00;09:00;1000
16.04.2025 10:00;10:00;500
16.04.2025 11:00;11:00;669,99
16.04.2025 12:00;12:00;575
16.04.2025 13:00;13:00;575
16.04.2025 14:00;14:00;669,99
16.04.2025 15:00;15:00;600
16.04.2025 16:00;16:00;669,99
16.04.2025 17:00;17:00;1951
16.04.2025 18:00;18:00;3399,76
16.04.2025 19:00;19:00;3400
16.04.2025 20:00;20:00;3400
16.04.2025 21:00;21:00;3400
16.04.2025 22:00;22:00;3399,97
16.04.2025 23:00;23:00;3399,8
17.04.2025 00:00;00:00;2819,99
17.04.2025 01:00;01:00;2350
17.04.2025 02:00;02:00;2350
17.04.2025 03:00;03:00;2000
17.04.2025 04:00;04:00;1779
17.04.2025 05:00;05:00;1779
17.04.2025 06:00;06:00;1779
17.04.2025 07:00;07:00;750
17.04.2025 08:00;08:00;750
17.04.2025 09:00;09:00;1200
17.04.2025 10:00;10:00;670
17.04.2025 11:00;11:00;700
17.04.2025 12:00;12:00;400
17.04.2025 13:00;13:00;500
17.04.2025 14:00;14:00;670
17.04.2025 15:00;15:00;669,99
17.04.2025 16:00;16:00;750
17.04.2025 17:00;17:00;3319,99
17.04.2025 18:00;18:00;3400
17.04.2025 19:00;19:00;3400
17.04.2025 20:00;20:00;3400
17.04.2025 21:00;21:00;3400
17.04.2025 22:00;22:00;3400
17.04.2025 23:00;23:00;3398,01
18.04.2025 00:00;00:00;3400
18.04.2025 01:00;01:00;2350
18.04.2025 02:00;02:00;2350
18.04.2025 03:00;03:00;2699
18.04.2025 04:00;04:00;2699
18.04.2025 05:00;05:00;3350
18.04.2025 06:00;06:00;2948,19
18.04.2025 07:00;07:00;2350
18.04.2025 08:00;08:00;2700
18.04.2025 09:00;09:00;2418
18.04.2025 10:00;10:00;2199,99
18.04.2025 11:00;11:00;1000
18.04.2025 12:00;12:00;500
18.04.2025 13:00;13:00;,9
18.04.2025 14:00;14:00;1245
18.04.2025 15:00;15:00;670
18.04.2025 16:00;16:00;750
18.04.2025 17:00;17:00;3296,01
18.04.2025 18:00;18:00;3400
18.04.2025 19:00;19:00;3400
18.04.2025 20:00;20:00;3400
18.04.2025 21:00;21:00;3400
18.04.2025 22:00;22:00;3400
18.04.2025 23:00;23:00;1951
19.04.2025 00:00;00:00;2350
19.04.2025 01:00;01:00;3095,81
19.04.2025 02:00;02:00;2948,19
19.04.2025 03:00;03:00;2698,47
19.04.2025 04:00;04:00;2350
19.04.2025 05:00;05:00;3069,99
19.04.2025 06:00;06:00;2350
19.04.2025 07:00;07:00;1740
19.04.2025 08:00;08:00;670
19.04.2025 09:00;09:00;2948,19
19.04.2025 10:00;10:00;2100
19.04.2025 11:00;11:00;2100
19.04.2025 12:00;12:00;1704,35
19.04.2025 13:00;13:00;2100
19.04.2025 14:00;14:00;1874,78
19.04.2025 15:00;15:00;1400
19.04.2025 16:00;16:00;600
19.04.2025 17:00;17:00;2800
19.04.2025 18:00;18:00;2350
19.04.2025 19:00;19:00;3400
19.04.2025 20:00;20:00;3400
19.04.2025 21:00;21:00;3400
19.04.2025 22:00;22:00;3400
19.04.2025 23:00;23:00;3029,17
20.04.2025 00:00;00:00;3400
20.04.2025 01:00;01:00;3400
20.04.2025 02:00;02:00;3400
20.04.2025 03:00;03:00;2948,19
20.04.2025 04:00;04:00;3400
20.04.2025 05:00;05:00;3400
20.04.2025 06:00;06:00;750
20.04.2025 07:00;07:00;700
20.04.2025 08:00;08:00;0
20.04.2025 09:00;09:00;0
20.04.2025 10:00;10:00;0
20.04.2025 11:00;11:00;0
20.04.2025 12:00;12:00;0
20.04.2025 13:00;13:00;0
20.04.2025 14:00;14:00;0
20.04.2025 15:00;15:00;0
20.04.2025 16:00;16:00;0
20.04.2025 17:00;17:00;670
20.04.2025 18:00;18:00;3400
20.04.2025 19:00;19:00;3400
20.04.2025 20:00;20:00;3400
20.04.2025 21:00;21:00;3400
20.04.2025 22:00;22:00;3400
20.04.2025 23:00;23:00;3016,53
21.04.2025 00:00;00:00;3000,48
21.04.2025 01:00;01:00;2937,33
21.04.2025 02:00;02:00;2902,8
21.04.2025 03:00;03:00;2948,19
21.04.2025 04:00;04:00;2948,19
21.04.2025 05:00;05:00;3129,19
21.04.2025 06:00;06:00;2829,99
21.04.2025 07:00;07:00;750
21.04.2025 08:00;08:00;2850
21.04.2025 09:00;09:00;750
21.04.2025 10:00;10:00;670
21.04.2025 11:00;11:00;669,99
21.04.2025 12:00;12:00;100
21.04.2025 13:00;13:00;669,99
21.04.2025 14:00;14:00;670
21.04.2025 15:00;15:00;669,99
21.04.2025 16:00;16:00;3010,11
21.04.2025 17:00;17:00;3273
21.04.2025 18:00;18:00;3400
21.04.2025 19:00;19:00;3400
21.04.2025 20:00;20:00;3400
21.04.2025 21:00;21:00;3400
21.04.2025 22:00;22:00;3400
21.04.2025 23:00;23:00;1951
22.04.2025 00:00;00:00;2036
22.04.2025 01:00;01:00;2958,19
22.04.2025 02:00;02:00;2940,4
22.04.2025 03:00;03:00;2936
22.04.2025 04:00;04:00;2319,99
22.04.2025 05:00;05:00;3028,35
22.04.2025 06:00;06:00;3100
22.04.2025 07:00;07:00;3400
22.04.2025 08:00;08:00;3400
22.04.2025 09:00;09:00;3400
22.04.2025 10:00;10:00;750
22.04.2025 11:00;11:00;1200
22.04.2025 12:00;12:00;999
22.04.2025 13:00;13:00;1872,14
22.04.2025 14:00;14:00;3400
22.04.2025 15:00;15:00;3400
22.04.2025 16:00;16:00;3400
22.04.2025 17:00;17:00;3400
22.04.2025 18:00;18:00;3400
22.04.2025 19:00;19:00;3400
22.04.2025 20:00;20:00;3400
22.04.2025 21:00;21:00;3400
22.04.2025 22:00;22:00;3400
22.04.2025 23:00;23:00;3400
23.04.2025 00:00;00:00;2965,81
23.04.2025 01:00;01:00;2948,19
23.04.2025 02:00;02:00;2948,19
23.04.2025 03:00;03:00;2948,19
23.04.2025 04:00;04:00;2948,19
23.04.2025 05:00;05:00;2948,19
23.04.2025 06:00;06:00;2128,99
23.04.2025 07:00;07:00;675
23.04.2025 08:00;08:00;600
23.04.2025 09:00;09:00;1
23.04.2025 10:00;10:00;0
23.04.2025 11:00;11:00;100
23.04.2025 12:00;12:00;0
23.04.2025 13:00;13:00;0
23.04.2025 14:00;14:00;0
23.04.2025 15:00;15:00;0
23.04.2025 16:00;16:00;750
23.04.2025 17:00;17:00;890
23.04.2025 18:00;18:00;750
23.04.2025 19:00;19:00;2150
23.04.2025 20:00;20:00;3400
23.04.2025 21:00;21:00;3400
23.04.2025 22:00;22:00;1635
23.04.2025 23:00;23:00;1300
24.04.2025 00:00;00:00;670
24.04.2025 01:00;01:00;1751
24.04.2025 02:00;02:00;1550,01
24.04.2025 03:00;03:00;750
24.04.2025 04:00;04:00;670
24.04.2025 05:00;05:00;670
24.04.2025 06:00;06:00;600
24.04.2025 07:00;07:00;550
24.04.2025 08:00;08:00;3400
24.04.2025 09:00;09:00;3350
24.04.2025 10:00;10:00;700
24.04.2025 11:00;11:00;3398
24.04.2025 12:00;12:00;1874,88
24.04.2025 13:00;13:00;3400
24.04.2025 14:00;14:00;3400
24.04.2025 15:00;15:00;3400
24.04.2025 16:00;16:00;3400
24.04.2025 17:00;17:00;3400
24.04.2025 18:00;18:00;3400
24.04.2025 19:00;19:00;3400
24.04.2025 20:00;20:00;3400
24.04.2025 21:00;21:00;3400
24.04.2025 22:00;22:00;3298,45
24.04.2025 23:00;23:00;3025,65
25.04.2025 00:00;00:00;2950
25.04.2025 01:00;01:00;2885,59
25.04.2025 02:00;02:00;2498,48
25.04.2025 03:00;03:00;2228
25.04.2025 04:00;04:00;2520
25.04.2025 05:00;05:00;2800
25.04.2025 06:00;06:00;2387,99
25.04.2025 07:00;07:00;2818
25.04.2025 08:00;08:00;3400
25.04.2025 09:00;09:00;3400
25.04.2025 10:00;10:00;3400
25.04.2025 11:00;11:00;3400
25.04.2025 12:00;12:00;3400
25.04.2025 13:00;13:00;1884,95
25.04.2025 14:00;14:00;3150
25.04.2025 15:00;15:00;600
25.04.2025 16:00;16:00;420
25.04.2025 17:00;17:00;3350
25.04.2025 18:00;18:00;3400
25.04.2025 19:00;19:00;3400
25.04.2025 20:00;20:00;3400
25.04.2025 21:00;21:00;3400
25.04.2025 22:00;22:00;3400
25.04.2025 23:00;23:00;3400
26.04.2025 00:00;00:00;3301
26.04.2025 01:00;01:00;3301
26.04.2025 02:00;02:00;3342,17
26.04.2025 03:00;03:00;3301
26.04.2025 04:00;04:00;3380
26.04.2025 05:00;05:00;3400
26.04.2025 06:00;06:00;3301
26.04.2025 07:00;07:00;3400
26.04.2025 08:00;08:00;3400
26.04.2025 09:00;09:00;3301
26.04.2025 10:00;10:00;1707,05
26.04.2025 11:00;11:00;2100
26.04.2025 12:00;12:00;2100
26.04.2025 13:00;13:00;2100
26.04.2025 14:00;14:00;2100
26.04.2025 15:00;15:00;669,99
26.04.2025 16:00;16:00;750
26.04.2025 17:00;17:00;2646,69
26.04.2025 18:00;18:00;3400
26.04.2025 19:00;19:00;3400
26.04.2025 20:00;20:00;3400
26.04.2025 21:00;21:00;3400
26.04.2025 22:00;22:00;3400
26.04.2025 23:00;23:00;3400
27.04.2025 00:00;00:00;2015
27.04.2025 01:00;01:00;1733
27.04.2025 02:00;02:00;2150
27.04.2025 03:00;03:00;669,99
27.04.2025 04:00;04:00;600
27.04.2025 05:00;05:00;600
27.04.2025 06:00;06:00;1
27.04.2025 07:00;07:00;0
27.04.2025 08:00;08:00;0
27.04.2025 09:00;09:00;0
27.04.2025 10:00;10:00;0
27.04.2025 11:00;11:00;0
27.04.2025 12:00;12:00;0
27.04.2025 13:00;13:00;0
27.04.2025 14:00;14:00;0
27.04.2025 15:00;15:00;0
27.04.2025 16:00;16:00;0
27.04.2025 17:00;17:00;0
27.04.2025 18:00;18:00;310
27.04.2025 19:00;19:00;3400
27.04.2025 20:00;20:00;3400
27.04.2025 21:00;21:00;675
27.04.2025 22:00;22:00;670
27.04.2025 23:00;23:00;670
28.04.2025 00:00;00:00;750
28.04.2025 01:00;01:00;600
28.04.2025 02:00;02:00;1290
28.04.2025 03:00;03:00;10
28.04.2025 04:00;04:00;0
28.04.2025 05:00;05:00;0
28.04.2025 06:00;06:00;0
28.04.2025 07:00;07:00;0
28.04.2025 08:00;08:00;0
28.04.2025 09:00;09:00;0
28.04.2025 10:00;10:00;0
28.04.2025 11:00;11:00;0
28.04.2025 12:00;12:00;0
28.04.2025 13:00;13:00;0
28.04.2025 14:00;14:00;0
28.04.2025 15:00;15:00;0
28.04.2025 16:00;16:00;0
28.04.2025 17:00;17:00;1593,97
28.04.2025 18:00;18:00;2948,19
28.04.2025 19:00;19:00;3400
28.04.2025 20:00;20:00;3400
28.04.2025 21:00;21:00;3400
28.04.2025 22:00;22:00;3031,27
28.04.2025 23:00;23:00;675
29.04.2025 00:00;00:00;890
29.04.2025 01:00;01:00;2948,19
29.04.2025 02:00;02:00;1704,2
29.04.2025 03:00;03:00;1704,2
29.04.2025 04:00;04:00;1704,2
29.04.2025 05:00;05:00;2100,01
29.04.2025 06:00;06:00;1309,33
29.04.2025 07:00;07:00;1704,2
29.04.2025 08:00;08:00;3397
29.04.2025 09:00;09:00;2948,19
29.04.2025 10:00;10:00;1874,62
29.04.2025 11:00;11:00;2948,19
29.04.2025 12:00;12:00;1704,2
29.04.2025 13:00;13:00;485,11
29.04.2025 14:00;14:00;1290
29.04.2025 15:00;15:00;1704,2
29.04.2025 16:00;16:00;2948,19
29.04.2025 17:00;17:00;3400
29.04.2025 18:00;18:00;3400
29.04.2025 19:00;19:00;3400
29.04.2025 20:00;20:00;3400
29.04.2025 21:00;21:00;3400
29.04.2025 22:00;22:00;3400
29.04.2025 23:00;23:00;3400
30.04.2025 00:00;00:00;3009,18
30.04.2025 01:00;01:00;2950
30.04.2025 02:00;02:00;2818
30.04.2025 03:00;03:00;890
30.04.2025 04:00;04:00;669,99
30.04.2025 05:00;05:00;1279,99
30.04.2025 06:00;06:00;670
30.04.2025 07:00;07:00;1709,18
30.04.2025 08:00;08:00;3400
30.04.2025 09:00;09:00;2948,19
30.04.2025 10:00;10:00;1399,99
30.04.2025 11:00;11:00;890
30.04.2025 12:00;12:00;101,02
30.04.2025 13:00;13:00;500
30.04.2025 14:00;14:00;750
30.04.2025 15:00;15:00;2818
30.04.2025 16:00;16:00;1679,99
30.04.2025 17:00;17:00;3249,19
30.04.2025 18:00;18:00;1423
30.04.2025 19:00;19:00;3000
30.04.2025 20:00;20:00;3400
30.04.2025 21:00;21:00;2150
30.04.2025 22:00;22:00;890
30.04.2025 23:00;23:00;650
01.05.2025 00:00;00:00;675
01.05.2025 01:00;01:00;2948,19
01.05.2025 02:00;02:00;2818
01.05.2025 03:00;03:00;1400
01.05.2025 04:00;04:00;1399,99
01.05.2025 05:00;05:00;899,99
01.05.2025 06:00;06:00;0
01.05.2025 07:00;07:00;0
01.05.2025 08:00;08:00;0
01.05.2025 09:00;09:00;0
01.05.2025 10:00;10:00;0
01.05.2025 11:00;11:00;0
01.05.2025 12:00;12:00;0
01.05.2025 13:00;13:00;0
01.05.2025 14:00;14:00;0
01.05.2025 15:00;15:00;0
01.05.2025 16:00;16:00;0
01.05.2025 17:00;17:00;670
01.05.2025 18:00;18:00;1980
01.05.2025 19:00;19:00;3400
01.05.2025 20:00;20:00;3400
01.05.2025 21:00;21:00;3400
01.05.2025 22:00;22:00;1719
01.05.2025 23:00;23:00;670
02.05.2025 00:00;00:00;890
02.05.2025 01:00;01:00;1841
02.05.2025 02:00;02:00;1021
02.05.2025 03:00;03:00;890
02.05.2025 04:00;04:00;750
02.05.2025 05:00;05:00;2200,01
02.05.2025 06:00;06:00;670
02.05.2025 07:00;07:00;5
02.05.2025 08:00;08:00;3400
02.05.2025 09:00;09:00;3400
02.05.2025 10:00;10:00;3389,18
02.05.2025 11:00;11:00;3400
02.05.2025 12:00;12:00;2948,19
02.05.2025 13:00;13:00;670
02.05.2025 14:00;14:00;3400
02.05.2025 15:00;15:00;2818
02.05.2025 16:00;16:00;3400
02.05.2025 17:00;17:00;3400
02.05.2025 18:00;18:00;3400
02.05.2025 19:00;19:00;3389,18
02.05.2025 20:00;20:00;3400
02.05.2025 21:00;21:00;3400
02.05.2025 22:00;22:00;2948,19
02.05.2025 23:00;23:00;2928
03.05.2025 00:00;00:00;3005,2
03.05.2025 01:00;01:00;3029,17
03.05.2025 02:00;02:00;3400
03.05.2025 03:00;03:00;3000
03.05.2025 04:00;04:00;2982,83
03.05.2025 05:00;05:00;2948,19
03.05.2025 06:00;06:00;2818
03.05.2025 07:00;07:00;10
03.05.2025 08:00;08:00;2799
03.05.2025 09:00;09:00;708
03.05.2025 10:00;10:00;15
03.05.2025 11:00;11:00;1084,63
03.05.2025 12:00;12:00;100
03.05.2025 13:00;13:00;0
03.05.2025 14:00;14:00;0
03.05.2025 15:00;15:00;1
03.05.2025 16:00;16:00;150
03.05.2025 17:00;17:00;3034,01
03.05.2025 18:00;18:00;2150
03.05.2025 19:00;19:00;3400
03.05.2025 20:00;20:00;3400
03.05.2025 21:00;21:00;3400
03.05.2025 22:00;22:00;3400
03.05.2025 23:00;23:00;3400
04.05.2025 00:00;00:00;3400
04.05.2025 01:00;01:00;3400
04.05.2025 02:00;02:00;2948,19
04.05.2025 03:00;03:00;890
04.05.2025 04:00;04:00;670
04.05.2025 05:00;05:00;2441
04.05.2025 06:00;06:00;669,99
04.05.2025 07:00;07:00;670
04.05.2025 08:00;08:00;0
04.05.2025 09:00;09:00;0
04.05.2025 10:00;10:00;0
04.05.2025 11:00;11:00;0
04.05.2025 12:00;12:00;0
04.05.2025 13:00;13:00;0
04.05.2025 14:00;14:00;0
04.05.2025 15:00;15:00;0
04.05.2025 16:00;16:00;0
04.05.2025 17:00;17:00;669,99
04.05.2025 18:00;18:00;3029,18
04.05.2025 19:00;19:00;3400
04.05.2025 20:00;20:00;3400
04.05.2025 21:00;21:00;3400
04.05.2025 22:00;22:00;3400
04.05.2025 23:00;23:00;3400
05.05.2025 00:00;00:00;3400
05.05.2025 01:00;01:00;3300
05.05.2025 02:00;02:00;2733
05.05.2025 03:00;03:00;2498
05.05.2025 04:00;04:00;2540
05.05.2025 05:00;05:00;2100
05.05.2025 06:00;06:00;1000
05.05.2025 07:00;07:00;669,99
05.05.2025 08:00;08:00;3400
05.05.2025 09:00;09:00;3166,41
05.05.2025 10:00;10:00;669,99
05.05.2025 11:00;11:00;1000
05.05.2025 12:00;12:00;670
05.05.2025 13:00;13:00;670
05.05.2025 14:00;14:00;669,98
05.05.2025 15:00;15:00;669,99
05.05.2025 16:00;16:00;2445
05.05.2025 17:00;17:00;3400
05.05.2025 18:00;18:00;3400
05.05.2025 19:00;19:00;3400
05.05.2025 20:00;20:00;3400
05.05.2025 21:00;21:00;3400
05.05.2025 22:00;22:00;3400
05.05.2025 23:00;23:00;3400
06.05.2025 00:00;00:00;2748
06.05.2025 01:00;01:00;2700
06.05.2025 02:00;02:00;2452,87
06.05.2025 03:00;03:00;2900
06.05.2025 04:00;04:00;3100
06.05.2025 05:00;05:00;3163,63
06.05.2025 06:00;06:00;2320
06.05.2025 07:00;07:00;2063,18
06.05.2025 08:00;08:00;3290,58
06.05.2025 09:00;09:00;3400
06.05.2025 10:00;10:00;400
06.05.2025 11:00;11:00;1492
06.05.2025 12:00;12:00;500
06.05.2025 13:00;13:00;1200
06.05.2025 14:00;14:00;1200
06.05.2025 15:00;15:00;3200
06.05.2025 16:00;16:00;2637
06.05.2025 17:00;17:00;2700
06.05.2025 18:00;18:00;3400
06.05.2025 19:00;19:00;3400
06.05.2025 20:00;20:00;3400
06.05.2025 21:00;21:00;3400
06.05.2025 22:00;22:00;3400
06.05.2025 23:00;23:00;3400
07.05.2025 00:00;00:00;3400
07.05.2025 01:00;01:00;3400
07.05.2025 02:00;02:00;3375
07.05.2025 03:00;03:00;3375
07.05.2025 04:00;04:00;3400
07.05.2025 05:00;05:00;3400
07.05.2025 06:00;06:00;3098
07.05.2025 07:00;07:00;750
07.05.2025 08:00;08:00;3098
07.05.2025 09:00;09:00;3000
07.05.2025 10:00;10:00;2110,01
07.05.2025 11:00;11:00;2948,19
07.05.2025 12:00;12:00;2822
07.05.2025 13:00;13:00;2948,19
07.05.2025 14:00;14:00;3400
07.05.2025 15:00;15:00;3400
07.05.2025 16:00;16:00;3400
07.05.2025 17:00;17:00;3400
07.05.2025 18:00;18:00;3300
07.05.2025 19:00;19:00;3400
07.05.2025 20:00;20:00;3400
07.05.2025 21:00;21:00;3400
07.05.2025 22:00;22:00;3400
07.05.2025 23:00;23:00;3400
08.05.2025 00:00;00:00;3400
08.05.2025 01:00;01:00;3263,16
08.05.2025 02:00;02:00;3100
08.05.2025 03:00;03:00;3198,38
08.05.2025 04:00;04:00;3000
08.05.2025 05:00;05:00;2948,19
08.05.2025 06:00;06:00;890
08.05.2025 07:00;07:00;2112,99
08.05.2025 08:00;08:00;3400
08.05.2025 09:00;09:00;3400
08.05.2025 10:00;10:00;3400
08.05.2025 11:00;11:00;3400
08.05.2025 12:00;12:00;2822
08.05.2025 13:00;13:00;2822
08.05.2025 14:00;14:00;3290,58
08.05.2025 15:00;15:00;750
08.05.2025 16:00;16:00;3000
08.05.2025 17:00;17:00;2205
08.05.2025 18:00;18:00;3400
08.05.2025 19:00;19:00;3400
08.05.2025 20:00;20:00;3400
08.05.2025 21:00;21:00;3400
08.05.2025 22:00;22:00;2948,19
08.05.2025 23:00;23:00;2488,38
09.05.2025 00:00;00:00;3398
09.05.2025 01:00;01:00;3398
09.05.2025 02:00;02:00;3250
09.05.2025 03:00;03:00;3290,58
09.05.2025 04:00;04:00;3400
09.05.2025 05:00;05:00;3400
09.05.2025 06:00;06:00;3400
09.05.2025 07:00;07:00;750
09.05.2025 08:00;08:00;3400
09.05.2025 09:00;09:00;3400
09.05.2025 10:00;10:00;3400
09.05.2025 11:00;11:00;3400
09.05.2025 12:00;12:00;1290
09.05.2025 13:00;13:00;750
09.05.2025 14:00;14:00;3400
09.05.2025 15:00;15:00;3299,99
09.05.2025 16:00;16:00;3017,22
09.05.2025 17:00;17:00;3199,99
09.05.2025 18:00;18:00;3400
09.05.2025 19:00;19:00;3400
09.05.2025 20:00;20:00;3400
09.05.2025 21:00;21:00;3400
09.05.2025 22:00;22:00;3400
09.05.2025 23:00;23:00;3326,17
10.05.2025 00:00;00:00;2217
10.05.2025 01:00;01:00;2217
10.05.2025 02:00;02:00;2217
10.05.2025 03:00;03:00;2834,93
10.05.2025 04:00;04:00;3150
10.05.2025 05:00;05:00;3169,19
10.05.2025 06:00;06:00;2142
10.05.2025 07:00;07:00;4
10.05.2025 08:00;08:00;2948,19
10.05.2025 09:00;09:00;2110
10.05.2025 10:00;10:00;1806,31
10.05.2025 11:00;11:00;2110,01
10.05.2025 12:00;12:00;1400
10.05.2025 13:00;13:00;1806,31
10.05.2025 14:00;14:00;2948,19
10.05.2025 15:00;15:00;2459,8
10.05.2025 16:00;16:00;1806,31
10.05.2025 17:00;17:00;3150
10.05.2025 18:00;18:00;3400
10.05.2025 19:00;19:00;3400
10.05.2025 20:00;20:00;3400
10.05.2025 21:00;21:00;3400
10.05.2025 22:00;22:00;3299,99
10.05.2025 23:00;23:00;2217
11.05.2025 00:00;00:00;600
11.05.2025 01:00;01:00;600
11.05.2025 02:00;02:00;750
11.05.2025 03:00;03:00;2395
11.05.2025 04:00;04:00;2948,19
11.05.2025 05:00;05:00;2500,39
11.05.2025 06:00;06:00;600
11.05.2025 07:00;07:00;0
11.05.2025 08:00;08:00;0
11.05.2025 09:00;09:00;0
11.05.2025 10:00;10:00;0
11.05.2025 11:00;11:00;0
11.05.2025 12:00;12:00;0
11.05.2025 13:00;13:00;0
11.05.2025 14:00;14:00;0
11.05.2025 15:00;15:00;0
11.05.2025 16:00;16:00;0
11.05.2025 17:00;17:00;1
11.05.2025 18:00;18:00;3079,19
11.05.2025 19:00;19:00;3400
11.05.2025 20:00;20:00;3400
11.05.2025 21:00;21:00;3400
11.05.2025 22:00;22:00;3400
11.05.2025 23:00;23:00;3264,07
12.05.2025 00:00;00:00;2000
12.05.2025 01:00;01:00;2217
12.05.2025 02:00;02:00;2030,11
12.05.2025 03:00;03:00;2524,99
12.05.2025 04:00;04:00;2500
12.05.2025 05:00;05:00;2500,39
12.05.2025 06:00;06:00;1000
12.05.2025 07:00;07:00;600
12.05.2025 08:00;08:00;3400
12.05.2025 09:00;09:00;3400
12.05.2025 10:00;10:00;3000
12.05.2025 11:00;11:00;3040,01
12.05.2025 12:00;12:00;1525
12.05.2025 13:00;13:00;2948,19
12.05.2025 14:00;14:00;3400
12.05.2025 15:00;15:00;3400
12.05.2025 16:00;16:00;3400
12.05.2025 17:00;17:00;3400
12.05.2025 18:00;18:00;3400
12.05.2025 19:00;19:00;3400
12.05.2025 20:00;20:00;3400
12.05.2025 21:00;21:00;3400
12.05.2025 22:00;22:00;1872
12.05.2025 23:00;23:00;650
13.05.2025 00:00;00:00;1341
13.05.2025 01:00;01:00;1000
13.05.2025 02:00;02:00;750
13.05.2025 03:00;03:00;1000
13.05.2025 04:00;04:00;2180,41
13.05.2025 05:00;05:00;1000
13.05.2025 06:00;06:00;650
13.05.2025 07:00;07:00;405
13.05.2025 08:00;08:00;2948,19
13.05.2025 09:00;09:00;1000
13.05.2025 10:00;10:00;600
13.05.2025 11:00;11:00;509,11
13.05.2025 12:00;12:00;5
13.05.2025 13:00;13:00;600
13.05.2025 14:00;14:00;3000
13.05.2025 15:00;15:00;3233
13.05.2025 16:00;16:00;3400
13.05.2025 17:00;17:00;3400
13.05.2025 18:00;18:00;2948,19
13.05.2025 19:00;19:00;2205
13.05.2025 20:00;20:00;3400
13.05.2025 21:00;21:00;3400
13.05.2025 22:00;22:00;3156,81
13.05.2025 23:00;23:00;2658
14.05.2025 00:00;00:00;2205
14.05.2025 01:00;01:00;2830
14.05.2025 02:00;02:00;2800
14.05.2025 03:00;03:00;1900
14.05.2025 04:00;04:00;2350,01
14.05.2025 05:00;05:00;2948,19
14.05.2025 06:00;06:00;2110
14.05.2025 07:00;07:00;600
14.05.2025 08:00;08:00;2900
14.05.2025 09:00;09:00;1644,79
14.05.2025 10:00;10:00;750
14.05.2025 11:00;11:00;1790,93
14.05.2025 12:00;12:00;1400
14.05.2025 13:00;13:00;1644,79
14.05.2025 14:00;14:00;2830
14.05.2025 15:00;15:00;3244,25
14.05.2025 16:00;16:00;3350
14.05.2025 17:00;17:00;3400
14.05.2025 18:00;18:00;2204
14.05.2025 19:00;19:00;3400
14.05.2025 20:00;20:00;3400
14.05.2025 21:00;21:00;3400
14.05.2025 22:00;22:00;3233
14.05.2025 23:00;23:00;2205
15.05.2025 00:00;00:00;2255,01
15.05.2025 01:00;01:00;1751
15.05.2025 02:00;02:00;2600
15.05.2025 03:00;03:00;2600
15.05.2025 04:00;04:00;2864
15.05.2025 05:00;05:00;2829,99
15.05.2025 06:00;06:00;1751
15.05.2025 07:00;07:00;750
15.05.2025 08:00;08:00;2900
15.05.2025 09:00;09:00;650
15.05.2025 10:00;10:00;599,99
15.05.2025 11:00;11:00;600
15.05.2025 12:00;12:00;600
15.05.2025 13:00;13:00;1200
15.05.2025 14:00;14:00;1200
15.05.2025 15:00;15:00;650
15.05.2025 16:00;16:00;675
15.05.2025 17:00;17:00;2200
15.05.2025 18:00;18:00;3400
15.05.2025 19:00;19:00;3400
15.05.2025 20:00;20:00;3400
15.05.2025 21:00;21:00;3400
15.05.2025 22:00;22:00;3400
15.05.2025 23:00;23:00;3400
16.05.2025 00:00;00:00;1883
16.05.2025 01:00;01:00;1691
16.05.2025 02:00;02:00;3400
16.05.2025 03:00;03:00;3110
16.05.2025 04:00;04:00;3400
16.05.2025 05:00;05:00;3000
16.05.2025 06:00;06:00;2830
16.05.2025 07:00;07:00;1499,99
16.05.2025 08:00;08:00;3400
16.05.2025 09:00;09:00;3400
16.05.2025 10:00;10:00;3400
16.05.2025 11:00;11:00;2948,19
16.05.2025 12:00;12:00;0
16.05.2025 13:00;13:00;0
16.05.2025 14:00;14:00;2110
16.05.2025 15:00;15:00;2948,19
16.05.2025 16:00;16:00;3348
16.05.2025 17:00;17:00;3400
16.05.2025 18:00;18:00;3400
16.05.2025 19:00;19:00;3400
16.05.2025 20:00;20:00;3400
16.05.2025 21:00;21:00;3400
16.05.2025 22:00;22:00;3400
16.05.2025 23:00;23:00;2958,11
17.05.2025 00:00;00:00;599,99
17.05.2025 01:00;01:00;2636,78
17.05.2025 02:00;02:00;1129
17.05.2025 03:00;03:00;1400
17.05.2025 04:00;04:00;1620,35
17.05.2025 05:00;05:00;2110
17.05.2025 06:00;06:00;0
17.05.2025 07:00;07:00;0
17.05.2025 08:00;08:00;0
17.05.2025 09:00;09:00;50
17.05.2025 10:00;10:00;0
17.05.2025 11:00;11:00;0
17.05.2025 12:00;12:00;0
17.05.2025 13:00;13:00;0
17.05.2025 14:00;14:00;10
17.05.2025 15:00;15:00;0
17.05.2025 16:00;16:00;2064
17.05.2025 17:00;17:00;3400
17.05.2025 18:00;18:00;3400
17.05.2025 19:00;19:00;3400
17.05.2025 20:00;20:00;3400
17.05.2025 21:00;21:00;3400
17.05.2025 22:00;22:00;3400
17.05.2025 23:00;23:00;3400
18.05.2025 00:00;00:00;3400
18.05.2025 01:00;01:00;3291,33
18.05.2025 02:00;02:00;2979,2
18.05.2025 03:00;03:00;2400
18.05.2025 04:00;04:00;2600
18.05.2025 05:00;05:00;2207
18.05.2025 06:00;06:00;2948,19
18.05.2025 07:00;07:00;1004,01
18.05.2025 08:00;08:00;0
18.05.2025 09:00;09:00;0
18.05.2025 10:00;10:00;0
18.05.2025 11:00;11:00;0
18.05.2025 12:00;12:00;0
18.05.2025 13:00;13:00;0
18.05.2025 14:00;14:00;0
18.05.2025 15:00;15:00;0
18.05.2025 16:00;16:00;0
18.05.2025 17:00;17:00;0
18.05.2025 18:00;18:00;1590,1
18.05.2025 19:00;19:00;2600
18.05.2025 20:00;20:00;3400
18.05.2025 21:00;21:00;3400
18.05.2025 22:00;22:00;2600
18.05.2025 23:00;23:00;2053,44
19.05.2025 00:00;00:00;2475
19.05.2025 01:00;01:00;2600
19.05.2025 02:00;02:00;2600
19.05.2025 03:00;03:00;1810,11
19.05.2025 04:00;04:00;2317
19.05.2025 05:00;05:00;850
19.05.2025 06:00;06:00;599,99
19.05.2025 07:00;07:00;0
19.05.2025 08:00;08:00;0
19.05.2025 09:00;09:00;0
19.05.2025 10:00;10:00;0
19.05.2025 11:00;11:00;0
19.05.2025 12:00;12:00;0
19.05.2025 13:00;13:00;0
19.05.2025 14:00;14:00;0
19.05.2025 15:00;15:00;0
19.05.2025 16:00;16:00;0
19.05.2025 17:00;17:00;2500,01
19.05.2025 18:00;18:00;2700
19.05.2025 19:00;19:00;3400
19.05.2025 20:00;20:00;3400
19.05.2025 21:00;21:00;3400
19.05.2025 22:00;22:00;3268,99
19.05.2025 23:00;23:00;918
20.05.2025 00:00;00:00;2200
20.05.2025 01:00;01:00;2951,18
20.05.2025 02:00;02:00;2464
20.05.2025 03:00;03:00;2878,07
20.05.2025 04:00;04:00;3350
20.05.2025 05:00;05:00;2820
20.05.2025 06:00;06:00;2604,99
20.05.2025 07:00;07:00;1788,98
20.05.2025 08:00;08:00;3350
20.05.2025 09:00;09:00;3400
20.05.2025 10:00;10:00;2110
20.05.2025 11:00;11:00;2110
20.05.2025 12:00;12:00;1617,36
20.05.2025 13:00;13:00;2700
20.05.2025 14:00;14:00;3400
20.05.2025 15:00;15:00;3400
20.05.2025 16:00;16:00;3400
20.05.2025 17:00;17:00;2207
20.05.2025 18:00;18:00;3400
20.05.2025 19:00;19:00;3400
20.05.2025 20:00;20:00;3400
20.05.2025 21:00;21:00;3400
20.05.2025 22:00;22:00;3400
20.05.2025 23:00;23:00;3100
21.05.2025 00:00;00:00;2552,01
21.05.2025 01:00;01:00;3109,66
21.05.2025 02:00;02:00;3060,69
21.05.2025 03:00;03:00;2954,19
21.05.2025 04:00;04:00;3000
21.05.2025 05:00;05:00;3000
21.05.2025 06:00;06:00;3100
21.05.2025 07:00;07:00;3290,58
21.05.2025 08:00;08:00;2937,81
21.05.2025 09:00;09:00;2948,19
21.05.2025 10:00;10:00;650
21.05.2025 11:00;11:00;720
21.05.2025 12:00;12:00;760
21.05.2025 13:00;13:00;1000
21.05.2025 14:00;14:00;2948,19
21.05.2025 15:00;15:00;2830
21.05.2025 16:00;16:00;650
21.05.2025 17:00;17:00;2207
21.05.2025 18:00;18:00;3400
21.05.2025 19:00;19:00;3400
21.05.2025 20:00;20:00;3400
21.05.2025 21:00;21:00;3400
21.05.2025 22:00;22:00;3400
21.05.2025 23:00;23:00;3400
22.05.2025 00:00;00:00;3400
22.05.2025 01:00;01:00;3400
22.05.2025 02:00;02:00;3327,18
22.05.2025 03:00;03:00;2227
22.05.2025 04:00;04:00;2227
22.05.2025 05:00;05:00;2389,99
22.05.2025 06:00;06:00;3000
22.05.2025 07:00;07:00;1850
22.05.2025 08:00;08:00;2750
22.05.2025 09:00;09:00;1950
22.05.2025 10:00;10:00;2188
22.05.2025 11:00;11:00;2350
22.05.2025 12:00;12:00;1300
22.05.2025 13:00;13:00;2467,07
22.05.2025 14:00;14:00;3400
22.05.2025 15:00;15:00;3000
22.05.2025 16:00;16:00;3400
22.05.2025 17:00;17:00;3400
22.05.2025 18:00;18:00;3400
22.05.2025 19:00;19:00;3400
22.05.2025 20:00;20:00;3400
22.05.2025 21:00;21:00;3400
22.05.2025 22:00;22:00;3400
22.05.2025 23:00;23:00;3400
23.05.2025 00:00;00:00;3400
23.05.2025 01:00;01:00;3400
23.05.2025 02:00;02:00;2227
23.05.2025 03:00;03:00;1916
23.05.2025 04:00;04:00;1918
23.05.2025 05:00;05:00;2700
23.05.2025 06:00;06:00;2227
23.05.2025 07:00;07:00;1113,01
23.05.2025 08:00;08:00;3360
23.05.2025 09:00;09:00;3226,71
23.05.2025 10:00;10:00;2300
23.05.2025 11:00;11:00;3299,99
23.05.2025 12:00;12:00;1174,99
23.05.2025 13:00;13:00;2948,19
23.05.2025 14:00;14:00;3400
23.05.2025 15:00;15:00;2994
23.05.2025 16:00;16:00;3001
23.05.2025 17:00;17:00;3400
23.05.2025 18:00;18:00;3400
23.05.2025 19:00;19:00;3400
23.05.2025 20:00;20:00;3400
23.05.2025 21:00;21:00;3400
23.05.2025 22:00;22:00;3400
23.05.2025 23:00;23:00;3400
24.05.2025 00:00;00:00;3400
24.05.2025 01:00;01:00;3400
24.05.2025 02:00;02:00;3400
24.05.2025 03:00;03:00;3400
24.05.2025 04:00;04:00;3400
24.05.2025 05:00;05:00;3290,58
24.05.2025 06:00;06:00;3396
24.05.2025 07:00;07:00;2627,5
24.05.2025 08:00;08:00;3310
24.05.2025 09:00;09:00;3400
24.05.2025 10:00;10:00;2948,19
24.05.2025 11:00;11:00;3400
24.05.2025 12:00;12:00;3000
24.05.2025 13:00;13:00;3398
24.05.2025 14:00;14:00;3400
24.05.2025 15:00;15:00;3310
24.05.2025 16:00;16:00;3200
24.05.2025 17:00;17:00;1851
24.05.2025 18:00;18:00;3400
24.05.2025 19:00;19:00;3400
24.05.2025 20:00;20:00;3400
24.05.2025 21:00;21:00;3400
24.05.2025 22:00;22:00;3400
24.05.2025 23:00;23:00;3400
25.05.2025 00:00;00:00;2227
25.05.2025 01:00;01:00;3191,53
25.05.2025 02:00;02:00;3128,8
25.05.2025 03:00;03:00;2227
25.05.2025 04:00;04:00;2227
25.05.2025 05:00;05:00;790
25.05.2025 06:00;06:00;600
25.05.2025 07:00;07:00;0
25.05.2025 08:00;08:00;0
25.05.2025 09:00;09:00;0
25.05.2025 10:00;10:00;0
25.05.2025 11:00;11:00;0
25.05.2025 12:00;12:00;0
25.05.2025 13:00;13:00;0
25.05.2025 14:00;14:00;0
25.05.2025 15:00;15:00;1290
25.05.2025 16:00;16:00;2110
25.05.2025 17:00;17:00;3400
25.05.2025 18:00;18:00;3400
25.05.2025 19:00;19:00;3400
25.05.2025 20:00;20:00;3400
25.05.2025 21:00;21:00;3400
25.05.2025 22:00;22:00;3400
25.05.2025 23:00;23:00;2227
26.05.2025 00:00;00:00;650
26.05.2025 01:00;01:00;2342,99
26.05.2025 02:00;02:00;1340,83
26.05.2025 03:00;03:00;2513
26.05.2025 04:00;04:00;2948,19
26.05.2025 05:00;05:00;3350
26.05.2025 06:00;06:00;2948,19
26.05.2025 07:00;07:00;2948,19
26.05.2025 08:00;08:00;3400
26.05.2025 09:00;09:00;3400
26.05.2025 10:00;10:00;3400
26.05.2025 11:00;11:00;3400
26.05.2025 12:00;12:00;3400
26.05.2025 13:00;13:00;3290,58
26.05.2025 14:00;14:00;3400
26.05.2025 15:00;15:00;3400
26.05.2025 16:00;16:00;3400
26.05.2025 17:00;17:00;3400
26.05.2025 18:00;18:00;3400
26.05.2025 19:00;19:00;3400
26.05.2025 20:00;20:00;3400
26.05.2025 21:00;21:00;3400
26.05.2025 22:00;22:00;3400
26.05.2025 23:00;23:00;3400
27.05.2025 00:00;00:00;3400
27.05.2025 01:00;01:00;2227
27.05.2025 02:00;02:00;2720,78
27.05.2025 03:00;03:00;3290,58
27.05.2025 04:00;04:00;3300
27.05.2025 05:00;05:00;3198
27.05.2025 06:00;06:00;3300
27.05.2025 07:00;07:00;3310
27.05.2025 08:00;08:00;3400
27.05.2025 09:00;09:00;3400
27.05.2025 10:00;10:00;1236
27.05.2025 11:00;11:00;1236
27.05.2025 12:00;12:00;600
27.05.2025 13:00;13:00;2750
27.05.2025 14:00;14:00;3300
27.05.2025 15:00;15:00;3300
27.05.2025 16:00;16:00;3400
27.05.2025 17:00;17:00;3400
27.05.2025 18:00;18:00;3400
27.05.2025 19:00;19:00;3400
27.05.2025 20:00;20:00;3400
27.05.2025 21:00;21:00;3400
27.05.2025 22:00;22:00;3400
27.05.2025 23:00;23:00;2227
28.05.2025 00:00;00:00;1908
28.05.2025 01:00;01:00;2147
28.05.2025 02:00;02:00;1850
28.05.2025 03:00;03:00;2147
28.05.2025 04:00;04:00;2149
28.05.2025 05:00;05:00;2147
28.05.2025 06:00;06:00;750
28.05.2025 07:00;07:00;600
28.05.2025 08:00;08:00;2149
28.05.2025 09:00;09:00;1000
28.05.2025 10:00;10:00;675
28.05.2025 11:00;11:00;600
28.05.2025 12:00;12:00;600
28.05.2025 13:00;13:00;1987
28.05.2025 14:00;14:00;2850,99
28.05.2025 15:00;15:00;2147
28.05.2025 16:00;16:00;3205
28.05.2025 17:00;17:00;3400
28.05.2025 18:00;18:00;3400
28.05.2025 19:00;19:00;3400
28.05.2025 20:00;20:00;3400
28.05.2025 21:00;21:00;3400
28.05.2025 22:00;22:00;3400
28.05.2025 23:00;23:00;3400
29.05.2025 00:00;00:00;3250,01
29.05.2025 01:00;01:00;3400
29.05.2025 02:00;02:00;3300
29.05.2025 03:00;03:00;3201
29.05.2025 04:00;04:00;3201
29.05.2025 05:00;05:00;2500
29.05.2025 06:00;06:00;2157
29.05.2025 07:00;07:00;1787
29.05.2025 08:00;08:00;3400
29.05.2025 09:00;09:00;3400
29.05.2025 10:00;10:00;3201
29.05.2025 11:00;11:00;2398,99
29.05.2025 12:00;12:00;2845
29.05.2025 13:00;13:00;3400
29.05.2025 14:00;14:00;3400
29.05.2025 15:00;15:00;3400
29.05.2025 16:00;16:00;3400
29.05.2025 17:00;17:00;3400
29.05.2025 18:00;18:00;2157
29.05.2025 19:00;19:00;2157
29.05.2025 20:00;20:00;2155
29.05.2025 21:00;21:00;2510,11
29.05.2025 22:00;22:00;2157
29.05.2025 23:00;23:00;2177
30.05.2025 00:00;00:00;2650
30.05.2025 01:00;01:00;3150
30.05.2025 02:00;02:00;3200
30.05.2025 03:00;03:00;3200
30.05.2025 04:00;04:00;3350
30.05.2025 05:00;05:00;3028,2
30.05.2025 06:00;06:00;2350
30.05.2025 07:00;07:00;3200
30.05.2025 08:00;08:00;3400
30.05.2025 09:00;09:00;3400
30.05.2025 10:00;10:00;599,99
30.05.2025 11:00;11:00;1000
30.05.2025 12:00;12:00;1170,99
30.05.2025 13:00;13:00;600
30.05.2025 14:00;14:00;3400
30.05.2025 15:00;15:00;3200
30.05.2025 16:00;16:00;3201
30.05.2025 17:00;17:00;3350
30.05.2025 18:00;18:00;2167
30.05.2025 19:00;19:00;2051
30.05.2025 20:00;20:00;3400
30.05.2025 21:00;21:00;3400
30.05.2025 22:00;22:00;3200
30.05.2025 23:00;23:00;2948,19
31.05.2025 00:00;00:00;3350
31.05.2025 01:00;01:00;3370
31.05.2025 02:00;02:00;3201
31.05.2025 03:00;03:00;2818,08
31.05.2025 04:00;04:00;2948,19
31.05.2025 05:00;05:00;1417
31.05.2025 06:00;06:00;600
31.05.2025 07:00;07:00;0
31.05.2025 08:00;08:00;0
31.05.2025 09:00;09:00;1
31.05.2025 10:00;10:00;0
31.05.2025 11:00;11:00;0
31.05.2025 12:00;12:00;0
31.05.2025 13:00;13:00;0
31.05.2025 14:00;14:00;,99
31.05.2025 15:00;15:00;0
31.05.2025 16:00;16:00;10
31.05.2025 17:00;17:00;1645,34
31.05.2025 18:00;18:00;3201
31.05.2025 19:00;19:00;3400
31.05.2025 20:00;20:00;3400
31.05.2025 21:00;21:00;3400
31.05.2025 22:00;22:00;3370
31.05.2025 23:00;23:00;2870,52
01.06.2025 00:00;00:00;2358
01.06.2025 01:00;01:00;999,99
01.06.2025 02:00;02:00;795
01.06.2025 03:00;03:00;600
01.06.2025 04:00;04:00;795
01.06.2025 05:00;05:00;600
01.06.2025 06:00;06:00;600
01.06.2025 07:00;07:00;0
01.06.2025 08:00;08:00;0
01.06.2025 09:00;09:00;0
01.06.2025 10:00;10:00;0
01.06.2025 11:00;11:00;0
01.06.2025 12:00;12:00;0
01.06.2025 13:00;13:00;0
01.06.2025 14:00;14:00;0
01.06.2025 15:00;15:00;,99
01.06.2025 16:00;16:00;0
01.06.2025 17:00;17:00;1481
01.06.2025 18:00;18:00;3380
01.06.2025 19:00;19:00;3400
01.06.2025 20:00;20:00;3400
01.06.2025 21:00;21:00;3400
01.06.2025 22:00;22:00;3400
01.06.2025 23:00;23:00;3200
02.06.2025 00:00;00:00;1743
02.06.2025 01:00;01:00;2358
02.06.2025 02:00;02:00;1306
02.06.2025 03:00;03:00;1999
02.06.2025 04:00;04:00;2100
02.06.2025 05:00;05:00;2599
02.06.2025 06:00;06:00;1290
02.06.2025 07:00;07:00;600
02.06.2025 08:00;08:00;675
02.06.2025 09:00;09:00;600
02.06.2025 10:00;10:00;600
02.06.2025 11:00;11:00;1790,01
02.06.2025 12:00;12:00;600
02.06.2025 13:00;13:00;3201
02.06.2025 14:00;14:00;3000
02.06.2025 15:00;15:00;1890,01
02.06.2025 16:00;16:00;2858
02.06.2025 17:00;17:00;3250
02.06.2025 18:00;18:00;2187
02.06.2025 19:00;19:00;3400
02.06.2025 20:00;20:00;3400
02.06.2025 21:00;21:00;3400
02.06.2025 22:00;22:00;3400
02.06.2025 23:00;23:00;3400
03.06.2025 00:00;00:00;2158
03.06.2025 01:00;01:00;2158
03.06.2025 02:00;02:00;2000
03.06.2025 03:00;03:00;2158
03.06.2025 04:00;04:00;1320
03.06.2025 05:00;05:00;1298
03.06.2025 06:00;06:00;720
03.06.2025 07:00;07:00;599,99
03.06.2025 08:00;08:00;2948,19
03.06.2025 09:00;09:00;600
03.06.2025 10:00;10:00;1400
03.06.2025 11:00;11:00;1488,03
03.06.2025 12:00;12:00;1630,35
03.06.2025 13:00;13:00;1865,01
03.06.2025 14:00;14:00;2858
03.06.2025 15:00;15:00;1793,38
03.06.2025 16:00;16:00;2848
03.06.2025 17:00;17:00;1977
03.06.2025 18:00;18:00;1669
03.06.2025 19:00;19:00;2850
03.06.2025 20:00;20:00;3400
03.06.2025 21:00;21:00;3400
03.06.2025 22:00;22:00;2287
03.06.2025 23:00;23:00;1551
04.06.2025 00:00;00:00;2149
04.06.2025 01:00;01:00;2120,1
04.06.2025 02:00;02:00;790
04.06.2025 03:00;03:00;790
04.06.2025 04:00;04:00;1000
04.06.2025 05:00;05:00;750
04.06.2025 06:00;06:00;600
04.06.2025 07:00;07:00;599,99
04.06.2025 08:00;08:00;599,99
04.06.2025 09:00;09:00;500
04.06.2025 10:00;10:00;10
04.06.2025 11:00;11:00;1,39
04.06.2025 12:00;12:00;1,4
04.06.2025 13:00;13:00;1290
04.06.2025 14:00;14:00;988
04.06.2025 15:00;15:00;1290
04.06.2025 16:00;16:00;600
04.06.2025 17:00;17:00;600
04.06.2025 18:00;18:00;750
04.06.2025 19:00;19:00;2001
04.06.2025 20:00;20:00;2493
04.06.2025 21:00;21:00;2149
04.06.2025 22:00;22:00;600
04.06.2025 23:00;23:00;600
05.06.2025 00:00;00:00;2500
05.06.2025 01:00;01:00;2600
05.06.2025 02:00;02:00;2600
05.06.2025 03:00;03:00;2600
05.06.2025 04:00;04:00;1900,01
05.06.2025 05:00;05:00;2550
05.06.2025 06:00;06:00;1190,4
05.06.2025 07:00;07:00;0
05.06.2025 08:00;08:00;0
05.06.2025 09:00;09:00;0
05.06.2025 10:00;10:00;0
05.06.2025 11:00;11:00;0
05.06.2025 12:00;12:00;0
05.06.2025 13:00;13:00;0
05.06.2025 14:00;14:00;0
05.06.2025 15:00;15:00;0
05.06.2025 16:00;16:00;0
05.06.2025 17:00;17:00;,98
05.06.2025 18:00;18:00;3200
05.06.2025 19:00;19:00;3400
05.06.2025 20:00;20:00;3400
05.06.2025 21:00;21:00;3400
05.06.2025 22:00;22:00;3248
05.06.2025 23:00;23:00;2698
06.06.2025 00:00;00:00;750
06.06.2025 01:00;01:00;1400
06.06.2025 02:00;02:00;1400
06.06.2025 03:00;03:00;1600
06.06.2025 04:00;04:00;1700
06.06.2025 05:00;05:00;1790,01
06.06.2025 06:00;06:00;1525
06.06.2025 07:00;07:00;0
06.06.2025 08:00;08:00;0
06.06.2025 09:00;09:00;0
06.06.2025 10:00;10:00;0
06.06.2025 11:00;11:00;0
06.06.2025 12:00;12:00;0
06.06.2025 13:00;13:00;0
06.06.2025 14:00;14:00;0
06.06.2025 15:00;15:00;0
06.06.2025 16:00;16:00;0
06.06.2025 17:00;17:00;1
06.06.2025 18:00;18:00;1525,01
06.06.2025 19:00;19:00;3400
06.06.2025 20:00;20:00;3248
06.06.2025 21:00;21:00;2100
06.06.2025 22:00;22:00;1525
06.06.2025 23:00;23:00;1400
07.06.2025 00:00;00:00;750
07.06.2025 01:00;01:00;750
07.06.2025 02:00;02:00;1034,63
07.06.2025 03:00;03:00;1399,99
07.06.2025 04:00;04:00;1500,01
07.06.2025 05:00;05:00;1293
07.06.2025 06:00;06:00;1290
07.06.2025 07:00;07:00;0
07.06.2025 08:00;08:00;0
07.06.2025 09:00;09:00;0
07.06.2025 10:00;10:00;0
07.06.2025 11:00;11:00;0
07.06.2025 12:00;12:00;0
07.06.2025 13:00;13:00;0
07.06.2025 14:00;14:00;0
07.06.2025 15:00;15:00;0
07.06.2025 16:00;16:00;0
07.06.2025 17:00;17:00;1290
07.06.2025 18:00;18:00;3400
07.06.2025 19:00;19:00;3400
07.06.2025 20:00;20:00;3400
07.06.2025 21:00;21:00;3400
07.06.2025 22:00;22:00;3200
07.06.2025 23:00;23:00;1784,34
08.06.2025 00:00;00:00;3200
08.06.2025 01:00;01:00;3200
08.06.2025 02:00;02:00;3200
08.06.2025 03:00;03:00;3400
08.06.2025 04:00;04:00;3400
08.06.2025 05:00;05:00;1595,01
08.06.2025 06:00;06:00;1625
08.06.2025 07:00;07:00;779
08.06.2025 08:00;08:00;0
08.06.2025 09:00;09:00;0
08.06.2025 10:00;10:00;0
08.06.2025 11:00;11:00;0
08.06.2025 12:00;12:00;0
08.06.2025 13:00;13:00;0
08.06.2025 14:00;14:00;0
08.06.2025 15:00;15:00;0
08.06.2025 16:00;16:00;276,92
08.06.2025 17:00;17:00;1319,2
08.06.2025 18:00;18:00;3400
08.06.2025 19:00;19:00;3400
08.06.2025 20:00;20:00;3400
08.06.2025 21:00;21:00;3400
08.06.2025 22:00;22:00;3400
08.06.2025 23:00;23:00;3400
09.06.2025 00:00;00:00;3400
09.06.2025 01:00;01:00;3400
09.06.2025 02:00;02:00;3400
09.06.2025 03:00;03:00;3320
09.06.2025 04:00;04:00;3240,01
09.06.2025 05:00;05:00;750
09.06.2025 06:00;06:00;750
09.06.2025 07:00;07:00;599,99
09.06.2025 08:00;08:00;0
09.06.2025 09:00;09:00;0
09.06.2025 10:00;10:00;0
09.06.2025 11:00;11:00;0
09.06.2025 12:00;12:00;0
09.06.2025 13:00;13:00;0
09.06.2025 14:00;14:00;0
09.06.2025 15:00;15:00;0
09.06.2025 16:00;16:00;680
09.06.2025 17:00;17:00;750
09.06.2025 18:00;18:00;3065
09.06.2025 19:00;19:00;3400
09.06.2025 20:00;20:00;3400
09.06.2025 21:00;21:00;3400
09.06.2025 22:00;22:00;600
09.06.2025 23:00;23:00;600
10.06.2025 00:00;00:00;675
10.06.2025 01:00;01:00;1790
10.06.2025 02:00;02:00;600
10.06.2025 03:00;03:00;600
10.06.2025 04:00;04:00;600
10.06.2025 05:00;05:00;600
10.06.2025 06:00;06:00;400
10.06.2025 07:00;07:00;0
10.06.2025 08:00;08:00;1329,79
10.06.2025 09:00;09:00;1525
10.06.2025 10:00;10:00;1400
10.06.2025 11:00;11:00;1525
10.06.2025 12:00;12:00;1290
10.06.2025 13:00;13:00;1525,01
10.06.2025 14:00;14:00;1525
10.06.2025 15:00;15:00;1730,41
10.06.2025 16:00;16:00;3400
10.06.2025 17:00;17:00;3400
10.06.2025 18:00;18:00;3400
10.06.2025 19:00;19:00;3400
10.06.2025 20:00;20:00;3400
10.06.2025 21:00;21:00;3400
10.06.2025 22:00;22:00;3400
10.06.2025 23:00;23:00;3400
11.06.2025 00:00;00:00;3400
11.06.2025 01:00;01:00;3400
11.06.2025 02:00;02:00;3400
11.06.2025 03:00;03:00;3400
11.06.2025 04:00;04:00;3399
11.06.2025 05:00;05:00;3400
11.06.2025 06:00;06:00;3200
11.06.2025 07:00;07:00;1850
11.06.2025 08:00;08:00;3400
11.06.2025 09:00;09:00;3400
11.06.2025 10:00;10:00;3400
11.06.2025 11:00;11:00;3400
11.06.2025 12:00;12:00;3200
11.06.2025 13:00;13:00;3400
11.06.2025 14:00;14:00;3400
11.06.2025 15:00;15:00;3400
11.06.2025 16:00;16:00;3400
11.06.2025 17:00;17:00;3400
11.06.2025 18:00;18:00;3400
11.06.2025 19:00;19:00;3400
11.06.2025 20:00;20:00;3400
11.06.2025 21:00;21:00;3400
11.06.2025 22:00;22:00;3400
11.06.2025 23:00;23:00;3400
12.06.2025 00:00;00:00;3400
12.06.2025 01:00;01:00;3400
12.06.2025 02:00;02:00;3357
12.06.2025 03:00;03:00;3100
12.06.2025 04:00;04:00;2998,16
12.06.2025 05:00;05:00;2301
12.06.2025 06:00;06:00;2301
12.06.2025 07:00;07:00;750
12.06.2025 08:00;08:00;3400
12.06.2025 09:00;09:00;3400
12.06.2025 10:00;10:00;3400
12.06.2025 11:00;11:00;3400
12.06.2025 12:00;12:00;2948,19
12.06.2025 13:00;13:00;3400
12.06.2025 14:00;14:00;3400
12.06.2025 15:00;15:00;3400
12.06.2025 16:00;16:00;3100
12.06.2025 17:00;17:00;3400
12.06.2025 18:00;18:00;3400
12.06.2025 19:00;19:00;3400
12.06.2025 20:00;20:00;3400
12.06.2025 21:00;21:00;3400
12.06.2025 22:00;22:00;3400
12.06.2025 23:00;23:00;2948,19
13.06.2025 00:00;00:00;2452,01
13.06.2025 01:00;01:00;2934,47
13.06.2025 02:00;02:00;3000
13.06.2025 03:00;03:00;3066,07
13.06.2025 04:00;04:00;2924,99
13.06.2025 05:00;05:00;3000
13.06.2025 06:00;06:00;2749
13.06.2025 07:00;07:00;1521,1
13.06.2025 08:00;08:00;3400
13.06.2025 09:00;09:00;3400
13.06.2025 10:00;10:00;3200
13.06.2025 11:00;11:00;3300
13.06.2025 12:00;12:00;1400
13.06.2025 13:00;13:00;1359,8
13.06.2025 14:00;14:00;3350
13.06.2025 15:00;15:00;3000
13.06.2025 16:00;16:00;3178,47
13.06.2025 17:00;17:00;3350
13.06.2025 18:00;18:00;3140
13.06.2025 19:00;19:00;3400
13.06.2025 20:00;20:00;3400
13.06.2025 21:00;21:00;3400
13.06.2025 22:00;22:00;3400
13.06.2025 23:00;23:00;3150
14.06.2025 00:00;00:00;3097
14.06.2025 01:00;01:00;2954,54
14.06.2025 02:00;02:00;2925
14.06.2025 03:00;03:00;3400
14.06.2025 04:00;04:00;3400
14.06.2025 05:00;05:00;3350
14.06.2025 06:00;06:00;2090,01
14.06.2025 07:00;07:00;1200
14.06.2025 08:00;08:00;675
14.06.2025 09:00;09:00;675
14.06.2025 10:00;10:00;675
14.06.2025 11:00;11:00;1850
14.06.2025 12:00;12:00;10
14.06.2025 13:00;13:00;750
14.06.2025 14:00;14:00;400
14.06.2025 15:00;15:00;1488,01
14.06.2025 16:00;16:00;1928,14
14.06.2025 17:00;17:00;3000
14.06.2025 18:00;18:00;3400
14.06.2025 19:00;19:00;3400
14.06.2025 20:00;20:00;3400
14.06.2025 21:00;21:00;3400
14.06.2025 22:00;22:00;3147,07
14.06.2025 23:00;23:00;1401
15.06.2025 00:00;00:00;3030,01
15.06.2025 01:00;01:00;2954,18
15.06.2025 02:00;02:00;2947,98
15.06.2025 03:00;03:00;1999,97
15.06.2025 04:00;04:00;3300
15.06.2025 05:00;05:00;3100
15.06.2025 06:00;06:00;850
15.06.2025 07:00;07:00;750
15.06.2025 08:00;08:00;0
15.06.2025 09:00;09:00;0
15.06.2025 10:00;10:00;0
15.06.2025 11:00;11:00;0
15.06.2025 12:00;12:00;0
15.06.2025 13:00;13:00;0
15.06.2025 14:00;14:00;0
15.06.2025 15:00;15:00;0
15.06.2025 16:00;16:00;1290
15.06.2025 17:00;17:00;1290
15.06.2025 18:00;18:00;2347,99
15.06.2025 19:00;19:00;3400
15.06.2025 20:00;20:00;3400
15.06.2025 21:00;21:00;3400
15.06.2025 22:00;22:00;3400
15.06.2025 23:00;23:00;3400
16.06.2025 00:00;00:00;3350
16.06.2025 01:00;01:00;3400
16.06.2025 02:00;02:00;3350
16.06.2025 03:00;03:00;3200
16.06.2025 04:00;04:00;3330,01
16.06.2025 05:00;05:00;700
16.06.2025 06:00;06:00;700
16.06.2025 07:00;07:00;630
16.06.2025 08:00;08:00;3200
16.06.2025 09:00;09:00;2948,19
16.06.2025 10:00;10:00;600
16.06.2025 11:00;11:00;1850
16.06.2025 12:00;12:00;1057
16.06.2025 13:00;13:00;3000
16.06.2025 14:00;14:00;3350
16.06.2025 15:00;15:00;3000
16.06.2025 16:00;16:00;3350
16.06.2025 17:00;17:00;3100
16.06.2025 18:00;18:00;3350
16.06.2025 19:00;19:00;3400
16.06.2025 20:00;20:00;3400
16.06.2025 21:00;21:00;3400
16.06.2025 22:00;22:00;3400
16.06.2025 23:00;23:00;3200
17.06.2025 00:00;00:00;3249
17.06.2025 01:00;01:00;3210
17.06.2025 02:00;02:00;3200
17.06.2025 03:00;03:00;3200
17.06.2025 04:00;04:00;3200
17.06.2025 05:00;05:00;3200
17.06.2025 06:00;06:00;3200
17.06.2025 07:00;07:00;1295
17.06.2025 08:00;08:00;3229,18
17.06.2025 09:00;09:00;3199,99
17.06.2025 10:00;10:00;600
17.06.2025 11:00;11:00;600
17.06.2025 12:00;12:00;600
17.06.2025 13:00;13:00;2000
17.06.2025 14:00;14:00;2490
17.06.2025 15:00;15:00;1000
17.06.2025 16:00;16:00;3200
17.06.2025 17:00;17:00;3400
17.06.2025 18:00;18:00;3000
17.06.2025 19:00;19:00;3400
17.06.2025 20:00;20:00;3400
17.06.2025 21:00;21:00;3400
17.06.2025 22:00;22:00;3400
17.06.2025 23:00;23:00;3398
18.06.2025 00:00;00:00;3200
18.06.2025 01:00;01:00;3000
18.06.2025 02:00;02:00;2954,18
18.06.2025 03:00;03:00;2948,19
18.06.2025 04:00;04:00;3000
18.06.2025 05:00;05:00;3116,19
18.06.2025 06:00;06:00;2948,19
18.06.2025 07:00;07:00;1512,64
18.06.2025 08:00;08:00;3268,56
18.06.2025 09:00;09:00;3059,19
18.06.2025 10:00;10:00;600
18.06.2025 11:00;11:00;600
18.06.2025 12:00;12:00;600
18.06.2025 13:00;13:00;2000
18.06.2025 14:00;14:00;650
18.06.2025 15:00;15:00;600
18.06.2025 16:00;16:00;2998
18.06.2025 17:00;17:00;3333
18.06.2025 18:00;18:00;3398
18.06.2025 19:00;19:00;3400
18.06.2025 20:00;20:00;3400
18.06.2025 21:00;21:00;3400
18.06.2025 22:00;22:00;3400
18.06.2025 23:00;23:00;3400
19.06.2025 00:00;00:00;3249
19.06.2025 01:00;01:00;3280
19.06.2025 02:00;02:00;3158
19.06.2025 03:00;03:00;3000
19.06.2025 04:00;04:00;3121,49
19.06.2025 05:00;05:00;3090,01
19.06.2025 06:00;06:00;3000
19.06.2025 07:00;07:00;2948,19
19.06.2025 08:00;08:00;3300
19.06.2025 09:00;09:00;3400
19.06.2025 10:00;10:00;3377
19.06.2025 11:00;11:00;3400
19.06.2025 12:00;12:00;3100
19.06.2025 13:00;13:00;3199,97
19.06.2025 14:00;14:00;3320
19.06.2025 15:00;15:00;3390
19.06.2025 16:00;16:00;3320
19.06.2025 17:00;17:00;3400
19.06.2025 18:00;18:00;3400
19.06.2025 19:00;19:00;3400
19.06.2025 20:00;20:00;3400
19.06.2025 21:00;21:00;3400
19.06.2025 22:00;22:00;3400
19.06.2025 23:00;23:00;3400
20.06.2025 00:00;00:00;3400
20.06.2025 01:00;01:00;3400
20.06.2025 02:00;02:00;3245
20.06.2025 03:00;03:00;2200
20.06.2025 04:00;04:00;2201
20.06.2025 05:00;05:00;2677,01
20.06.2025 06:00;06:00;2381,22
20.06.2025 07:00;07:00;2523,33
20.06.2025 08:00;08:00;3261,23
20.06.2025 09:00;09:00;3400
20.06.2025 10:00;10:00;3118,88
20.06.2025 11:00;11:00;3249
20.06.2025 12:00;12:00;2184
20.06.2025 13:00;13:00;600
20.06.2025 14:00;14:00;2924,99
20.06.2025 15:00;15:00;1000
20.06.2025 16:00;16:00;3000,01
20.06.2025 17:00;17:00;3100
20.06.2025 18:00;18:00;3400
20.06.2025 19:00;19:00;3400
20.06.2025 20:00;20:00;3400
20.06.2025 21:00;21:00;3400
20.06.2025 22:00;22:00;3400
20.06.2025 23:00;23:00;3400
21.06.2025 00:00;00:00;3400
21.06.2025 01:00;01:00;3400
21.06.2025 02:00;02:00;3400
21.06.2025 03:00;03:00;3350
21.06.2025 04:00;04:00;3400
21.06.2025 05:00;05:00;3350
21.06.2025 06:00;06:00;3349
21.06.2025 07:00;07:00;1954,58
21.06.2025 08:00;08:00;2051,48
21.06.2025 09:00;09:00;2000
21.06.2025 10:00;10:00;1776,89
21.06.2025 11:00;11:00;2000
21.06.2025 12:00;12:00;1776,89
21.06.2025 13:00;13:00;1954,58
21.06.2025 14:00;14:00;2000,01
21.06.2025 15:00;15:00;2000
21.06.2025 16:00;16:00;2000
21.06.2025 17:00;17:00;3300
21.06.2025 18:00;18:00;3400
21.06.2025 19:00;19:00;3400
21.06.2025 20:00;20:00;3400
21.06.2025 21:00;21:00;3400
21.06.2025 22:00;22:00;3000
21.06.2025 23:00;23:00;1601
22.06.2025 00:00;00:00;1784
22.06.2025 01:00;01:00;3400
22.06.2025 02:00;02:00;3400
22.06.2025 03:00;03:00;3400
22.06.2025 04:00;04:00;3400
22.06.2025 05:00;05:00;3400
22.06.2025 06:00;06:00;3350
22.06.2025 07:00;07:00;1290
22.06.2025 08:00;08:00;0
22.06.2025 09:00;09:00;0
22.06.2025 10:00;10:00;0
22.06.2025 11:00;11:00;0
22.06.2025 12:00;12:00;0
22.06.2025 13:00;13:00;0
22.06.2025 14:00;14:00;0
22.06.2025 15:00;15:00;0
22.06.2025 16:00;16:00;85
22.06.2025 17:00;17:00;1449,99
22.06.2025 18:00;18:00;3400
22.06.2025 19:00;19:00;3400
22.06.2025 20:00;20:00;3400
22.06.2025 21:00;21:00;3400
22.06.2025 22:00;22:00;3400
22.06.2025 23:00;23:00;2092
23.06.2025 00:00;00:00;3000
23.06.2025 01:00;01:00;2320
23.06.2025 02:00;02:00;1890
23.06.2025 03:00;03:00;2759,99
23.06.2025 04:00;04:00;2500
23.06.2025 05:00;05:00;2528,99
23.06.2025 06:00;06:00;2443
23.06.2025 07:00;07:00;1000
23.06.2025 08:00;08:00;3400
23.06.2025 09:00;09:00;3400
23.06.2025 10:00;10:00;650
23.06.2025 11:00;11:00;1864,99
23.06.2025 12:00;12:00;400
23.06.2025 13:00;13:00;1783,04
23.06.2025 14:00;14:00;3385
23.06.2025 15:00;15:00;3347
23.06.2025 16:00;16:00;3300
23.06.2025 17:00;17:00;3400
23.06.2025 18:00;18:00;3400
23.06.2025 19:00;19:00;3400
23.06.2025 20:00;20:00;3400
23.06.2025 21:00;21:00;3400
23.06.2025 22:00;22:00;3400
23.06.2025 23:00;23:00;3247
24.06.2025 00:00;00:00;3175
24.06.2025 01:00;01:00;3000
24.06.2025 02:00;02:00;2197
24.06.2025 03:00;03:00;2520
24.06.2025 04:00;04:00;2987
24.06.2025 05:00;05:00;2499,01
24.06.2025 06:00;06:00;2001
24.06.2025 07:00;07:00;1000
24.06.2025 08:00;08:00;2001
24.06.2025 09:00;09:00;3100
24.06.2025 10:00;10:00;2954
24.06.2025 11:00;11:00;2148,01
24.06.2025 12:00;12:00;600
24.06.2025 13:00;13:00;3350
24.06.2025 14:00;14:00;3400
24.06.2025 15:00;15:00;3287
24.06.2025 16:00;16:00;3350
24.06.2025 17:00;17:00;3400
24.06.2025 18:00;18:00;3400
24.06.2025 19:00;19:00;3400
24.06.2025 20:00;20:00;3400
24.06.2025 21:00;21:00;3400
24.06.2025 22:00;22:00;3400
24.06.2025 23:00;23:00;3400
25.06.2025 00:00;00:00;3200,01
25.06.2025 01:00;01:00;3125,01
25.06.2025 02:00;02:00;2999,99
25.06.2025 03:00;03:00;3191,85
25.06.2025 04:00;04:00;3146
25.06.2025 05:00;05:00;3350
25.06.2025 06:00;06:00;2800
25.06.2025 07:00;07:00;1797,76
25.06.2025 08:00;08:00;3398,38
25.06.2025 09:00;09:00;3400
25.06.2025 10:00;10:00;3400
25.06.2025 11:00;11:00;3400
25.06.2025 12:00;12:00;3300
25.06.2025 13:00;13:00;3398,38
25.06.2025 14:00;14:00;3400
25.06.2025 15:00;15:00;3400
25.06.2025 16:00;16:00;3400
25.06.2025 17:00;17:00;3400
25.06.2025 18:00;18:00;3400
25.06.2025 19:00;19:00;3400
25.06.2025 20:00;20:00;3400
25.06.2025 21:00;21:00;3400
25.06.2025 22:00;22:00;3400
25.06.2025 23:00;23:00;3400
26.06.2025 00:00;00:00;3298
26.06.2025 01:00;01:00;3298
26.06.2025 02:00;02:00;3300
26.06.2025 03:00;03:00;3118,88
26.06.2025 04:00;04:00;3100
26.06.2025 05:00;05:00;3198
26.06.2025 06:00;06:00;3000
26.06.2025 07:00;07:00;3057
26.06.2025 08:00;08:00;3300
26.06.2025 09:00;09:00;3300
26.06.2025 10:00;10:00;3190
26.06.2025 11:00;11:00;3190
26.06.2025 12:00;12:00;3197
26.06.2025 13:00;13:00;3400
26.06.2025 14:00;14:00;3400
26.06.2025 15:00;15:00;3200
26.06.2025 16:00;16:00;3400
26.06.2025 17:00;17:00;3400
26.06.2025 18:00;18:00;3400
26.06.2025 19:00;19:00;3400
26.06.2025 20:00;20:00;3400
26.06.2025 21:00;21:00;3400
26.06.2025 22:00;22:00;3400
26.06.2025 23:00;23:00;3400
27.06.2025 00:00;00:00;3250
27.06.2025 01:00;01:00;3150
27.06.2025 02:00;02:00;3390
27.06.2025 03:00;03:00;3300
27.06.2025 04:00;04:00;3300
27.06.2025 05:00;05:00;3350
27.06.2025 06:00;06:00;3200
27.06.2025 07:00;07:00;3000
27.06.2025 08:00;08:00;3398
27.06.2025 09:00;09:00;3400
27.06.2025 10:00;10:00;3400
27.06.2025 11:00;11:00;3400
27.06.2025 12:00;12:00;3198
27.06.2025 13:00;13:00;3144
27.06.2025 14:00;14:00;3400
27.06.2025 15:00;15:00;3400
27.06.2025 16:00;16:00;3400
27.06.2025 17:00;17:00;3400
27.06.2025 18:00;18:00;3400
27.06.2025 19:00;19:00;3400
27.06.2025 20:00;20:00;3400
27.06.2025 21:00;21:00;3400
27.06.2025 22:00;22:00;3400
27.06.2025 23:00;23:00;3400
28.06.2025 00:00;00:00;3397
28.06.2025 01:00;01:00;3200
28.06.2025 02:00;02:00;3200
28.06.2025 03:00;03:00;3125
28.06.2025 04:00;04:00;3125
28.06.2025 05:00;05:00;2197
28.06.2025 06:00;06:00;1000
28.06.2025 07:00;07:00;1000
28.06.2025 08:00;08:00;1000
28.06.2025 09:00;09:00;650
28.06.2025 10:00;10:00;1000
28.06.2025 11:00;11:00;1171
28.06.2025 12:00;12:00;1374,7
28.06.2025 13:00;13:00;1500
28.06.2025 14:00;14:00;2994
28.06.2025 15:00;15:00;2390
28.06.2025 16:00;16:00;3000
28.06.2025 17:00;17:00;3197
28.06.2025 18:00;18:00;3399
28.06.2025 19:00;19:00;3400
28.06.2025 20:00;20:00;3400
28.06.2025 21:00;21:00;3400
28.06.2025 22:00;22:00;3400
28.06.2025 23:00;23:00;3400
29.06.2025 00:00;00:00;3400
29.06.2025 01:00;01:00;3400
29.06.2025 02:00;02:00;3400
29.06.2025 03:00;03:00;3400
29.06.2025 04:00;04:00;3400
29.06.2025 05:00;05:00;3300
29.06.2025 06:00;06:00;2000
29.06.2025 07:00;07:00;1250
29.06.2025 08:00;08:00;0
29.06.2025 09:00;09:00;0
29.06.2025 10:00;10:00;0
29.06.2025 11:00;11:00;0
29.06.2025 12:00;12:00;0
29.06.2025 13:00;13:00;0
29.06.2025 14:00;14:00;0
29.06.2025 15:00;15:00;1250
29.06.2025 16:00;16:00;1250
29.06.2025 17:00;17:00;1899,99
29.06.2025 18:00;18:00;3350
29.06.2025 19:00;19:00;3400
29.06.2025 20:00;20:00;3400
29.06.2025 21:00;21:00;3400
29.06.2025 22:00;22:00;3400
29.06.2025 23:00;23:00;3400
30.06.2025 00:00;00:00;3400
30.06.2025 01:00;01:00;3330
30.06.2025 02:00;02:00;3080
30.06.2025 03:00;03:00;2880
30.06.2025 04:00;04:00;3041,69
30.06.2025 05:00;05:00;3150
30.06.2025 06:00;06:00;650
30.06.2025 07:00;07:00;1000
30.06.2025 08:00;08:00;3400
30.06.2025 09:00;09:00;3400
30.06.2025 10:00;10:00;2948,19
30.06.2025 11:00;11:00;2948,19
30.06.2025 12:00;12:00;2948,19
30.06.2025 13:00;13:00;3230
30.06.2025 14:00;14:00;3400
30.06.2025 15:00;15:00;1755
30.06.2025 16:00;16:00;650
30.06.2025 17:00;17:00;2000
30.06.2025 18:00;18:00;3290,58
30.06.2025 19:00;19:00;3400
30.06.2025 20:00;20:00;3400
30.06.2025 21:00;21:00;3400
30.06.2025 22:00;22:00;3400
30.06.2025 23:00;23:00;3400
01.07.2025 00:00;00:00;3390
01.07.2025 01:00;01:00;3390
01.07.2025 02:00;02:00;3390
01.07.2025 03:00;03:00;3250
01.07.2025 04:00;04:00;3154,07
01.07.2025 05:00;05:00;3054,71
01.07.2025 06:00;06:00;3118,88
01.07.2025 07:00;07:00;3118,88
01.07.2025 08:00;08:00;3350
01.07.2025 09:00;09:00;3348
01.07.2025 10:00;10:00;3150
01.07.2025 11:00;11:00;3118,88
01.07.2025 12:00;12:00;2700
01.07.2025 13:00;13:00;3118,88
01.07.2025 14:00;14:00;3290,58
01.07.2025 15:00;15:00;3200
01.07.2025 16:00;16:00;2627
01.07.2025 17:00;17:00;3100
01.07.2025 18:00;18:00;3189
01.07.2025 19:00;19:00;3400
01.07.2025 20:00;20:00;3400
01.07.2025 21:00;21:00;3400
01.07.2025 22:00;22:00;3068
01.07.2025 23:00;23:00;2197
02.07.2025 00:00;00:00;2263
02.07.2025 01:00;01:00;2917,87
02.07.2025 02:00;02:00;2650
02.07.2025 03:00;03:00;2197
02.07.2025 04:00;04:00;2266
02.07.2025 05:00;05:00;3083,03
02.07.2025 06:00;06:00;3000
02.07.2025 07:00;07:00;1374,5
02.07.2025 08:00;08:00;3200
02.07.2025 09:00;09:00;3100
02.07.2025 10:00;10:00;2747,99
02.07.2025 11:00;11:00;1899,98
02.07.2025 12:00;12:00;783,27
02.07.2025 13:00;13:00;1000
02.07.2025 14:00;14:00;2948,19
02.07.2025 15:00;15:00;2948,19
02.07.2025 16:00;16:00;1426,21
02.07.2025 17:00;17:00;2632,23
02.07.2025 18:00;18:00;3118,88
02.07.2025 19:00;19:00;3400
02.07.2025 20:00;20:00;3400
02.07.2025 21:00;21:00;3400
02.07.2025 22:00;22:00;3307,65
02.07.2025 23:00;23:00;3023,2
03.07.2025 00:00;00:00;2966,48
03.07.2025 01:00;01:00;3118,88
03.07.2025 02:00;02:00;3118,88
03.07.2025 03:00;03:00;3144,27
03.07.2025 04:00;04:00;2948,19
03.07.2025 05:00;05:00;3118,88
03.07.2025 06:00;06:00;3280
03.07.2025 07:00;07:00;3160
03.07.2025 08:00;08:00;3325,11
03.07.2025 09:00;09:00;3350
03.07.2025 10:00;10:00;520
03.07.2025 11:00;11:00;1847,88
03.07.2025 12:00;12:00;650
03.07.2025 13:00;13:00;650
03.07.2025 14:00;14:00;500
03.07.2025 15:00;15:00;650
03.07.2025 16:00;16:00;3118,88
03.07.2025 17:00;17:00;3121,19
03.07.2025 18:00;18:00;3098
03.07.2025 19:00;19:00;3400
03.07.2025 20:00;20:00;3400
03.07.2025 21:00;21:00;3400
03.07.2025 22:00;22:00;3360
03.07.2025 23:00;23:00;3160
04.07.2025 00:00;00:00;3129,26
04.07.2025 01:00;01:00;3118,88
04.07.2025 02:00;02:00;3049
04.07.2025 03:00;03:00;2948,19
04.07.2025 04:00;04:00;2898
04.07.2025 05:00;05:00;3389,19
04.07.2025 06:00;06:00;3118,88
04.07.2025 07:00;07:00;2900
04.07.2025 08:00;08:00;3260,83
04.07.2025 09:00;09:00;3227,19
04.07.2025 10:00;10:00;2948,19
04.07.2025 11:00;11:00;3118,88
04.07.2025 12:00;12:00;1400
04.07.2025 13:00;13:00;520
04.07.2025 14:00;14:00;3298
04.07.2025 15:00;15:00;3118,88
04.07.2025 16:00;16:00;3000
04.07.2025 17:00;17:00;2948,19
04.07.2025 18:00;18:00;2948,19
04.07.2025 19:00;19:00;3290,58
04.07.2025 20:00;20:00;3400
04.07.2025 21:00;21:00;3400
04.07.2025 22:00;22:00;3185,88
04.07.2025 23:00;23:00;3107,19
05.07.2025 00:00;00:00;3121,19
05.07.2025 01:00;01:00;3118,88
05.07.2025 02:00;02:00;3236
05.07.2025 03:00;03:00;3290,58
05.07.2025 04:00;04:00;3236
05.07.2025 05:00;05:00;3072,55
05.07.2025 06:00;06:00;1736
05.07.2025 07:00;07:00;1999,99
05.07.2025 08:00;08:00;600
05.07.2025 09:00;09:00;520
05.07.2025 10:00;10:00;520
05.07.2025 11:00;11:00;520
05.07.2025 12:00;12:00;520
05.07.2025 13:00;13:00;1568,99
05.07.2025 14:00;14:00;1355,99
05.07.2025 15:00;15:00;650
05.07.2025 16:00;16:00;650
05.07.2025 17:00;17:00;2599,99
05.07.2025 18:00;18:00;2763,01
05.07.2025 19:00;19:00;3400
05.07.2025 20:00;20:00;3400
05.07.2025 21:00;21:00;3400
05.07.2025 22:00;22:00;2500,38
05.07.2025 23:00;23:00;2255
06.07.2025 00:00;00:00;2197
06.07.2025 01:00;01:00;2197
06.07.2025 02:00;02:00;2197
06.07.2025 03:00;03:00;2401
06.07.2025 04:00;04:00;2401
06.07.2025 05:00;05:00;2440
06.07.2025 06:00;06:00;2560
06.07.2025 07:00;07:00;2000
06.07.2025 08:00;08:00;5
06.07.2025 09:00;09:00;940,02
06.07.2025 10:00;10:00;390
06.07.2025 11:00;11:00;10
06.07.2025 12:00;12:00;0
06.07.2025 13:00;13:00;1290
06.07.2025 14:00;14:00;1400
06.07.2025 15:00;15:00;1385,01
06.07.2025 16:00;16:00;1899,89
06.07.2025 17:00;17:00;3000
06.07.2025 18:00;18:00;3400
06.07.2025 19:00;19:00;3400
06.07.2025 20:00;20:00;3400
06.07.2025 21:00;21:00;3400
06.07.2025 22:00;22:00;3400
06.07.2025 23:00;23:00;3400
07.07.2025 00:00;00:00;3400
07.07.2025 01:00;01:00;3350
07.07.2025 02:00;02:00;3118,88
07.07.2025 03:00;03:00;3118,88
07.07.2025 04:00;04:00;3118,88
07.07.2025 05:00;05:00;3100
07.07.2025 06:00;06:00;1736
07.07.2025 07:00;07:00;1500
07.07.2025 08:00;08:00;3200
07.07.2025 09:00;09:00;3400
07.07.2025 10:00;10:00;3400
07.07.2025 11:00;11:00;3400
07.07.2025 12:00;12:00;3400
07.07.2025 13:00;13:00;3400
07.07.2025 14:00;14:00;3400
07.07.2025 15:00;15:00;3400
07.07.2025 16:00;16:00;3400
07.07.2025 17:00;17:00;3400
07.07.2025 18:00;18:00;3400
07.07.2025 19:00;19:00;3400
07.07.2025 20:00;20:00;3400
07.07.2025 21:00;21:00;3400
07.07.2025 22:00;22:00;3400
07.07.2025 23:00;23:00;3400
08.07.2025 00:00;00:00;3400
08.07.2025 01:00;01:00;3400
08.07.2025 02:00;02:00;3400
08.07.2025 03:00;03:00;3400
08.07.2025 04:00;04:00;3400
08.07.2025 05:00;05:00;3400
08.07.2025 06:00;06:00;3350
08.07.2025 07:00;07:00;2744,78
08.07.2025 08:00;08:00;3290,58
08.07.2025 09:00;09:00;3400
08.07.2025 10:00;10:00;3400
08.07.2025 11:00;11:00;3400
08.07.2025 12:00;12:00;3000
08.07.2025 13:00;13:00;3050
08.07.2025 14:00;14:00;3400
08.07.2025 15:00;15:00;3400
08.07.2025 16:00;16:00;3400
08.07.2025 17:00;17:00;3400
08.07.2025 18:00;18:00;3400
08.07.2025 19:00;19:00;3400
08.07.2025 20:00;20:00;3400
08.07.2025 21:00;21:00;3400
08.07.2025 22:00;22:00;3400
08.07.2025 23:00;23:00;3400
09.07.2025 00:00;00:00;3400
09.07.2025 01:00;01:00;3400
09.07.2025 02:00;02:00;3400
09.07.2025 03:00;03:00;3400
09.07.2025 04:00;04:00;3400
09.07.2025 05:00;05:00;3400
09.07.2025 06:00;06:00;2207
09.07.2025 07:00;07:00;2161
09.07.2025 08:00;08:00;3000
09.07.2025 09:00;09:00;3300
09.07.2025 10:00;10:00;3000
09.07.2025 11:00;11:00;3100
09.07.2025 12:00;12:00;1052
09.07.2025 13:00;13:00;2219
09.07.2025 14:00;14:00;3349,77
09.07.2025 15:00;15:00;3400
09.07.2025 16:00;16:00;3400
09.07.2025 17:00;17:00;3400
09.07.2025 18:00;18:00;3400
09.07.2025 19:00;19:00;3400
09.07.2025 20:00;20:00;3400
09.07.2025 21:00;21:00;3400
09.07.2025 22:00;22:00;3400
09.07.2025 23:00;23:00;3400
10.07.2025 00:00;00:00;3400
10.07.2025 01:00;01:00;3400
10.07.2025 02:00;02:00;3350
10.07.2025 03:00;03:00;3250
10.07.2025 04:00;04:00;3100
10.07.2025 05:00;05:00;3300
10.07.2025 06:00;06:00;3300
10.07.2025 07:00;07:00;2919
10.07.2025 08:00;08:00;3280
10.07.2025 09:00;09:00;3300
10.07.2025 10:00;10:00;3300
10.07.2025 11:00;11:00;3400
10.07.2025 12:00;12:00;3400
10.07.2025 13:00;13:00;3400
10.07.2025 14:00;14:00;3370
10.07.2025 15:00;15:00;3370
10.07.2025 16:00;16:00;3400
10.07.2025 17:00;17:00;3400
10.07.2025 18:00;18:00;3400
10.07.2025 19:00;19:00;3400
10.07.2025 20:00;20:00;3400
10.07.2025 21:00;21:00;3400
10.07.2025 22:00;22:00;3370
10.07.2025 23:00;23:00;3400
11.07.2025 00:00;00:00;3372,34
11.07.2025 01:00;01:00;3300
11.07.2025 02:00;02:00;3118,88
11.07.2025 03:00;03:00;2231
11.07.2025 04:00;04:00;2232
11.07.2025 05:00;05:00;3180,88
11.07.2025 06:00;06:00;2800,01
11.07.2025 07:00;07:00;2948,19
11.07.2025 08:00;08:00;3400
11.07.2025 09:00;09:00;3400
11.07.2025 10:00;10:00;3200
11.07.2025 11:00;11:00;3000
11.07.2025 12:00;12:00;1719,99
11.07.2025 13:00;13:00;2500
11.07.2025 14:00;14:00;3125,01
11.07.2025 15:00;15:00;3250
11.07.2025 16:00;16:00;3400
11.07.2025 17:00;17:00;3400
11.07.2025 18:00;18:00;3400
11.07.2025 19:00;19:00;3400
11.07.2025 20:00;20:00;3400
11.07.2025 21:00;21:00;3400
11.07.2025 22:00;22:00;3400
11.07.2025 23:00;23:00;3400
12.07.2025 00:00;00:00;3400
12.07.2025 01:00;01:00;3400
12.07.2025 02:00;02:00;3400
12.07.2025 03:00;03:00;3400
12.07.2025 04:00;04:00;3400
12.07.2025 05:00;05:00;3400
12.07.2025 06:00;06:00;3400
12.07.2025 07:00;07:00;3290,58
12.07.2025 08:00;08:00;3118,88
12.07.2025 09:00;09:00;3400
12.07.2025 10:00;10:00;2948,19
12.07.2025 11:00;11:00;2000
12.07.2025 12:00;12:00;1885
12.07.2025 13:00;13:00;2000,01
12.07.2025 14:00;14:00;2948,19
12.07.2025 15:00;15:00;2007,56
12.07.2025 16:00;16:00;3400
12.07.2025 17:00;17:00;3400
12.07.2025 18:00;18:00;3400
12.07.2025 19:00;19:00;3400
12.07.2025 20:00;20:00;3400
12.07.2025 21:00;21:00;3400
12.07.2025 22:00;22:00;3400
12.07.2025 23:00;23:00;3360
13.07.2025 00:00;00:00;3360
13.07.2025 01:00;01:00;3400
13.07.2025 02:00;02:00;3400
13.07.2025 03:00;03:00;3370
13.07.2025 04:00;04:00;3390
13.07.2025 05:00;05:00;3370
13.07.2025 06:00;06:00;3210,89
13.07.2025 07:00;07:00;650
13.07.2025 08:00;08:00;1,1
13.07.2025 09:00;09:00;1
13.07.2025 10:00;10:00;1
13.07.2025 11:00;11:00;0
13.07.2025 12:00;12:00;0
13.07.2025 13:00;13:00;671
13.07.2025 14:00;14:00;1,1
13.07.2025 15:00;15:00;1,4
13.07.2025 16:00;16:00;1599,99
13.07.2025 17:00;17:00;650
13.07.2025 18:00;18:00;3372,56
13.07.2025 19:00;19:00;3400
13.07.2025 20:00;20:00;3400
13.07.2025 21:00;21:00;3400
13.07.2025 22:00;22:00;3400
13.07.2025 23:00;23:00;3400
14.07.2025 00:00;00:00;3399
14.07.2025 01:00;01:00;3348
14.07.2025 02:00;02:00;3118,88
14.07.2025 03:00;03:00;3118,88
14.07.2025 04:00;04:00;3118,88
14.07.2025 05:00;05:00;3398
14.07.2025 06:00;06:00;2955,12
14.07.2025 07:00;07:00;1000
14.07.2025 08:00;08:00;3098
14.07.2025 09:00;09:00;3330,87
14.07.2025 10:00;10:00;2985,21
14.07.2025 11:00;11:00;3118,88
14.07.2025 12:00;12:00;700
14.07.2025 13:00;13:00;3290,58
14.07.2025 14:00;14:00;3300
14.07.2025 15:00;15:00;3300
14.07.2025 16:00;16:00;3208,37
14.07.2025 17:00;17:00;3400
14.07.2025 18:00;18:00;3400
14.07.2025 19:00;19:00;3400
14.07.2025 20:00;20:00;3400
14.07.2025 21:00;21:00;3400
14.07.2025 22:00;22:00;3099,01
14.07.2025 23:00;23:00;2850
15.07.2025 00:00;00:00;3280
15.07.2025 01:00;01:00;3344
15.07.2025 02:00;02:00;3150
15.07.2025 03:00;03:00;2919,99
15.07.2025 04:00;04:00;3290,58
15.07.2025 05:00;05:00;3400
15.07.2025 06:00;06:00;3118,88
15.07.2025 07:00;07:00;3118,88
15.07.2025 08:00;08:00;650
15.07.2025 09:00;09:00;1000
15.07.2025 10:00;10:00;2063,3
15.07.2025 11:00;11:00;2000,01
15.07.2025 12:00;12:00;2000
15.07.2025 13:00;13:00;3200
15.07.2025 14:00;14:00;3400
15.07.2025 15:00;15:00;3400
15.07.2025 16:00;16:00;3400
15.07.2025 17:00;17:00;3400
15.07.2025 18:00;18:00;3400
15.07.2025 19:00;19:00;3400
15.07.2025 20:00;20:00;3400
15.07.2025 21:00;21:00;3400
15.07.2025 22:00;22:00;3360
15.07.2025 23:00;23:00;2254
16.07.2025 00:00;00:00;2207
16.07.2025 01:00;01:00;2207
16.07.2025 02:00;02:00;2207
16.07.2025 03:00;03:00;2255
16.07.2025 04:00;04:00;2256
16.07.2025 05:00;05:00;2257
16.07.2025 06:00;06:00;2207
16.07.2025 07:00;07:00;3057
16.07.2025 08:00;08:00;3400
16.07.2025 09:00;09:00;3400
16.07.2025 10:00;10:00;3400
16.07.2025 11:00;11:00;3400
16.07.2025 12:00;12:00;3400
16.07.2025 13:00;13:00;3400
16.07.2025 14:00;14:00;3400
16.07.2025 15:00;15:00;3400
16.07.2025 16:00;16:00;3400
16.07.2025 17:00;17:00;3400
16.07.2025 18:00;18:00;3400
16.07.2025 19:00;19:00;3400
16.07.2025 20:00;20:00;3400
16.07.2025 21:00;21:00;3400
16.07.2025 22:00;22:00;3400
16.07.2025 23:00;23:00;3400
17.07.2025 00:00;00:00;3400
17.07.2025 01:00;01:00;3400
17.07.2025 02:00;02:00;3300
17.07.2025 03:00;03:00;3400
17.07.2025 04:00;04:00;2277
17.07.2025 05:00;05:00;3338,38
17.07.2025 06:00;06:00;2277
17.07.2025 07:00;07:00;2011
17.07.2025 08:00;08:00;3400
17.07.2025 09:00;09:00;3400
17.07.2025 10:00;10:00;3400
17.07.2025 11:00;11:00;3400
17.07.2025 12:00;12:00;3400
17.07.2025 13:00;13:00;3400
17.07.2025 14:00;14:00;3400
17.07.2025 15:00;15:00;3400
17.07.2025 16:00;16:00;3400
17.07.2025 17:00;17:00;3400
17.07.2025 18:00;18:00;3400
17.07.2025 19:00;19:00;3400
17.07.2025 20:00;20:00;3400
17.07.2025 21:00;21:00;3400
17.07.2025 22:00;22:00;3400
17.07.2025 23:00;23:00;3400
18.07.2025 00:00;00:00;3400
18.07.2025 01:00;01:00;3400
18.07.2025 02:00;02:00;3400
18.07.2025 03:00;03:00;3400
18.07.2025 04:00;04:00;3400
18.07.2025 05:00;05:00;3400
18.07.2025 06:00;06:00;3400
18.07.2025 07:00;07:00;3300
18.07.2025 08:00;08:00;3400
18.07.2025 09:00;09:00;3400
18.07.2025 10:00;10:00;3400
18.07.2025 11:00;11:00;3400
18.07.2025 12:00;12:00;3157
18.07.2025 13:00;13:00;3200
18.07.2025 14:00;14:00;3400
18.07.2025 15:00;15:00;3400
18.07.2025 16:00;16:00;3400
18.07.2025 17:00;17:00;3400
18.07.2025 18:00;18:00;3400
18.07.2025 19:00;19:00;3400
18.07.2025 20:00;20:00;3400
18.07.2025 21:00;21:00;3400
18.07.2025 22:00;22:00;3400
18.07.2025 23:00;23:00;3400
19.07.2025 00:00;00:00;3400
19.07.2025 01:00;01:00;2822
19.07.2025 02:00;02:00;3360
19.07.2025 03:00;03:00;2255
19.07.2025 04:00;04:00;2256
19.07.2025 05:00;05:00;2830
19.07.2025 06:00;06:00;2994,86
19.07.2025 07:00;07:00;3118,88
19.07.2025 08:00;08:00;2500
19.07.2025 09:00;09:00;3200
19.07.2025 10:00;10:00;3200
19.07.2025 11:00;11:00;3200
19.07.2025 12:00;12:00;3200
19.07.2025 13:00;13:00;3200
19.07.2025 14:00;14:00;3200
19.07.2025 15:00;15:00;3200
19.07.2025 16:00;16:00;3200
19.07.2025 17:00;17:00;3360
19.07.2025 18:00;18:00;3400
19.07.2025 19:00;19:00;3400
19.07.2025 20:00;20:00;3400
19.07.2025 21:00;21:00;3400
19.07.2025 22:00;22:00;3400
19.07.2025 23:00;23:00;3200
20.07.2025 00:00;00:00;3394
20.07.2025 01:00;01:00;2254
20.07.2025 02:00;02:00;3120,01
20.07.2025 03:00;03:00;2801
20.07.2025 04:00;04:00;2890,96
20.07.2025 05:00;05:00;3120,71
20.07.2025 06:00;06:00;3400
20.07.2025 07:00;07:00;3360
20.07.2025 08:00;08:00;650
20.07.2025 09:00;09:00;520
20.07.2025 10:00;10:00;650
20.07.2025 11:00;11:00;520
20.07.2025 12:00;12:00;650
20.07.2025 13:00;13:00;1823,69
20.07.2025 14:00;14:00;2000
20.07.2025 15:00;15:00;3200
20.07.2025 16:00;16:00;3370
20.07.2025 17:00;17:00;3400
20.07.2025 18:00;18:00;3400
20.07.2025 19:00;19:00;3400
20.07.2025 20:00;20:00;3400
20.07.2025 21:00;21:00;3400
20.07.2025 22:00;22:00;3400
20.07.2025 23:00;23:00;3400
21.07.2025 00:00;00:00;3400
21.07.2025 01:00;01:00;3400
21.07.2025 02:00;02:00;3298
21.07.2025 03:00;03:00;3200
21.07.2025 04:00;04:00;2900,01
21.07.2025 05:00;05:00;1900
21.07.2025 06:00;06:00;2103
21.07.2025 07:00;07:00;2450
21.07.2025 08:00;08:00;3400
21.07.2025 09:00;09:00;3400
21.07.2025 10:00;10:00;3400
21.07.2025 11:00;11:00;3400
21.07.2025 12:00;12:00;3400
21.07.2025 13:00;13:00;3400
21.07.2025 14:00;14:00;3400
21.07.2025 15:00;15:00;3400
21.07.2025 16:00;16:00;3400
21.07.2025 17:00;17:00;3400
21.07.2025 18:00;18:00;3400
21.07.2025 19:00;19:00;3400
21.07.2025 20:00;20:00;3400
21.07.2025 21:00;21:00;3400
21.07.2025 22:00;22:00;3400
21.07.2025 23:00;23:00;3400
22.07.2025 00:00;00:00;3400
22.07.2025 01:00;01:00;3400
22.07.2025 02:00;02:00;3400
22.07.2025 03:00;03:00;3400
22.07.2025 04:00;04:00;3400
22.07.2025 05:00;05:00;3400
22.07.2025 06:00;06:00;3120
22.07.2025 07:00;07:00;3344
22.07.2025 08:00;08:00;3400
22.07.2025 09:00;09:00;3400
22.07.2025 10:00;10:00;3400
22.07.2025 11:00;11:00;3400
22.07.2025 12:00;12:00;3400
22.07.2025 13:00;13:00;3400
22.07.2025 14:00;14:00;3365
22.07.2025 15:00;15:00;3400
22.07.2025 16:00;16:00;3400
22.07.2025 17:00;17:00;3400
22.07.2025 18:00;18:00;3400
22.07.2025 19:00;19:00;3400
22.07.2025 20:00;20:00;3400
22.07.2025 21:00;21:00;3400
22.07.2025 22:00;22:00;3400
22.07.2025 23:00;23:00;3400
23.07.2025 00:00;00:00;3400
23.07.2025 01:00;01:00;3400
23.07.2025 02:00;02:00;3400
23.07.2025 03:00;03:00;3400
23.07.2025 04:00;04:00;3400
23.07.2025 05:00;05:00;3400
23.07.2025 06:00;06:00;3400
23.07.2025 07:00;07:00;3400
23.07.2025 08:00;08:00;3400
23.07.2025 09:00;09:00;3400
23.07.2025 10:00;10:00;3400
23.07.2025 11:00;11:00;3400
23.07.2025 12:00;12:00;3400
23.07.2025 13:00;13:00;3400
23.07.2025 14:00;14:00;3400
23.07.2025 15:00;15:00;3400
23.07.2025 16:00;16:00;3400
23.07.2025 17:00;17:00;3400
23.07.2025 18:00;18:00;3400
23.07.2025 19:00;19:00;3400
23.07.2025 20:00;20:00;3400
23.07.2025 21:00;21:00;3400
23.07.2025 22:00;22:00;3400
23.07.2025 23:00;23:00;3400
24.07.2025 00:00;00:00;3400
24.07.2025 01:00;01:00;3400
24.07.2025 02:00;02:00;3400
24.07.2025 03:00;03:00;3400
24.07.2025 04:00;04:00;3400
24.07.2025 05:00;05:00;3400
24.07.2025 06:00;06:00;3200
24.07.2025 07:00;07:00;3078,42
24.07.2025 08:00;08:00;3200
24.07.2025 09:00;09:00;3200
24.07.2025 10:00;10:00;3200
24.07.2025 11:00;11:00;3200
24.07.2025 12:00;12:00;3178,75
24.07.2025 13:00;13:00;3388
24.07.2025 14:00;14:00;3400
24.07.2025 15:00;15:00;3400
24.07.2025 16:00;16:00;3400
24.07.2025 17:00;17:00;3400
24.07.2025 18:00;18:00;3400
24.07.2025 19:00;19:00;3400
24.07.2025 20:00;20:00;3400
24.07.2025 21:00;21:00;3400
24.07.2025 22:00;22:00;3400
24.07.2025 23:00;23:00;3400
25.07.2025 00:00;00:00;3400
25.07.2025 01:00;01:00;3250
25.07.2025 02:00;02:00;3105,75
25.07.2025 03:00;03:00;3290,58
25.07.2025 04:00;04:00;3400
25.07.2025 05:00;05:00;3200
25.07.2025 06:00;06:00;3036
25.07.2025 07:00;07:00;3147
25.07.2025 08:00;08:00;3400
25.07.2025 09:00;09:00;3400
25.07.2025 10:00;10:00;3400
25.07.2025 11:00;11:00;3400
25.07.2025 12:00;12:00;3400
25.07.2025 13:00;13:00;3147,77
25.07.2025 14:00;14:00;3400
25.07.2025 15:00;15:00;3400
25.07.2025 16:00;16:00;3400
25.07.2025 17:00;17:00;3400
25.07.2025 18:00;18:00;3400
25.07.2025 19:00;19:00;3400
25.07.2025 20:00;20:00;3400
25.07.2025 21:00;21:00;3400
25.07.2025 22:00;22:00;3400
25.07.2025 23:00;23:00;3400
26.07.2025 00:00;00:00;3400
26.07.2025 01:00;01:00;3400
26.07.2025 02:00;02:00;3400
26.07.2025 03:00;03:00;3400
26.07.2025 04:00;04:00;3299,99
26.07.2025 05:00;05:00;3400
26.07.2025 06:00;06:00;3400
26.07.2025 07:00;07:00;3400
26.07.2025 08:00;08:00;3400
26.07.2025 09:00;09:00;3400
26.07.2025 10:00;10:00;3200
26.07.2025 11:00;11:00;3000
26.07.2025 12:00;12:00;2819,99
26.07.2025 13:00;13:00;3100
26.07.2025 14:00;14:00;3250
26.07.2025 15:00;15:00;3370
26.07.2025 16:00;16:00;3400
26.07.2025 17:00;17:00;3400
26.07.2025 18:00;18:00;3400
26.07.2025 19:00;19:00;3400
26.07.2025 20:00;20:00;3400
26.07.2025 21:00;21:00;3400
26.07.2025 22:00;22:00;3400
26.07.2025 23:00;23:00;3400
27.07.2025 00:00;00:00;3400
27.07.2025 01:00;01:00;3400
27.07.2025 02:00;02:00;3400
27.07.2025 03:00;03:00;3400
27.07.2025 04:00;04:00;3400
27.07.2025 05:00;05:00;3400
27.07.2025 06:00;06:00;3394
27.07.2025 07:00;07:00;3400
27.07.2025 08:00;08:00;3200
27.07.2025 09:00;09:00;3200
27.07.2025 10:00;10:00;3200
27.07.2025 11:00;11:00;3200
27.07.2025 12:00;12:00;3000
27.07.2025 13:00;13:00;3250
27.07.2025 14:00;14:00;1199,69
27.07.2025 15:00;15:00;1966
27.07.2025 16:00;16:00;2218
27.07.2025 17:00;17:00;3400
27.07.2025 18:00;18:00;3400
27.07.2025 19:00;19:00;3400
27.07.2025 20:00;20:00;3400
27.07.2025 21:00;21:00;3400
27.07.2025 22:00;22:00;3400
27.07.2025 23:00;23:00;3400
28.07.2025 00:00;00:00;3400
28.07.2025 01:00;01:00;3400
28.07.2025 02:00;02:00;3400
28.07.2025 03:00;03:00;3400
28.07.2025 04:00;04:00;3400
28.07.2025 05:00;05:00;3400
28.07.2025 06:00;06:00;3319,99
28.07.2025 07:00;07:00;3370
28.07.2025 08:00;08:00;3400
28.07.2025 09:00;09:00;3400
28.07.2025 10:00;10:00;3400
28.07.2025 11:00;11:00;3400
28.07.2025 12:00;12:00;3400
28.07.2025 13:00;13:00;3400
28.07.2025 14:00;14:00;3400
28.07.2025 15:00;15:00;3400
28.07.2025 16:00;16:00;3400
28.07.2025 17:00;17:00;3400
28.07.2025 18:00;18:00;3400
28.07.2025 19:00;19:00;3400
28.07.2025 20:00;20:00;3400
28.07.2025 21:00;21:00;3400
28.07.2025 22:00;22:00;3400
28.07.2025 23:00;23:00;3400
29.07.2025 00:00;00:00;3400
29.07.2025 01:00;01:00;3400
29.07.2025 02:00;02:00;3400
29.07.2025 03:00;03:00;3400
29.07.2025 04:00;04:00;3400
29.07.2025 05:00;05:00;3400
29.07.2025 06:00;06:00;3400
29.07.2025 07:00;07:00;3400
29.07.2025 08:00;08:00;3400
29.07.2025 09:00;09:00;3400
29.07.2025 10:00;10:00;3400
29.07.2025 11:00;11:00;3400
29.07.2025 12:00;12:00;3400
29.07.2025 13:00;13:00;3400
29.07.2025 14:00;14:00;3400
29.07.2025 15:00;15:00;3400
29.07.2025 16:00;16:00;3400
29.07.2025 17:00;17:00;3400
29.07.2025 18:00;18:00;3400
29.07.2025 19:00;19:00;3400
29.07.2025 20:00;20:00;3400
29.07.2025 21:00;21:00;3400
29.07.2025 22:00;22:00;3400
29.07.2025 23:00;23:00;3400
30.07.2025 00:00;00:00;3400
30.07.2025 01:00;01:00;3400
30.07.2025 02:00;02:00;3400
30.07.2025 03:00;03:00;3400
30.07.2025 04:00;04:00;3400
30.07.2025 05:00;05:00;3400
30.07.2025 06:00;06:00;3400
30.07.2025 07:00;07:00;3400
30.07.2025 08:00;08:00;3400
30.07.2025 09:00;09:00;3400
30.07.2025 10:00;10:00;3400
30.07.2025 11:00;11:00;3400
30.07.2025 12:00;12:00;3400
30.07.2025 13:00;13:00;3400
30.07.2025 14:00;14:00;3400
30.07.2025 15:00;15:00;3400
30.07.2025 16:00;16:00;3400
30.07.2025 17:00;17:00;3400
30.07.2025 18:00;18:00;3400
30.07.2025 19:00;19:00;3400
30.07.2025 20:00;20:00;3400
30.07.2025 21:00;21:00;3400
30.07.2025 22:00;22:00;3400
30.07.2025 23:00;23:00;3100
31.07.2025 00:00;00:00;3400
31.07.2025 01:00;01:00;3400
31.07.2025 02:00;02:00;2297
31.07.2025 03:00;03:00;2297
31.07.2025 04:00;04:00;2297
31.07.2025 05:00;05:00;2297
31.07.2025 06:00;06:00;1923
31.07.2025 07:00;07:00;3118,88
31.07.2025 08:00;08:00;3400
31.07.2025 09:00;09:00;3400
31.07.2025 10:00;10:00;3400
31.07.2025 11:00;11:00;3400
31.07.2025 12:00;12:00;3136
31.07.2025 13:00;13:00;3398
31.07.2025 14:00;14:00;3400
31.07.2025 15:00;15:00;3400
31.07.2025 16:00;16:00;3400
31.07.2025 17:00;17:00;3400
31.07.2025 18:00;18:00;3400
31.07.2025 19:00;19:00;3400
31.07.2025 20:00;20:00;3400
31.07.2025 21:00;21:00;3400
31.07.2025 22:00;22:00;3400
31.07.2025 23:00;23:00;2297
01.08.2025 00:00;00:00;3400
01.08.2025 01:00;01:00;3400
01.08.2025 02:00;02:00;3400
01.08.2025 03:00;03:00;3399
01.08.2025 04:00;04:00;3299,99
01.08.2025 05:00;05:00;2297
01.08.2025 06:00;06:00;3398
01.08.2025 07:00;07:00;3400
01.08.2025 08:00;08:00;3400
01.08.2025 09:00;09:00;3400
01.08.2025 10:00;10:00;3400
01.08.2025 11:00;11:00;3400
01.08.2025 12:00;12:00;650
01.08.2025 13:00;13:00;400
01.08.2025 14:00;14:00;2297
01.08.2025 15:00;15:00;2161
01.08.2025 16:00;16:00;3175
01.08.2025 17:00;17:00;3400
01.08.2025 18:00;18:00;2103
01.08.2025 19:00;19:00;2297
01.08.2025 20:00;20:00;3400
01.08.2025 21:00;21:00;3400
01.08.2025 22:00;22:00;2105
01.08.2025 23:00;23:00;1750
02.08.2025 00:00;00:00;2859,99
02.08.2025 01:00;01:00;2800
02.08.2025 02:00;02:00;3044,44
02.08.2025 03:00;03:00;2618,74
02.08.2025 04:00;04:00;3118,88
02.08.2025 05:00;05:00;3399
02.08.2025 06:00;06:00;3290,58
02.08.2025 07:00;07:00;3118,88
02.08.2025 08:00;08:00;3400
02.08.2025 09:00;09:00;3400
02.08.2025 10:00;10:00;3400
02.08.2025 11:00;11:00;3400
02.08.2025 12:00;12:00;3400
02.08.2025 13:00;13:00;3400
02.08.2025 14:00;14:00;2867,99
02.08.2025 15:00;15:00;3118,88
02.08.2025 16:00;16:00;3175
02.08.2025 17:00;17:00;3118,88
02.08.2025 18:00;18:00;3400
02.08.2025 19:00;19:00;3400
02.08.2025 20:00;20:00;3400
02.08.2025 21:00;21:00;3400
02.08.2025 22:00;22:00;3400
02.08.2025 23:00;23:00;3400
03.08.2025 00:00;00:00;3400
03.08.2025 01:00;01:00;3400
03.08.2025 02:00;02:00;3400
03.08.2025 03:00;03:00;3382,56
03.08.2025 04:00;04:00;3330,58
03.08.2025 05:00;05:00;3330,87
03.08.2025 06:00;06:00;3400
03.08.2025 07:00;07:00;2151
03.08.2025 08:00;08:00;2948,19
03.08.2025 09:00;09:00;520
03.08.2025 10:00;10:00;400
03.08.2025 11:00;11:00;520
03.08.2025 12:00;12:00;650
03.08.2025 13:00;13:00;2948,19
03.08.2025 14:00;14:00;2948,19
03.08.2025 15:00;15:00;2948,19
03.08.2025 16:00;16:00;2971,09
03.08.2025 17:00;17:00;2297
03.08.2025 18:00;18:00;3118,88
03.08.2025 19:00;19:00;3400
03.08.2025 20:00;20:00;3400
03.08.2025 21:00;21:00;3400
03.08.2025 22:00;22:00;3400
03.08.2025 23:00;23:00;3400
04.08.2025 00:00;00:00;3400
04.08.2025 01:00;01:00;3380
04.08.2025 02:00;02:00;3380
04.08.2025 03:00;03:00;3394
04.08.2025 04:00;04:00;2297
04.08.2025 05:00;05:00;2079
04.08.2025 06:00;06:00;3049,99
04.08.2025 07:00;07:00;1744
04.08.2025 08:00;08:00;3400
04.08.2025 09:00;09:00;3400
04.08.2025 10:00;10:00;3400
04.08.2025 11:00;11:00;2297
04.08.2025 12:00;12:00;520
04.08.2025 13:00;13:00;1744
04.08.2025 14:00;14:00;3400
04.08.2025 15:00;15:00;3400
04.08.2025 16:00;16:00;3394
04.08.2025 17:00;17:00;3400
04.08.2025 18:00;18:00;3399
04.08.2025 19:00;19:00;3400
04.08.2025 20:00;20:00;3400
04.08.2025 21:00;21:00;3400
04.08.2025 22:00;22:00;3400
04.08.2025 23:00;23:00;3400
05.08.2025 00:00;00:00;3400
05.08.2025 01:00;01:00;3400
05.08.2025 02:00;02:00;3400
05.08.2025 03:00;03:00;3000
05.08.2025 04:00;04:00;2297
05.08.2025 05:00;05:00;2297
05.08.2025 06:00;06:00;2297
05.08.2025 07:00;07:00;1744
05.08.2025 08:00;08:00;2297
05.08.2025 09:00;09:00;2958,07
05.08.2025 10:00;10:00;1744
05.08.2025 11:00;11:00;2297
05.08.2025 12:00;12:00;650
05.08.2025 13:00;13:00;2997
05.08.2025 14:00;14:00;3290,58
05.08.2025 15:00;15:00;3400
05.08.2025 16:00;16:00;3400
05.08.2025 17:00;17:00;3400
05.08.2025 18:00;18:00;3400
05.08.2025 19:00;19:00;3400
05.08.2025 20:00;20:00;3400
05.08.2025 21:00;21:00;3400
05.08.2025 22:00;22:00;3400
05.08.2025 23:00;23:00;3400
06.08.2025 00:00;00:00;3400
06.08.2025 01:00;01:00;3400
06.08.2025 02:00;02:00;3400
06.08.2025 03:00;03:00;3400
06.08.2025 04:00;04:00;3290,58
06.08.2025 05:00;05:00;3351,14
06.08.2025 06:00;06:00;3000
06.08.2025 07:00;07:00;3400
06.08.2025 08:00;08:00;3400
06.08.2025 09:00;09:00;3400
06.08.2025 10:00;10:00;3400
06.08.2025 11:00;11:00;3400
06.08.2025 12:00;12:00;3400
06.08.2025 13:00;13:00;3400
06.08.2025 14:00;14:00;3400
06.08.2025 15:00;15:00;3400
06.08.2025 16:00;16:00;3400
06.08.2025 17:00;17:00;3392,57
06.08.2025 18:00;18:00;3382,56
06.08.2025 19:00;19:00;3400
06.08.2025 20:00;20:00;3400
06.08.2025 21:00;21:00;3388,66
06.08.2025 22:00;22:00;3400
06.08.2025 23:00;23:00;3400
07.08.2025 00:00;00:00;3400
07.08.2025 01:00;01:00;3400
07.08.2025 02:00;02:00;3118
07.08.2025 03:00;03:00;2299
07.08.2025 04:00;04:00;2320
07.08.2025 05:00;05:00;2299
07.08.2025 06:00;06:00;3000
07.08.2025 07:00;07:00;3118,88
07.08.2025 08:00;08:00;2199
07.08.2025 09:00;09:00;3290,58
07.08.2025 10:00;10:00;3118,88
07.08.2025 11:00;11:00;3100
07.08.2025 12:00;12:00;3087
07.08.2025 13:00;13:00;3118,88
07.08.2025 14:00;14:00;3350
07.08.2025 15:00;15:00;3100
07.08.2025 16:00;16:00;3350
07.08.2025 17:00;17:00;3203,01
07.08.2025 18:00;18:00;3118,88
07.08.2025 19:00;19:00;3400
07.08.2025 20:00;20:00;3400
07.08.2025 21:00;21:00;3400
07.08.2025 22:00;22:00;2299
07.08.2025 23:00;23:00;2299
08.08.2025 00:00;00:00;3345,08
08.08.2025 01:00;01:00;3290,01
08.08.2025 02:00;02:00;3130
08.08.2025 03:00;03:00;3118,88
08.08.2025 04:00;04:00;2650
08.08.2025 05:00;05:00;3048,99
08.08.2025 06:00;06:00;3118,88
08.08.2025 07:00;07:00;3137
08.08.2025 08:00;08:00;3185,88
08.08.2025 09:00;09:00;3400
08.08.2025 10:00;10:00;3400
08.08.2025 11:00;11:00;3400
08.08.2025 12:00;12:00;3150
08.08.2025 13:00;13:00;3387
08.08.2025 14:00;14:00;3400
08.08.2025 15:00;15:00;3400
08.08.2025 16:00;16:00;3400
08.08.2025 17:00;17:00;3400
08.08.2025 18:00;18:00;3400
08.08.2025 19:00;19:00;3400
08.08.2025 20:00;20:00;3400
08.08.2025 21:00;21:00;3400
08.08.2025 22:00;22:00;3400
08.08.2025 23:00;23:00;3400
09.08.2025 00:00;00:00;3400
09.08.2025 01:00;01:00;3400
09.08.2025 02:00;02:00;3322,58
09.08.2025 03:00;03:00;3369
09.08.2025 04:00;04:00;3125,33
09.08.2025 05:00;05:00;3290,58
09.08.2025 06:00;06:00;3150
09.08.2025 07:00;07:00;3150
09.08.2025 08:00;08:00;3300
09.08.2025 09:00;09:00;3400
09.08.2025 10:00;10:00;3400
09.08.2025 11:00;11:00;3400
09.08.2025 12:00;12:00;3100
09.08.2025 13:00;13:00;3400
09.08.2025 14:00;14:00;3400
09.08.2025 15:00;15:00;3400
09.08.2025 16:00;16:00;3000
09.08.2025 17:00;17:00;3400
09.08.2025 18:00;18:00;3400
09.08.2025 19:00;19:00;3400
09.08.2025 20:00;20:00;3400
09.08.2025 21:00;21:00;3400
09.08.2025 22:00;22:00;3400
09.08.2025 23:00;23:00;3400
10.08.2025 00:00;00:00;3400
10.08.2025 01:00;01:00;3400
10.08.2025 02:00;02:00;3400
10.08.2025 03:00;03:00;3280,01
10.08.2025 04:00;04:00;3010,46
10.08.2025 05:00;05:00;3079,99
10.08.2025 06:00;06:00;3073,33
10.08.2025 07:00;07:00;2948,19
10.08.2025 08:00;08:00;5
10.08.2025 09:00;09:00;0
10.08.2025 10:00;10:00;0
10.08.2025 11:00;11:00;0
10.08.2025 12:00;12:00;0
10.08.2025 13:00;13:00;1295
10.08.2025 14:00;14:00;1784,25
10.08.2025 15:00;15:00;2000
10.08.2025 16:00;16:00;1962,68
10.08.2025 17:00;17:00;3400
10.08.2025 18:00;18:00;3400
10.08.2025 19:00;19:00;3400
10.08.2025 20:00;20:00;3400
10.08.2025 21:00;21:00;3400
10.08.2025 22:00;22:00;3400
10.08.2025 23:00;23:00;3400
11.08.2025 00:00;00:00;3400
11.08.2025 01:00;01:00;3400
11.08.2025 02:00;02:00;3400
11.08.2025 03:00;03:00;3309,99
11.08.2025 04:00;04:00;2305
11.08.2025 05:00;05:00;2220
11.08.2025 06:00;06:00;2299
11.08.2025 07:00;07:00;1062
11.08.2025 08:00;08:00;3392,57
11.08.2025 09:00;09:00;3396,63
11.08.2025 10:00;10:00;2299
11.08.2025 11:00;11:00;2308
11.08.2025 12:00;12:00;1921
11.08.2025 13:00;13:00;3290,58
11.08.2025 14:00;14:00;3290,58
11.08.2025 15:00;15:00;3290,58
11.08.2025 16:00;16:00;3400
11.08.2025 17:00;17:00;3396,63
11.08.2025 18:00;18:00;3400
11.08.2025 19:00;19:00;3400
11.08.2025 20:00;20:00;3400
11.08.2025 21:00;21:00;3400
11.08.2025 22:00;22:00;3400
11.08.2025 23:00;23:00;3359,99
12.08.2025 00:00;00:00;2304
12.08.2025 01:00;01:00;2304
12.08.2025 02:00;02:00;2304
12.08.2025 03:00;03:00;2305
12.08.2025 04:00;04:00;2305
12.08.2025 05:00;05:00;2147
12.08.2025 06:00;06:00;2637,34
12.08.2025 07:00;07:00;2147
12.08.2025 08:00;08:00;2147
12.08.2025 09:00;09:00;2147
12.08.2025 10:00;10:00;2147
12.08.2025 11:00;11:00;3074,99
12.08.2025 12:00;12:00;400
12.08.2025 13:00;13:00;2275
12.08.2025 14:00;14:00;2761,65
12.08.2025 15:00;15:00;2994
12.08.2025 16:00;16:00;3290,58
12.08.2025 17:00;17:00;3398
12.08.2025 18:00;18:00;3400
12.08.2025 19:00;19:00;3400
12.08.2025 20:00;20:00;3400
12.08.2025 21:00;21:00;3400
12.08.2025 22:00;22:00;3400
12.08.2025 23:00;23:00;3290
13.08.2025 00:00;00:00;3360
13.08.2025 01:00;01:00;3400
13.08.2025 02:00;02:00;3150
13.08.2025 03:00;03:00;2560,11
13.08.2025 04:00;04:00;3000
13.08.2025 05:00;05:00;2910,71
13.08.2025 06:00;06:00;3000
13.08.2025 07:00;07:00;2200
13.08.2025 08:00;08:00;2347
13.08.2025 09:00;09:00;2347
13.08.2025 10:00;10:00;2347
13.08.2025 11:00;11:00;2700,01
13.08.2025 12:00;12:00;3000
13.08.2025 13:00;13:00;3400
13.08.2025 14:00;14:00;3400
13.08.2025 15:00;15:00;2306
13.08.2025 16:00;16:00;3400
13.08.2025 17:00;17:00;3400
13.08.2025 18:00;18:00;3400
13.08.2025 19:00;19:00;3400
13.08.2025 20:00;20:00;3400
13.08.2025 21:00;21:00;3400
13.08.2025 22:00;22:00;3400
13.08.2025 23:00;23:00;3400
14.08.2025 00:00;00:00;3400
14.08.2025 01:00;01:00;3359,99
14.08.2025 02:00;02:00;3230,01
14.08.2025 03:00;03:00;2895,8
14.08.2025 04:00;04:00;2600
14.08.2025 05:00;05:00;3114,6
14.08.2025 06:00;06:00;3380
14.08.2025 07:00;07:00;2017
14.08.2025 08:00;08:00;3294,62
14.08.2025 09:00;09:00;3399,42
14.08.2025 10:00;10:00;2347
14.08.2025 11:00;11:00;3069
14.08.2025 12:00;12:00;3069
14.08.2025 13:00;13:00;3400
14.08.2025 14:00;14:00;3294,62
14.08.2025 15:00;15:00;3294,62
14.08.2025 16:00;16:00;3377
14.08.2025 17:00;17:00;3332,61
14.08.2025 18:00;18:00;3400
14.08.2025 19:00;19:00;3400
14.08.2025 20:00;20:00;3400
14.08.2025 21:00;21:00;3400
14.08.2025 22:00;22:00;3400
14.08.2025 23:00;23:00;3392,62
15.08.2025 00:00;00:00;3400
15.08.2025 01:00;01:00;3400
15.08.2025 02:00;02:00;3178,98
15.08.2025 03:00;03:00;2315
15.08.2025 04:00;04:00;3200,01
15.08.2025 05:00;05:00;2950
15.08.2025 06:00;06:00;3400
15.08.2025 07:00;07:00;3294,62
15.08.2025 08:00;08:00;3400
15.08.2025 09:00;09:00;3400
15.08.2025 10:00;10:00;2047
15.08.2025 11:00;11:00;3400
15.08.2025 12:00;12:00;3007
15.08.2025 13:00;13:00;3000
15.08.2025 14:00;14:00;3000
15.08.2025 15:00;15:00;3294,62
15.08.2025 16:00;16:00;2685,88
15.08.2025 17:00;17:00;3400
15.08.2025 18:00;18:00;3400
15.08.2025 19:00;19:00;3400
15.08.2025 20:00;20:00;3400
15.08.2025 21:00;21:00;3400
15.08.2025 22:00;22:00;3400
15.08.2025 23:00;23:00;3400
16.08.2025 00:00;00:00;3289,99
16.08.2025 01:00;01:00;3247,99
16.08.2025 02:00;02:00;2401
16.08.2025 03:00;03:00;3200
16.08.2025 04:00;04:00;3400
16.08.2025 05:00;05:00;3400
16.08.2025 06:00;06:00;3400
16.08.2025 07:00;07:00;3294,62
16.08.2025 08:00;08:00;3121,91
16.08.2025 09:00;09:00;3121,91
16.08.2025 10:00;10:00;1774,52
16.08.2025 11:00;11:00;1951,97
16.08.2025 12:00;12:00;1184,9
16.08.2025 13:00;13:00;2951,22
16.08.2025 14:00;14:00;520
16.08.2025 15:00;15:00;650
16.08.2025 16:00;16:00;520
16.08.2025 17:00;17:00;3092
16.08.2025 18:00;18:00;3278,91
16.08.2025 19:00;19:00;3400
16.08.2025 20:00;20:00;3400
16.08.2025 21:00;21:00;3400
16.08.2025 22:00;22:00;3400
16.08.2025 23:00;23:00;3300
17.08.2025 00:00;00:00;3320,92
17.08.2025 01:00;01:00;3260
17.08.2025 02:00;02:00;2277
17.08.2025 03:00;03:00;2250
17.08.2025 04:00;04:00;1751
17.08.2025 05:00;05:00;3400
17.08.2025 06:00;06:00;2810
17.08.2025 07:00;07:00;2771,05
17.08.2025 08:00;08:00;400
17.08.2025 09:00;09:00;300,01
17.08.2025 10:00;10:00;0
17.08.2025 11:00;11:00;0
17.08.2025 12:00;12:00;0
17.08.2025 13:00;13:00;400
17.08.2025 14:00;14:00;80
17.08.2025 15:00;15:00;520
17.08.2025 16:00;16:00;520
17.08.2025 17:00;17:00;2390
17.08.2025 18:00;18:00;3400
17.08.2025 19:00;19:00;3400
17.08.2025 20:00;20:00;3400
17.08.2025 21:00;21:00;3400
17.08.2025 22:00;22:00;3400
17.08.2025 23:00;23:00;3400
18.08.2025 00:00;00:00;3400
18.08.2025 01:00;01:00;3400
18.08.2025 02:00;02:00;3400
18.08.2025 03:00;03:00;3299,99
18.08.2025 04:00;04:00;3199,92
18.08.2025 05:00;05:00;2401
18.08.2025 06:00;06:00;3118
18.08.2025 07:00;07:00;3000
18.08.2025 08:00;08:00;3400
18.08.2025 09:00;09:00;3400
18.08.2025 10:00;10:00;3400
18.08.2025 11:00;11:00;3400
18.08.2025 12:00;12:00;3100
18.08.2025 13:00;13:00;3400
18.08.2025 14:00;14:00;3400
18.08.2025 15:00;15:00;3294,62
18.08.2025 16:00;16:00;3400
18.08.2025 17:00;17:00;3400
18.08.2025 18:00;18:00;3400
18.08.2025 19:00;19:00;3400
18.08.2025 20:00;20:00;3400
18.08.2025 21:00;21:00;3400
18.08.2025 22:00;22:00;3400
18.08.2025 23:00;23:00;3400
19.08.2025 00:00;00:00;3400
19.08.2025 01:00;01:00;3400
19.08.2025 02:00;02:00;2247
19.08.2025 03:00;03:00;1952
19.08.2025 04:00;04:00;1744
19.08.2025 05:00;05:00;1500
19.08.2025 06:00;06:00;1652
19.08.2025 07:00;07:00;851
19.08.2025 08:00;08:00;2738,27
19.08.2025 09:00;09:00;3199,92
19.08.2025 10:00;10:00;2247
19.08.2025 11:00;11:00;2932,55
19.08.2025 12:00;12:00;1048,27
19.08.2025 13:00;13:00;3000
19.08.2025 14:00;14:00;3000
19.08.2025 15:00;15:00;3400
19.08.2025 16:00;16:00;3400
19.08.2025 17:00;17:00;3400
19.08.2025 18:00;18:00;3400
19.08.2025 19:00;19:00;3400
19.08.2025 20:00;20:00;3400
19.08.2025 21:00;21:00;3400
19.08.2025 22:00;22:00;2250
19.08.2025 23:00;23:00;2247
20.08.2025 00:00;00:00;2247
20.08.2025 01:00;01:00;3200,01
20.08.2025 02:00;02:00;3400
20.08.2025 03:00;03:00;3400
20.08.2025 04:00;04:00;2247
20.08.2025 05:00;05:00;2247
20.08.2025 06:00;06:00;2955,9
20.08.2025 07:00;07:00;3100
20.08.2025 08:00;08:00;3400
20.08.2025 09:00;09:00;3400
20.08.2025 10:00;10:00;3400
20.08.2025 11:00;11:00;3100
20.08.2025 12:00;12:00;3000
20.08.2025 13:00;13:00;3294,62
20.08.2025 14:00;14:00;3400
20.08.2025 15:00;15:00;3400
20.08.2025 16:00;16:00;3336
20.08.2025 17:00;17:00;3378,11
20.08.2025 18:00;18:00;3400
20.08.2025 19:00;19:00;3400
20.08.2025 20:00;20:00;3400
20.08.2025 21:00;21:00;3400
20.08.2025 22:00;22:00;3400
20.08.2025 23:00;23:00;3400
21.08.2025 00:00;00:00;3363,31
21.08.2025 01:00;01:00;2314
21.08.2025 02:00;02:00;2287
21.08.2025 03:00;03:00;3198,25
21.08.2025 04:00;04:00;3150,01
21.08.2025 05:00;05:00;3152
21.08.2025 06:00;06:00;3200
21.08.2025 07:00;07:00;3400
21.08.2025 08:00;08:00;3400
21.08.2025 09:00;09:00;3400
21.08.2025 10:00;10:00;3100
21.08.2025 11:00;11:00;2615,99
21.08.2025 12:00;12:00;400
21.08.2025 13:00;13:00;1877
21.08.2025 14:00;14:00;3000
21.08.2025 15:00;15:00;3400
21.08.2025 16:00;16:00;2253
21.08.2025 17:00;17:00;3400
21.08.2025 18:00;18:00;3400
21.08.2025 19:00;19:00;3400
21.08.2025 20:00;20:00;3400
21.08.2025 21:00;21:00;3400
21.08.2025 22:00;22:00;3400
21.08.2025 23:00;23:00;3400
22.08.2025 00:00;00:00;3400
22.08.2025 01:00;01:00;3400
22.08.2025 02:00;02:00;3400
22.08.2025 03:00;03:00;3400
22.08.2025 04:00;04:00;3400
22.08.2025 05:00;05:00;3400
22.08.2025 06:00;06:00;3400
22.08.2025 07:00;07:00;2287
22.08.2025 08:00;08:00;2287
22.08.2025 09:00;09:00;2101
22.08.2025 10:00;10:00;1977
22.08.2025 11:00;11:00;1977
22.08.2025 12:00;12:00;1240
22.08.2025 13:00;13:00;2010,01
22.08.2025 14:00;14:00;2287
22.08.2025 15:00;15:00;3200
22.08.2025 16:00;16:00;3400
22.08.2025 17:00;17:00;3400
22.08.2025 18:00;18:00;3400
22.08.2025 19:00;19:00;3400
22.08.2025 20:00;20:00;3400
22.08.2025 21:00;21:00;3400
22.08.2025 22:00;22:00;3400
22.08.2025 23:00;23:00;3400
23.08.2025 00:00;00:00;3400
23.08.2025 01:00;01:00;3400
23.08.2025 02:00;02:00;3400
23.08.2025 03:00;03:00;3400
23.08.2025 04:00;04:00;3348,99
23.08.2025 05:00;05:00;2287
23.08.2025 06:00;06:00;2970,01
23.08.2025 07:00;07:00;2287
23.08.2025 08:00;08:00;2287
23.08.2025 09:00;09:00;3294,62
23.08.2025 10:00;10:00;3400
23.08.2025 11:00;11:00;3400
23.08.2025 12:00;12:00;3400
23.08.2025 13:00;13:00;3400
23.08.2025 14:00;14:00;3400
23.08.2025 15:00;15:00;3400
23.08.2025 16:00;16:00;3300
23.08.2025 17:00;17:00;3400
23.08.2025 18:00;18:00;3400
23.08.2025 19:00;19:00;3400
23.08.2025 20:00;20:00;3400
23.08.2025 21:00;21:00;3400
23.08.2025 22:00;22:00;3400
23.08.2025 23:00;23:00;3400
24.08.2025 00:00;00:00;3400
24.08.2025 01:00;01:00;3400
24.08.2025 02:00;02:00;3400
24.08.2025 03:00;03:00;3400
24.08.2025 04:00;04:00;2201
24.08.2025 05:00;05:00;2201
24.08.2025 06:00;06:00;2858,9
24.08.2025 07:00;07:00;3294,62
24.08.2025 08:00;08:00;1778,99
24.08.2025 09:00;09:00;1778,99
24.08.2025 10:00;10:00;1778,99
24.08.2025 11:00;11:00;1778,99
24.08.2025 12:00;12:00;1956,89
24.08.2025 13:00;13:00;2000,01
24.08.2025 14:00;14:00;2000
24.08.2025 15:00;15:00;2000
24.08.2025 16:00;16:00;1859,97
24.08.2025 17:00;17:00;3000
24.08.2025 18:00;18:00;3320,91
24.08.2025 19:00;19:00;3400
24.08.2025 20:00;20:00;3400
24.08.2025 21:00;21:00;3400
24.08.2025 22:00;22:00;2287
24.08.2025 23:00;23:00;2001
25.08.2025 00:00;00:00;1811
25.08.2025 01:00;01:00;1744
25.08.2025 02:00;02:00;2297,99
25.08.2025 03:00;03:00;2620
25.08.2025 04:00;04:00;2901,01
25.08.2025 05:00;05:00;2500
25.08.2025 06:00;06:00;2800
25.08.2025 07:00;07:00;3121,91
25.08.2025 08:00;08:00;3400
25.08.2025 09:00;09:00;3400
25.08.2025 10:00;10:00;2951,22
25.08.2025 11:00;11:00;2951,22
25.08.2025 12:00;12:00;400
25.08.2025 13:00;13:00;2900
25.08.2025 14:00;14:00;1000
25.08.2025 15:00;15:00;1770
25.08.2025 16:00;16:00;3230
25.08.2025 17:00;17:00;3230,01
25.08.2025 18:00;18:00;2287
25.08.2025 19:00;19:00;3400
25.08.2025 20:00;20:00;3400
25.08.2025 21:00;21:00;3368,28
25.08.2025 22:00;22:00;3159,21
25.08.2025 23:00;23:00;2970
26.08.2025 00:00;00:00;3242,44
26.08.2025 01:00;01:00;3230,01
26.08.2025 02:00;02:00;2237
26.08.2025 03:00;03:00;2237
26.08.2025 04:00;04:00;2237
26.08.2025 05:00;05:00;2237
26.08.2025 06:00;06:00;2844,01
26.08.2025 07:00;07:00;3067
26.08.2025 08:00;08:00;3374,15
26.08.2025 09:00;09:00;3121,91
26.08.2025 10:00;10:00;2840,2
26.08.2025 11:00;11:00;650
26.08.2025 12:00;12:00;400
26.08.2025 13:00;13:00;1899,98
26.08.2025 14:00;14:00;3043
26.08.2025 15:00;15:00;3121,91
26.08.2025 16:00;16:00;3180,92
26.08.2025 17:00;17:00;3270,91
26.08.2025 18:00;18:00;3321,68
26.08.2025 19:00;19:00;3400
26.08.2025 20:00;20:00;3400
26.08.2025 21:00;21:00;3329,22
26.08.2025 22:00;22:00;2951,22
26.08.2025 23:00;23:00;2237
27.08.2025 00:00;00:00;2271
27.08.2025 01:00;01:00;2270
27.08.2025 02:00;02:00;2726
27.08.2025 03:00;03:00;2234
27.08.2025 04:00;04:00;2242
27.08.2025 05:00;05:00;1436
27.08.2025 06:00;06:00;1436
27.08.2025 07:00;07:00;650
27.08.2025 08:00;08:00;1000
27.08.2025 09:00;09:00;2513,99
27.08.2025 10:00;10:00;520
27.08.2025 11:00;11:00;520
27.08.2025 12:00;12:00;400
27.08.2025 13:00;13:00;650
27.08.2025 14:00;14:00;650
27.08.2025 15:00;15:00;650
27.08.2025 16:00;16:00;3150
27.08.2025 17:00;17:00;3230,01
27.08.2025 18:00;18:00;2500
27.08.2025 19:00;19:00;3352
27.08.2025 20:00;20:00;3400
27.08.2025 21:00;21:00;2337
27.08.2025 22:00;22:00;2337
27.08.2025 23:00;23:00;2242
28.08.2025 00:00;00:00;2337
28.08.2025 01:00;01:00;2337
28.08.2025 02:00;02:00;2337
28.08.2025 03:00;03:00;2337
28.08.2025 04:00;04:00;2600
28.08.2025 05:00;05:00;2919,73
28.08.2025 06:00;06:00;2888,95
28.08.2025 07:00;07:00;1900
28.08.2025 08:00;08:00;3267,46
28.08.2025 09:00;09:00;3047,01
28.08.2025 10:00;10:00;1000
28.08.2025 11:00;11:00;1900
28.08.2025 12:00;12:00;400
28.08.2025 13:00;13:00;650
28.08.2025 14:00;14:00;3121,91
28.08.2025 15:00;15:00;2951,22
28.08.2025 16:00;16:00;1000
28.08.2025 17:00;17:00;2990
28.08.2025 18:00;18:00;3276,46
28.08.2025 19:00;19:00;3400
28.08.2025 20:00;20:00;3400
28.08.2025 21:00;21:00;3400
28.08.2025 22:00;22:00;3189,24
28.08.2025 23:00;23:00;2998,49
29.08.2025 00:00;00:00;3159,15
29.08.2025 01:00;01:00;3121,91
29.08.2025 02:00;02:00;3121,91
29.08.2025 03:00;03:00;2695
29.08.2025 04:00;04:00;2947,02
29.08.2025 05:00;05:00;3000
29.08.2025 06:00;06:00;3121,91
29.08.2025 07:00;07:00;3121,91
29.08.2025 08:00;08:00;3229,01
29.08.2025 09:00;09:00;3294,62
29.08.2025 10:00;10:00;3121,91
29.08.2025 11:00;11:00;3294,62
29.08.2025 12:00;12:00;2221,98
29.08.2025 13:00;13:00;3121,91
29.08.2025 14:00;14:00;3400
29.08.2025 15:00;15:00;3390
29.08.2025 16:00;16:00;3400
29.08.2025 17:00;17:00;3400
29.08.2025 18:00;18:00;3400
29.08.2025 19:00;19:00;3400
29.08.2025 20:00;20:00;3400
29.08.2025 21:00;21:00;3400
29.08.2025 22:00;22:00;3400
29.08.2025 23:00;23:00;3260,92
30.08.2025 00:00;00:00;3400
30.08.2025 01:00;01:00;3400
30.08.2025 02:00;02:00;3400
30.08.2025 03:00;03:00;3280,15
30.08.2025 04:00;04:00;3249,24
30.08.2025 05:00;05:00;2345
30.08.2025 06:00;06:00;3240
30.08.2025 07:00;07:00;2345
30.08.2025 08:00;08:00;2136
30.08.2025 09:00;09:00;650
30.08.2025 10:00;10:00;1000
30.08.2025 11:00;11:00;2448
30.08.2025 12:00;12:00;1000
30.08.2025 13:00;13:00;3121,91
30.08.2025 14:00;14:00;400
30.08.2025 15:00;15:00;520
30.08.2025 16:00;16:00;520
30.08.2025 17:00;17:00;2345
30.08.2025 18:00;18:00;3400
30.08.2025 19:00;19:00;3400
30.08.2025 20:00;20:00;3400
30.08.2025 21:00;21:00;3400
30.08.2025 22:00;22:00;2900
30.08.2025 23:00;23:00;2345
31.08.2025 00:00;00:00;2348
31.08.2025 01:00;01:00;2348
31.08.2025 02:00;02:00;2136
31.08.2025 03:00;03:00;2242
31.08.2025 04:00;04:00;2348
31.08.2025 05:00;05:00;2343
31.08.2025 06:00;06:00;2246
31.08.2025 07:00;07:00;650
31.08.2025 08:00;08:00;400
31.08.2025 09:00;09:00;0
31.08.2025 10:00;10:00;0
31.08.2025 11:00;11:00;0
31.08.2025 12:00;12:00;0
31.08.2025 13:00;13:00;0
31.08.2025 14:00;14:00;1,1
31.08.2025 15:00;15:00;1770
31.08.2025 16:00;16:00;2951,22
31.08.2025 17:00;17:00;3400
31.08.2025 18:00;18:00;3400
31.08.2025 19:00;19:00;3400
31.08.2025 20:00;20:00;3400
31.08.2025 21:00;21:00;3400
31.08.2025 22:00;22:00;3400
31.08.2025 23:00;23:00;3270,91
01.09.2025 00:00;00:00;3399,01
01.09.2025 01:00;01:00;3375
01.09.2025 02:00;02:00;3400
01.09.2025 03:00;03:00;3100
01.09.2025 04:00;04:00;3100
01.09.2025 05:00;05:00;3000
01.09.2025 06:00;06:00;3400
01.09.2025 07:00;07:00;3387
01.09.2025 08:00;08:00;3400
01.09.2025 09:00;09:00;3400
01.09.2025 10:00;10:00;3400
01.09.2025 11:00;11:00;3400
01.09.2025 12:00;12:00;3400
01.09.2025 13:00;13:00;3400
01.09.2025 14:00;14:00;3400
01.09.2025 15:00;15:00;3400
01.09.2025 16:00;16:00;3400
01.09.2025 17:00;17:00;3400
01.09.2025 18:00;18:00;3400
01.09.2025 19:00;19:00;3400
01.09.2025 20:00;20:00;3400
01.09.2025 21:00;21:00;3400
01.09.2025 22:00;22:00;3400
01.09.2025 23:00;23:00;3400
02.09.2025 00:00;00:00;3400
02.09.2025 01:00;01:00;3375
02.09.2025 02:00;02:00;3210,01
02.09.2025 03:00;03:00;3200,01
02.09.2025 04:00;04:00;3080
02.09.2025 05:00;05:00;3350
02.09.2025 06:00;06:00;3294,62
02.09.2025 07:00;07:00;3100
02.09.2025 08:00;08:00;3400
02.09.2025 09:00;09:00;3400
02.09.2025 10:00;10:00;3400
02.09.2025 11:00;11:00;3400
02.09.2025 12:00;12:00;3400
02.09.2025 13:00;13:00;3400
02.09.2025 14:00;14:00;3400
02.09.2025 15:00;15:00;3400
02.09.2025 16:00;16:00;3400
02.09.2025 17:00;17:00;3400
02.09.2025 18:00;18:00;3400
02.09.2025 19:00;19:00;3400
02.09.2025 20:00;20:00;3400
02.09.2025 21:00;21:00;3400
02.09.2025 22:00;22:00;2402
02.09.2025 23:00;23:00;2357
03.09.2025 00:00;00:00;3260,91
03.09.2025 01:00;01:00;3240,91
03.09.2025 02:00;02:00;3180
03.09.2025 03:00;03:00;3210,91
03.09.2025 04:00;04:00;3121,91
03.09.2025 05:00;05:00;3121,91
03.09.2025 06:00;06:00;3121,91
03.09.2025 07:00;07:00;3150
03.09.2025 08:00;08:00;3400
03.09.2025 09:00;09:00;3400
03.09.2025 10:00;10:00;3400
03.09.2025 11:00;11:00;3150
03.09.2025 12:00;12:00;3121,91
03.09.2025 13:00;13:00;3121,91
03.09.2025 14:00;14:00;3294,62
03.09.2025 15:00;15:00;3294,62
03.09.2025 16:00;16:00;3400
03.09.2025 17:00;17:00;3400
03.09.2025 18:00;18:00;3400
03.09.2025 19:00;19:00;3400
03.09.2025 20:00;20:00;3400
03.09.2025 21:00;21:00;3400
03.09.2025 22:00;22:00;3230,91
03.09.2025 23:00;23:00;3085,48
04.09.2025 00:00;00:00;3232,03
04.09.2025 01:00;01:00;3294,62
04.09.2025 02:00;02:00;3400
04.09.2025 03:00;03:00;3294,62
04.09.2025 04:00;04:00;3121,91
04.09.2025 05:00;05:00;3000
04.09.2025 06:00;06:00;2880
04.09.2025 07:00;07:00;3050
04.09.2025 08:00;08:00;3200
04.09.2025 09:00;09:00;3200
04.09.2025 10:00;10:00;3000
04.09.2025 11:00;11:00;3121,91
04.09.2025 12:00;12:00;3050
04.09.2025 13:00;13:00;3121,91
04.09.2025 14:00;14:00;3400
04.09.2025 15:00;15:00;3400
04.09.2025 16:00;16:00;3249
04.09.2025 17:00;17:00;3400
04.09.2025 18:00;18:00;3400
04.09.2025 19:00;19:00;3400
04.09.2025 20:00;20:00;3400
04.09.2025 21:00;21:00;3400
04.09.2025 22:00;22:00;3400
04.09.2025 23:00;23:00;3210,91
05.09.2025 00:00;00:00;3330,64
05.09.2025 01:00;01:00;3400
05.09.2025 02:00;02:00;3400
05.09.2025 03:00;03:00;3400
05.09.2025 04:00;04:00;3369,75
05.09.2025 05:00;05:00;3200
05.09.2025 06:00;06:00;3395
05.09.2025 07:00;07:00;3270,03
05.09.2025 08:00;08:00;3400
05.09.2025 09:00;09:00;3400
05.09.2025 10:00;10:00;2357
05.09.2025 11:00;11:00;3400
05.09.2025 12:00;12:00;2987
05.09.2025 13:00;13:00;2987
05.09.2025 14:00;14:00;3400
05.09.2025 15:00;15:00;3393,84
05.09.2025 16:00;16:00;2157
05.09.2025 17:00;17:00;3400
05.09.2025 18:00;18:00;3400
05.09.2025 19:00;19:00;3400
05.09.2025 20:00;20:00;3400
05.09.2025 21:00;21:00;3400
05.09.2025 22:00;22:00;3400
05.09.2025 23:00;23:00;3400
06.09.2025 00:00;00:00;3400
06.09.2025 01:00;01:00;3400
06.09.2025 02:00;02:00;3400
06.09.2025 03:00;03:00;3400
06.09.2025 04:00;04:00;3400
06.09.2025 05:00;05:00;3400
06.09.2025 06:00;06:00;3400
06.09.2025 07:00;07:00;3280,01
06.09.2025 08:00;08:00;3297,02
06.09.2025 09:00;09:00;2367
06.09.2025 10:00;10:00;520
06.09.2025 11:00;11:00;650
06.09.2025 12:00;12:00;400
06.09.2025 13:00;13:00;2585
06.09.2025 14:00;14:00;2765,64
06.09.2025 15:00;15:00;2987
06.09.2025 16:00;16:00;3121,91
06.09.2025 17:00;17:00;3099,99
06.09.2025 18:00;18:00;2367
06.09.2025 19:00;19:00;3395
06.09.2025 20:00;20:00;2597
06.09.2025 21:00;21:00;2037
06.09.2025 22:00;22:00;1894
06.09.2025 23:00;23:00;2037
07.09.2025 00:00;00:00;2961,01
07.09.2025 01:00;01:00;2780,01
07.09.2025 02:00;02:00;2367
07.09.2025 03:00;03:00;2401
07.09.2025 04:00;04:00;2367
07.09.2025 05:00;05:00;2367
07.09.2025 06:00;06:00;2401
07.09.2025 07:00;07:00;900
07.09.2025 08:00;08:00;399,99
07.09.2025 09:00;09:00;0
07.09.2025 10:00;10:00;0
07.09.2025 11:00;11:00;0
07.09.2025 12:00;12:00;0
07.09.2025 13:00;13:00;0
07.09.2025 14:00;14:00;1600
07.09.2025 15:00;15:00;1890,19
07.09.2025 16:00;16:00;1401,01
07.09.2025 17:00;17:00;2708
07.09.2025 18:00;18:00;3253,35
07.09.2025 19:00;19:00;3319,22
07.09.2025 20:00;20:00;3319,79
07.09.2025 21:00;21:00;3228,22
07.09.2025 22:00;22:00;3228,22
07.09.2025 23:00;23:00;2367
08.09.2025 00:00;00:00;2377
08.09.2025 01:00;01:00;2600
08.09.2025 02:00;02:00;2899,98
08.09.2025 03:00;03:00;2377
08.09.2025 04:00;04:00;2275,01
08.09.2025 05:00;05:00;2323
08.09.2025 06:00;06:00;3100
08.09.2025 07:00;07:00;3121,91
08.09.2025 08:00;08:00;3400
08.09.2025 09:00;09:00;3400
08.09.2025 10:00;10:00;3350,34
08.09.2025 11:00;11:00;3100
08.09.2025 12:00;12:00;400
08.09.2025 13:00;13:00;650
08.09.2025 14:00;14:00;1000
08.09.2025 15:00;15:00;2801
08.09.2025 16:00;16:00;3200
08.09.2025 17:00;17:00;3400
08.09.2025 18:00;18:00;3261,17
08.09.2025 19:00;19:00;3395
08.09.2025 20:00;20:00;3400
08.09.2025 21:00;21:00;3400
08.09.2025 22:00;22:00;2377
08.09.2025 23:00;23:00;2001
09.09.2025 00:00;00:00;2377
09.09.2025 01:00;01:00;2377
09.09.2025 02:00;02:00;2402
09.09.2025 03:00;03:00;3198,1
09.09.2025 04:00;04:00;2377
09.09.2025 05:00;05:00;2377
09.09.2025 06:00;06:00;2720,99
09.09.2025 07:00;07:00;2880
09.09.2025 08:00;08:00;2377
09.09.2025 09:00;09:00;2377
09.09.2025 10:00;10:00;520
09.09.2025 11:00;11:00;400
09.09.2025 12:00;12:00;399,99
09.09.2025 13:00;13:00;520
09.09.2025 14:00;14:00;2945,99
09.09.2025 15:00;15:00;3100
09.09.2025 16:00;16:00;3400
09.09.2025 17:00;17:00;3400
09.09.2025 18:00;18:00;3400
09.09.2025 19:00;19:00;3400
09.09.2025 20:00;20:00;3400
09.09.2025 21:00;21:00;3400
09.09.2025 22:00;22:00;3400
09.09.2025 23:00;23:00;3121,91
10.09.2025 00:00;00:00;2490
10.09.2025 01:00;01:00;3350,01
10.09.2025 02:00;02:00;3118
10.09.2025 03:00;03:00;3121,91
10.09.2025 04:00;04:00;3180,29
10.09.2025 05:00;05:00;3155,01
10.09.2025 06:00;06:00;3280,9
10.09.2025 07:00;07:00;3121,91
10.09.2025 08:00;08:00;3380
10.09.2025 09:00;09:00;3400
10.09.2025 10:00;10:00;3121,91
10.09.2025 11:00;11:00;3400
10.09.2025 12:00;12:00;3121,91
10.09.2025 13:00;13:00;3200
10.09.2025 14:00;14:00;3400
10.09.2025 15:00;15:00;3398
10.09.2025 16:00;16:00;3400
10.09.2025 17:00;17:00;3400
10.09.2025 18:00;18:00;3400
10.09.2025 19:00;19:00;3400
10.09.2025 20:00;20:00;3400
10.09.2025 21:00;21:00;3400
10.09.2025 22:00;22:00;3400
10.09.2025 23:00;23:00;3400
11.09.2025 00:00;00:00;3400
11.09.2025 01:00;01:00;3155
11.09.2025 02:00;02:00;3129,99
11.09.2025 03:00;03:00;2377
11.09.2025 04:00;04:00;2377
11.09.2025 05:00;05:00;3113,55
11.09.2025 06:00;06:00;3400
11.09.2025 07:00;07:00;3400
11.09.2025 08:00;08:00;3400
11.09.2025 09:00;09:00;3400
11.09.2025 10:00;10:00;2377
11.09.2025 11:00;11:00;3400
11.09.2025 12:00;12:00;3107
11.09.2025 13:00;13:00;3107
11.09.2025 14:00;14:00;3400
11.09.2025 15:00;15:00;3400
11.09.2025 16:00;16:00;3150,01
11.09.2025 17:00;17:00;3400
11.09.2025 18:00;18:00;3400
11.09.2025 19:00;19:00;3400
11.09.2025 20:00;20:00;3400
11.09.2025 21:00;21:00;3400
11.09.2025 22:00;22:00;3400
11.09.2025 23:00;23:00;3400
12.09.2025 00:00;00:00;3299,99
12.09.2025 01:00;01:00;3400
12.09.2025 02:00;02:00;3100
12.09.2025 03:00;03:00;3118
12.09.2025 04:00;04:00;3129,99
12.09.2025 05:00;05:00;3150,01
12.09.2025 06:00;06:00;3400
12.09.2025 07:00;07:00;3260,91
12.09.2025 08:00;08:00;3400
12.09.2025 09:00;09:00;3400
12.09.2025 10:00;10:00;3107
12.09.2025 11:00;11:00;3293,01
12.09.2025 12:00;12:00;3107
12.09.2025 13:00;13:00;650
12.09.2025 14:00;14:00;2870,82
12.09.2025 15:00;15:00;3160,81
12.09.2025 16:00;16:00;2001
12.09.2025 17:00;17:00;3400
12.09.2025 18:00;18:00;3400
12.09.2025 19:00;19:00;3400
12.09.2025 20:00;20:00;3400
12.09.2025 21:00;21:00;3400
12.09.2025 22:00;22:00;3400
12.09.2025 23:00;23:00;3100
13.09.2025 00:00;00:00;3400
13.09.2025 01:00;01:00;3220,01
13.09.2025 02:00;02:00;3200,01
13.09.2025 03:00;03:00;3117,99
13.09.2025 04:00;04:00;2124,99
13.09.2025 05:00;05:00;2377
13.09.2025 06:00;06:00;3121,91
13.09.2025 07:00;07:00;3121,91
13.09.2025 08:00;08:00;3121,91
13.09.2025 09:00;09:00;650
13.09.2025 10:00;10:00;1123,97
13.09.2025 11:00;11:00;1400
13.09.2025 12:00;12:00;1000
13.09.2025 13:00;13:00;2000,01
13.09.2025 14:00;14:00;1400
13.09.2025 15:00;15:00;3121,91
13.09.2025 16:00;16:00;3398
13.09.2025 17:00;17:00;3400
13.09.2025 18:00;18:00;3400
13.09.2025 19:00;19:00;3400
13.09.2025 20:00;20:00;3400
13.09.2025 21:00;21:00;3400
13.09.2025 22:00;22:00;3400
13.09.2025 23:00;23:00;3400
14.09.2025 00:00;00:00;3288,11
14.09.2025 01:00;01:00;3121,91
14.09.2025 02:00;02:00;3400
14.09.2025 03:00;03:00;3400
14.09.2025 04:00;04:00;3400
14.09.2025 05:00;05:00;2951,22
14.09.2025 06:00;06:00;3121,91
14.09.2025 07:00;07:00;1753
14.09.2025 08:00;08:00;0
14.09.2025 09:00;09:00;0
14.09.2025 10:00;10:00;0
14.09.2025 11:00;11:00;0
14.09.2025 12:00;12:00;0
14.09.2025 13:00;13:00;0
14.09.2025 14:00;14:00;0
14.09.2025 15:00;15:00;5
14.09.2025 16:00;16:00;400
14.09.2025 17:00;17:00;3297,24
14.09.2025 18:00;18:00;3400
14.09.2025 19:00;19:00;3400
14.09.2025 20:00;20:00;3400
14.09.2025 21:00;21:00;3400
14.09.2025 22:00;22:00;3400
14.09.2025 23:00;23:00;3270,91
15.09.2025 00:00;00:00;2122
15.09.2025 01:00;01:00;2122
15.09.2025 02:00;02:00;2896
15.09.2025 03:00;03:00;1062
15.09.2025 04:00;04:00;650
15.09.2025 05:00;05:00;650
15.09.2025 06:00;06:00;1943
15.09.2025 07:00;07:00;3099,99
15.09.2025 08:00;08:00;3400
15.09.2025 09:00;09:00;3183,92
15.09.2025 10:00;10:00;1915
15.09.2025 11:00;11:00;3121,91
15.09.2025 12:00;12:00;3000
15.09.2025 13:00;13:00;2900
15.09.2025 14:00;14:00;3210,91
15.09.2025 15:00;15:00;2001
15.09.2025 16:00;16:00;2377
15.09.2025 17:00;17:00;3400
15.09.2025 18:00;18:00;3400
15.09.2025 19:00;19:00;3400
15.09.2025 20:00;20:00;3400
15.09.2025 21:00;21:00;3400
15.09.2025 22:00;22:00;3359,92
15.09.2025 23:00;23:00;2001
16.09.2025 00:00;00:00;2387
16.09.2025 01:00;01:00;2387
16.09.2025 02:00;02:00;2387
16.09.2025 03:00;03:00;2387
16.09.2025 04:00;04:00;2387
16.09.2025 05:00;05:00;2387
16.09.2025 06:00;06:00;3280,91
16.09.2025 07:00;07:00;3121,91
16.09.2025 08:00;08:00;3386,93
16.09.2025 09:00;09:00;3121,91
16.09.2025 10:00;10:00;3068,14
16.09.2025 11:00;11:00;3069,13
16.09.2025 12:00;12:00;500
16.09.2025 13:00;13:00;2850
16.09.2025 14:00;14:00;3121,91
16.09.2025 15:00;15:00;2616
16.09.2025 16:00;16:00;3398
16.09.2025 17:00;17:00;3400
16.09.2025 18:00;18:00;3400
16.09.2025 19:00;19:00;3400
16.09.2025 20:00;20:00;3400
16.09.2025 21:00;21:00;3400
16.09.2025 22:00;22:00;3400
16.09.2025 23:00;23:00;3400
17.09.2025 00:00;00:00;3347,9
17.09.2025 01:00;01:00;2397
17.09.2025 02:00;02:00;2397
17.09.2025 03:00;03:00;2397
17.09.2025 04:00;04:00;2646
17.09.2025 05:00;05:00;3290
17.09.2025 06:00;06:00;3400
17.09.2025 07:00;07:00;3298,38
17.09.2025 08:00;08:00;3400
17.09.2025 09:00;09:00;3080
17.09.2025 10:00;10:00;3121,91
17.09.2025 11:00;11:00;3298,38
17.09.2025 12:00;12:00;2900
17.09.2025 13:00;13:00;3121,91
17.09.2025 14:00;14:00;3160,9
17.09.2025 15:00;15:00;3210,92
17.09.2025 16:00;16:00;3400
17.09.2025 17:00;17:00;3400
17.09.2025 18:00;18:00;3400
17.09.2025 19:00;19:00;3400
17.09.2025 20:00;20:00;3400
17.09.2025 21:00;21:00;3400
17.09.2025 22:00;22:00;3298,38
17.09.2025 23:00;23:00;2397
18.09.2025 00:00;00:00;3316,99
18.09.2025 01:00;01:00;3100,01
18.09.2025 02:00;02:00;2828
18.09.2025 03:00;03:00;2328
18.09.2025 04:00;04:00;2397
18.09.2025 05:00;05:00;2397
18.09.2025 06:00;06:00;3299
18.09.2025 07:00;07:00;3121,91
18.09.2025 08:00;08:00;3400
18.09.2025 09:00;09:00;3400
18.09.2025 10:00;10:00;1752,99
18.09.2025 11:00;11:00;2000
18.09.2025 12:00;12:00;748
18.09.2025 13:00;13:00;2000
18.09.2025 14:00;14:00;3400
18.09.2025 15:00;15:00;2270,91
18.09.2025 16:00;16:00;3228,22
18.09.2025 17:00;17:00;2397
18.09.2025 18:00;18:00;3400
18.09.2025 19:00;19:00;3400
18.09.2025 20:00;20:00;3400
18.09.2025 21:00;21:00;3400
18.09.2025 22:00;22:00;3400
18.09.2025 23:00;23:00;3297
19.09.2025 00:00;00:00;3333,82
19.09.2025 01:00;01:00;3133,99
19.09.2025 02:00;02:00;2842,99
19.09.2025 03:00;03:00;2323
19.09.2025 04:00;04:00;3000
19.09.2025 05:00;05:00;3303
19.09.2025 06:00;06:00;3400
19.09.2025 07:00;07:00;2079,99
19.09.2025 08:00;08:00;3224,21
19.09.2025 09:00;09:00;400
19.09.2025 10:00;10:00;0
19.09.2025 11:00;11:00;0
19.09.2025 12:00;12:00;0
19.09.2025 13:00;13:00;0
19.09.2025 14:00;14:00;2,2
19.09.2025 15:00;15:00;399,99
19.09.2025 16:00;16:00;520
19.09.2025 17:00;17:00;2300
19.09.2025 18:00;18:00;2397
19.09.2025 19:00;19:00;2397
19.09.2025 20:00;20:00;2397
19.09.2025 21:00;21:00;2397
19.09.2025 22:00;22:00;2401
19.09.2025 23:00;23:00;650
20.09.2025 00:00;00:00;650
20.09.2025 01:00;01:00;650
20.09.2025 02:00;02:00;600
20.09.2025 03:00;03:00;2712,99
20.09.2025 04:00;04:00;650
20.09.2025 05:00;05:00;650
20.09.2025 06:00;06:00;520
20.09.2025 07:00;07:00;5
20.09.2025 08:00;08:00;4
20.09.2025 09:00;09:00;0
20.09.2025 10:00;10:00;0
20.09.2025 11:00;11:00;0
20.09.2025 12:00;12:00;0
20.09.2025 13:00;13:00;0
20.09.2025 14:00;14:00;0
20.09.2025 15:00;15:00;0
20.09.2025 16:00;16:00;,88
20.09.2025 17:00;17:00;2662
20.09.2025 18:00;18:00;3400
20.09.2025 19:00;19:00;3400
20.09.2025 20:00;20:00;3400
20.09.2025 21:00;21:00;3224,91
20.09.2025 22:00;22:00;2975,22
20.09.2025 23:00;23:00;2938,39
21.09.2025 00:00;00:00;3400
21.09.2025 01:00;01:00;3350
21.09.2025 02:00;02:00;650
21.09.2025 03:00;03:00;650
21.09.2025 04:00;04:00;650
21.09.2025 05:00;05:00;752,99
21.09.2025 06:00;06:00;1073,81
21.09.2025 07:00;07:00;0
21.09.2025 08:00;08:00;0
21.09.2025 09:00;09:00;0
21.09.2025 10:00;10:00;0
21.09.2025 11:00;11:00;0
21.09.2025 12:00;12:00;0
21.09.2025 13:00;13:00;0
21.09.2025 14:00;14:00;0
21.09.2025 15:00;15:00;0
21.09.2025 16:00;16:00;0
21.09.2025 17:00;17:00;2412,05
21.09.2025 18:00;18:00;3389,99
21.09.2025 19:00;19:00;3400
21.09.2025 20:00;20:00;3400
21.09.2025 21:00;21:00;3380
21.09.2025 22:00;22:00;2700,01
21.09.2025 23:00;23:00;2399
22.09.2025 00:00;00:00;2136
22.09.2025 01:00;01:00;2951,22
22.09.2025 02:00;02:00;3400
22.09.2025 03:00;03:00;700
22.09.2025 04:00;04:00;700
22.09.2025 05:00;05:00;2366
22.09.2025 06:00;06:00;3275,22
22.09.2025 07:00;07:00;2951,22
22.09.2025 08:00;08:00;3400
22.09.2025 09:00;09:00;3020
22.09.2025 10:00;10:00;699,99
22.09.2025 11:00;11:00;699,99
22.09.2025 12:00;12:00;699,97
22.09.2025 13:00;13:00;1503
22.09.2025 14:00;14:00;700
22.09.2025 15:00;15:00;1736
22.09.2025 16:00;16:00;2960,11
22.09.2025 17:00;17:00;3400
22.09.2025 18:00;18:00;3400
22.09.2025 19:00;19:00;3400
22.09.2025 20:00;20:00;3400
22.09.2025 21:00;21:00;3400
22.09.2025 22:00;22:00;3400
22.09.2025 23:00;23:00;3400
23.09.2025 00:00;00:00;2367
23.09.2025 01:00;01:00;2732,01
23.09.2025 02:00;02:00;2950,01
23.09.2025 03:00;03:00;2367
23.09.2025 04:00;04:00;2367
23.09.2025 05:00;05:00;2367
23.09.2025 06:00;06:00;3400
23.09.2025 07:00;07:00;3400
23.09.2025 08:00;08:00;3400
23.09.2025 09:00;09:00;3150
23.09.2025 10:00;10:00;3400
23.09.2025 11:00;11:00;3400
23.09.2025 12:00;12:00;650
23.09.2025 13:00;13:00;3400
23.09.2025 14:00;14:00;3400
23.09.2025 15:00;15:00;3400
23.09.2025 16:00;16:00;3400
23.09.2025 17:00;17:00;3400
23.09.2025 18:00;18:00;3400
23.09.2025 19:00;19:00;3400
23.09.2025 20:00;20:00;3400
23.09.2025 21:00;21:00;3400
23.09.2025 22:00;22:00;3400
23.09.2025 23:00;23:00;3400
24.09.2025 00:00;00:00;2372
24.09.2025 01:00;01:00;2372
24.09.2025 02:00;02:00;2372
24.09.2025 03:00;03:00;2372
24.09.2025 04:00;04:00;2372
24.09.2025 05:00;05:00;2372
24.09.2025 06:00;06:00;3240
24.09.2025 07:00;07:00;3044
24.09.2025 08:00;08:00;2372
24.09.2025 09:00;09:00;2372
24.09.2025 10:00;10:00;2372
24.09.2025 11:00;11:00;2527,88
24.09.2025 12:00;12:00;650
24.09.2025 13:00;13:00;2372
24.09.2025 14:00;14:00;3387
24.09.2025 15:00;15:00;2771
24.09.2025 16:00;16:00;3190,01
24.09.2025 17:00;17:00;3400
24.09.2025 18:00;18:00;3400
24.09.2025 19:00;19:00;3400
24.09.2025 20:00;20:00;3400
24.09.2025 21:00;21:00;2372
24.09.2025 22:00;22:00;2372
24.09.2025 23:00;23:00;2372
25.09.2025 00:00;00:00;2387
25.09.2025 01:00;01:00;3155
25.09.2025 02:00;02:00;2951,22
25.09.2025 03:00;03:00;2767,14
25.09.2025 04:00;04:00;2377
25.09.2025 05:00;05:00;2377
25.09.2025 06:00;06:00;3230,22
25.09.2025 07:00;07:00;3121,91
25.09.2025 08:00;08:00;3294,62
25.09.2025 09:00;09:00;3100
25.09.2025 10:00;10:00;1719,99
25.09.2025 11:00;11:00;1545,39
25.09.2025 12:00;12:00;501,02
25.09.2025 13:00;13:00;2000
25.09.2025 14:00;14:00;2000,01
25.09.2025 15:00;15:00;2951,22
25.09.2025 16:00;16:00;3400
25.09.2025 17:00;17:00;3400
25.09.2025 18:00;18:00;3400
25.09.2025 19:00;19:00;3400
25.09.2025 20:00;20:00;3400
25.09.2025 21:00;21:00;3400
25.09.2025 22:00;22:00;3400
25.09.2025 23:00;23:00;3375
26.09.2025 00:00;00:00;3129,21
26.09.2025 01:00;01:00;3400
26.09.2025 02:00;02:00;3400
26.09.2025 03:00;03:00;3400
26.09.2025 04:00;04:00;3375
26.09.2025 05:00;05:00;3248
26.09.2025 06:00;06:00;3174,18
26.09.2025 07:00;07:00;3375
26.09.2025 08:00;08:00;3248
26.09.2025 09:00;09:00;2951,22
26.09.2025 10:00;10:00;1495,4
26.09.2025 11:00;11:00;2000,01
26.09.2025 12:00;12:00;0
26.09.2025 13:00;13:00;0
26.09.2025 14:00;14:00;1400
26.09.2025 15:00;15:00;1794,46
26.09.2025 16:00;16:00;3375
26.09.2025 17:00;17:00;3400
26.09.2025 18:00;18:00;3400
26.09.2025 19:00;19:00;3400
26.09.2025 20:00;20:00;3000
26.09.2025 21:00;21:00;2128
26.09.2025 22:00;22:00;2150
26.09.2025 23:00;23:00;3248
27.09.2025 00:00;00:00;3198,24
27.09.2025 01:00;01:00;2910,1
27.09.2025 02:00;02:00;2415,01
27.09.2025 03:00;03:00;3300
27.09.2025 04:00;04:00;3350
27.09.2025 05:00;05:00;3350
27.09.2025 06:00;06:00;3350
27.09.2025 07:00;07:00;650
27.09.2025 08:00;08:00;650
27.09.2025 09:00;09:00;1717,01
27.09.2025 10:00;10:00;2000
27.09.2025 11:00;11:00;1990
27.09.2025 12:00;12:00;0
27.09.2025 13:00;13:00;0
27.09.2025 14:00;14:00;480,73
27.09.2025 15:00;15:00;650
27.09.2025 16:00;16:00;650
27.09.2025 17:00;17:00;3400
27.09.2025 18:00;18:00;3400
27.09.2025 19:00;19:00;3400
27.09.2025 20:00;20:00;3400
27.09.2025 21:00;21:00;3400
27.09.2025 22:00;22:00;3400
27.09.2025 23:00;23:00;3398
28.09.2025 00:00;00:00;2162
28.09.2025 01:00;01:00;3150
28.09.2025 02:00;02:00;2951,22
28.09.2025 03:00;03:00;650
28.09.2025 04:00;04:00;2999,99
28.09.2025 05:00;05:00;3400
28.09.2025 06:00;06:00;3400
28.09.2025 07:00;07:00;1600,62
28.09.2025 08:00;08:00;0
28.09.2025 09:00;09:00;0
28.09.2025 10:00;10:00;0
28.09.2025 11:00;11:00;0
28.09.2025 12:00;12:00;0
28.09.2025 13:00;13:00;0
28.09.2025 14:00;14:00;1290
28.09.2025 15:00;15:00;355
28.09.2025 16:00;16:00;3400
28.09.2025 17:00;17:00;3400
28.09.2025 18:00;18:00;3400
28.09.2025 19:00;19:00;3400
28.09.2025 20:00;20:00;3400
28.09.2025 21:00;21:00;3400
28.09.2025 22:00;22:00;3400
28.09.2025 23:00;23:00;2951,22
29.09.2025 00:00;00:00;3000
29.09.2025 01:00;01:00;2457
29.09.2025 02:00;02:00;2994
29.09.2025 03:00;03:00;2275
29.09.2025 04:00;04:00;650
29.09.2025 05:00;05:00;1000
29.09.2025 06:00;06:00;2161
29.09.2025 07:00;07:00;2161
29.09.2025 08:00;08:00;3350
29.09.2025 09:00;09:00;3394
29.09.2025 10:00;10:00;2397
29.09.2025 11:00;11:00;2397
29.09.2025 12:00;12:00;3100
29.09.2025 13:00;13:00;3400
29.09.2025 14:00;14:00;3400
29.09.2025 15:00;15:00;3400
29.09.2025 16:00;16:00;3400
29.09.2025 17:00;17:00;3400
29.09.2025 18:00;18:00;3400
29.09.2025 19:00;19:00;3400
29.09.2025 20:00;20:00;2051
29.09.2025 21:00;21:00;2135
29.09.2025 22:00;22:00;2136
29.09.2025 23:00;23:00;2051
30.09.2025 00:00;00:00;2397
30.09.2025 01:00;01:00;3294,62
30.09.2025 02:00;02:00;3145
30.09.2025 03:00;03:00;2397
30.09.2025 04:00;04:00;2397
30.09.2025 05:00;05:00;1819
30.09.2025 06:00;06:00;2397
30.09.2025 07:00;07:00;2277
30.09.2025 08:00;08:00;3400
30.09.2025 09:00;09:00;3400
30.09.2025 10:00;10:00;3400
30.09.2025 11:00;11:00;3400
30.09.2025 12:00;12:00;3400
30.09.2025 13:00;13:00;3100
30.09.2025 14:00;14:00;3350
30.09.2025 15:00;15:00;3400
30.09.2025 16:00;16:00;3381,63
30.09.2025 17:00;17:00;3400
30.09.2025 18:00;18:00;3400
30.09.2025 19:00;19:00;3400
30.09.2025 20:00;20:00;2820
30.09.2025 21:00;21:00;3400
30.09.2025 22:00;22:00;2277
30.09.2025 23:00;23:00;3228,22
01.10.2025 00:00;00:00;3305,82
01.10.2025 01:00;01:00;3092,41
01.10.2025 02:00;02:00;2084
01.10.2025 03:00;03:00;650
01.10.2025 04:00;04:00;2642,34
01.10.2025 05:00;05:00;2951,22
01.10.2025 06:00;06:00;3121,91
01.10.2025 07:00;07:00;3121,91
01.10.2025 08:00;08:00;3272,01
01.10.2025 09:00;09:00;3100
01.10.2025 10:00;10:00;649,99
01.10.2025 11:00;11:00;650
01.10.2025 12:00;12:00;400
01.10.2025 13:00;13:00;650
01.10.2025 14:00;14:00;649,99
01.10.2025 15:00;15:00;650
01.10.2025 16:00;16:00;3174,92
01.10.2025 17:00;17:00;3400
01.10.2025 18:00;18:00;3400
01.10.2025 19:00;19:00;3400
01.10.2025 20:00;20:00;3400
01.10.2025 21:00;21:00;2937,34
01.10.2025 22:00;22:00;3121,91
01.10.2025 23:00;23:00;3354
02.10.2025 00:00;00:00;3329,99
02.10.2025 01:00;01:00;3354
02.10.2025 02:00;02:00;3200
02.10.2025 03:00;03:00;3150
02.10.2025 04:00;04:00;3200
02.10.2025 05:00;05:00;3016,6
02.10.2025 06:00;06:00;3148,01
02.10.2025 07:00;07:00;3354
02.10.2025 08:00;08:00;3354
02.10.2025 09:00;09:00;650
02.10.2025 10:00;10:00;650
02.10.2025 11:00;11:00;650
02.10.2025 12:00;12:00;80
02.10.2025 13:00;13:00;1057
02.10.2025 14:00;14:00;1000
02.10.2025 15:00;15:00;3200
02.10.2025 16:00;16:00;3400
02.10.2025 17:00;17:00;3400
02.10.2025 18:00;18:00;3400
02.10.2025 19:00;19:00;3400
02.10.2025 20:00;20:00;3400
02.10.2025 21:00;21:00;3400
02.10.2025 22:00;22:00;3400
02.10.2025 23:00;23:00;2460,1
03.10.2025 00:00;00:00;2101
03.10.2025 01:00;01:00;2101
03.10.2025 02:00;02:00;2322,99
03.10.2025 03:00;03:00;2101
03.10.2025 04:00;04:00;1000
03.10.2025 05:00;05:00;2001
03.10.2025 06:00;06:00;3129,92
03.10.2025 07:00;07:00;3392
03.10.2025 08:00;08:00;3400
03.10.2025 09:00;09:00;3400
03.10.2025 10:00;10:00;2809,32
03.10.2025 11:00;11:00;3400
03.10.2025 12:00;12:00;1698,4
03.10.2025 13:00;13:00;3300
03.10.2025 14:00;14:00;3400
03.10.2025 15:00;15:00;3400
03.10.2025 16:00;16:00;3400
03.10.2025 17:00;17:00;3400
03.10.2025 18:00;18:00;3400
03.10.2025 19:00;19:00;3400
03.10.2025 20:00;20:00;3400
03.10.2025 21:00;21:00;3400
03.10.2025 22:00;22:00;3300
03.10.2025 23:00;23:00;2397
04.10.2025 00:00;00:00;1965
04.10.2025 01:00;01:00;2476
04.10.2025 02:00;02:00;2838
04.10.2025 03:00;03:00;2875,99
04.10.2025 04:00;04:00;2783,99
04.10.2025 05:00;05:00;2397
04.10.2025 06:00;06:00;2397
04.10.2025 07:00;07:00;999
04.10.2025 08:00;08:00;600
04.10.2025 09:00;09:00;599,98
04.10.2025 10:00;10:00;500
04.10.2025 11:00;11:00;750
04.10.2025 12:00;12:00;136,73
04.10.2025 13:00;13:00;1340
04.10.2025 14:00;14:00;2000
04.10.2025 15:00;15:00;2000
04.10.2025 16:00;16:00;3300
04.10.2025 17:00;17:00;3400
04.10.2025 18:00;18:00;3400
04.10.2025 19:00;19:00;3400
04.10.2025 20:00;20:00;3400
04.10.2025 21:00;21:00;3400
04.10.2025 22:00;22:00;3202,24
04.10.2025 23:00;23:00;2277
05.10.2025 00:00;00:00;2245
05.10.2025 01:00;01:00;2937,34
05.10.2025 02:00;02:00;2101
05.10.2025 03:00;03:00;2699
05.10.2025 04:00;04:00;2101
05.10.2025 05:00;05:00;2101
05.10.2025 06:00;06:00;2101
05.10.2025 07:00;07:00;890
05.10.2025 08:00;08:00;0
05.10.2025 09:00;09:00;0
05.10.2025 10:00;10:00;0
05.10.2025 11:00;11:00;0
05.10.2025 12:00;12:00;0
05.10.2025 13:00;13:00;0
05.10.2025 14:00;14:00;0
05.10.2025 15:00;15:00;0
05.10.2025 16:00;16:00;5
05.10.2025 17:00;17:00;3250
05.10.2025 18:00;18:00;3400
05.10.2025 19:00;19:00;3400
05.10.2025 20:00;20:00;3400
05.10.2025 21:00;21:00;3400
05.10.2025 22:00;22:00;2397
05.10.2025 23:00;23:00;1800
06.10.2025 00:00;00:00;2397
06.10.2025 01:00;01:00;2397
06.10.2025 02:00;02:00;1401
06.10.2025 03:00;03:00;2124,99
06.10.2025 04:00;04:00;3090
06.10.2025 05:00;05:00;3300
06.10.2025 06:00;06:00;3300
06.10.2025 07:00;07:00;3400
06.10.2025 08:00;08:00;3400
06.10.2025 09:00;09:00;2995,99
06.10.2025 10:00;10:00;650
06.10.2025 11:00;11:00;710
06.10.2025 12:00;12:00;499,99
06.10.2025 13:00;13:00;1442,7
06.10.2025 14:00;14:00;2850
06.10.2025 15:00;15:00;2850
06.10.2025 16:00;16:00;3400
06.10.2025 17:00;17:00;3400
06.10.2025 18:00;18:00;3400
06.10.2025 19:00;19:00;3400
06.10.2025 20:00;20:00;3400
06.10.2025 21:00;21:00;3400
06.10.2025 22:00;22:00;3354
06.10.2025 23:00;23:00;2001
07.10.2025 00:00;00:00;2948
07.10.2025 01:00;01:00;2951,22
07.10.2025 02:00;02:00;3244
07.10.2025 03:00;03:00;3400
07.10.2025 04:00;04:00;3400
07.10.2025 05:00;05:00;3400
07.10.2025 06:00;06:00;3400
07.10.2025 07:00;07:00;3400
07.10.2025 08:00;08:00;3400
07.10.2025 09:00;09:00;3400
07.10.2025 10:00;10:00;3400
07.10.2025 11:00;11:00;3400
07.10.2025 12:00;12:00;3400
07.10.2025 13:00;13:00;3365
07.10.2025 14:00;14:00;3394
07.10.2025 15:00;15:00;3157
07.10.2025 16:00;16:00;3400
07.10.2025 17:00;17:00;3400
07.10.2025 18:00;18:00;3400
07.10.2025 19:00;19:00;3400
07.10.2025 20:00;20:00;3400
07.10.2025 21:00;21:00;3400
07.10.2025 22:00;22:00;2397
07.10.2025 23:00;23:00;3244
08.10.2025 00:00;00:00;2995,01
08.10.2025 01:00;01:00;2950
08.10.2025 02:00;02:00;2900
08.10.2025 03:00;03:00;2600,01
08.10.2025 04:00;04:00;2351,01
08.10.2025 05:00;05:00;2900
08.10.2025 06:00;06:00;3121,91
08.10.2025 07:00;07:00;3370,71
08.10.2025 08:00;08:00;3400
08.10.2025 09:00;09:00;3400
08.10.2025 10:00;10:00;2397
08.10.2025 11:00;11:00;3116,39
08.10.2025 12:00;12:00;2951,22
08.10.2025 13:00;13:00;2997
08.10.2025 14:00;14:00;3129,22
08.10.2025 15:00;15:00;3000
08.10.2025 16:00;16:00;3398
08.10.2025 17:00;17:00;3400
08.10.2025 18:00;18:00;3400
08.10.2025 19:00;19:00;3400
08.10.2025 20:00;20:00;3400
08.10.2025 21:00;21:00;3400
08.10.2025 22:00;22:00;2397
08.10.2025 23:00;23:00;2328
09.10.2025 00:00;00:00;2211
09.10.2025 01:00;01:00;2700,01
09.10.2025 02:00;02:00;2710,1
09.10.2025 03:00;03:00;2410,1
09.10.2025 04:00;04:00;2794
09.10.2025 05:00;05:00;2604,99
09.10.2025 06:00;06:00;2397
09.10.2025 07:00;07:00;3212,6
09.10.2025 08:00;08:00;3400
09.10.2025 09:00;09:00;3400
09.10.2025 10:00;10:00;3400
09.10.2025 11:00;11:00;3400
09.10.2025 12:00;12:00;3400
09.10.2025 13:00;13:00;2997
09.10.2025 14:00;14:00;3120
09.10.2025 15:00;15:00;3400
09.10.2025 16:00;16:00;3400
09.10.2025 17:00;17:00;3400
09.10.2025 18:00;18:00;3400
09.10.2025 19:00;19:00;3400
09.10.2025 20:00;20:00;3400
09.10.2025 21:00;21:00;3400
09.10.2025 22:00;22:00;3400
09.10.2025 23:00;23:00;3300
10.10.2025 00:00;00:00;3219,47
10.10.2025 01:00;01:00;3000
10.10.2025 02:00;02:00;2900
10.10.2025 03:00;03:00;2900
10.10.2025 04:00;04:00;2900
10.10.2025 05:00;05:00;2900
10.10.2025 06:00;06:00;3400
10.10.2025 07:00;07:00;3400
10.10.2025 08:00;08:00;3400
10.10.2025 09:00;09:00;3219,99
10.10.2025 10:00;10:00;2136
10.10.2025 11:00;11:00;2136
10.10.2025 12:00;12:00;500
10.10.2025 13:00;13:00;650
10.10.2025 14:00;14:00;3121,91
10.10.2025 15:00;15:00;2136
10.10.2025 16:00;16:00;3300,01
10.10.2025 17:00;17:00;3400
10.10.2025 18:00;18:00;3400
10.10.2025 19:00;19:00;3400
10.10.2025 20:00;20:00;3400
10.10.2025 21:00;21:00;3400
10.10.2025 22:00;22:00;3400
10.10.2025 23:00;23:00;3398
11.10.2025 00:00;00:00;3350,26
11.10.2025 01:00;01:00;3400
11.10.2025 02:00;02:00;3400
11.10.2025 03:00;03:00;3090
11.10.2025 04:00;04:00;2399
11.10.2025 05:00;05:00;2399
11.10.2025 06:00;06:00;3380,01
11.10.2025 07:00;07:00;2399
11.10.2025 08:00;08:00;2151
11.10.2025 09:00;09:00;600
11.10.2025 10:00;10:00;499,99
11.10.2025 11:00;11:00;1423,99
11.10.2025 12:00;12:00;500
11.10.2025 13:00;13:00;1660,98
11.10.2025 14:00;14:00;2000,02
11.10.2025 15:00;15:00;2875
11.10.2025 16:00;16:00;3400
11.10.2025 17:00;17:00;3400
11.10.2025 18:00;18:00;3400
11.10.2025 19:00;19:00;3400
11.10.2025 20:00;20:00;3400
11.10.2025 21:00;21:00;3400
11.10.2025 22:00;22:00;3400
11.10.2025 23:00;23:00;3400
12.10.2025 00:00;00:00;3400
12.10.2025 01:00;01:00;3400
12.10.2025 02:00;02:00;3400
12.10.2025 03:00;03:00;3400
12.10.2025 04:00;04:00;3400
12.10.2025 05:00;05:00;3400
12.10.2025 06:00;06:00;3400
12.10.2025 07:00;07:00;2000
12.10.2025 08:00;08:00;499,99
12.10.2025 09:00;09:00;650
12.10.2025 10:00;10:00;1
12.10.2025 11:00;11:00;1
12.10.2025 12:00;12:00;1340
12.10.2025 13:00;13:00;2000
12.10.2025 14:00;14:00;2000,03
12.10.2025 15:00;15:00;3400
12.10.2025 16:00;16:00;3400
12.10.2025 17:00;17:00;3400
12.10.2025 18:00;18:00;3400
12.10.2025 19:00;19:00;3400
12.10.2025 20:00;20:00;3400
12.10.2025 21:00;21:00;2136
12.10.2025 22:00;22:00;520
12.10.2025 23:00;23:00;520
13.10.2025 00:00;00:00;520
13.10.2025 01:00;01:00;520
13.10.2025 02:00;02:00;499,98
13.10.2025 03:00;03:00;520
13.10.2025 04:00;04:00;650
13.10.2025 05:00;05:00;1000
13.10.2025 06:00;06:00;3300
13.10.2025 07:00;07:00;3400
13.10.2025 08:00;08:00;3400
13.10.2025 09:00;09:00;2399
13.10.2025 10:00;10:00;1000
13.10.2025 11:00;11:00;520
13.10.2025 12:00;12:00;400
13.10.2025 13:00;13:00;499,99
13.10.2025 14:00;14:00;600
13.10.2025 15:00;15:00;400
13.10.2025 16:00;16:00;2399
13.10.2025 17:00;17:00;3400
13.10.2025 18:00;18:00;3400
13.10.2025 19:00;19:00;3400
13.10.2025 20:00;20:00;3400
13.10.2025 21:00;21:00;3400
13.10.2025 22:00;22:00;3400
13.10.2025 23:00;23:00;2821
14.10.2025 00:00;00:00;3209,22
14.10.2025 01:00;01:00;3300
14.10.2025 02:00;02:00;3294,62
14.10.2025 03:00;03:00;3000
14.10.2025 04:00;04:00;2950
14.10.2025 05:00;05:00;2951,22
14.10.2025 06:00;06:00;3300
14.10.2025 07:00;07:00;3400
14.10.2025 08:00;08:00;3329,22
14.10.2025 09:00;09:00;3294,62
14.10.2025 10:00;10:00;3294,62
14.10.2025 11:00;11:00;520
14.10.2025 12:00;12:00;400
14.10.2025 13:00;13:00;500
14.10.2025 14:00;14:00;500
14.10.2025 15:00;15:00;520
14.10.2025 16:00;16:00;2397
14.10.2025 17:00;17:00;3400
14.10.2025 18:00;18:00;3400
14.10.2025 19:00;19:00;3400
14.10.2025 20:00;20:00;3400
14.10.2025 21:00;21:00;3400
14.10.2025 22:00;22:00;3400
14.10.2025 23:00;23:00;3400
15.10.2025 00:00;00:00;3210,92
15.10.2025 01:00;01:00;3162,53
15.10.2025 02:00;02:00;2970,5
15.10.2025 03:00;03:00;3121,91
15.10.2025 04:00;04:00;3121,91
15.10.2025 05:00;05:00;3121,91
15.10.2025 06:00;06:00;3294,62
15.10.2025 07:00;07:00;3400
15.10.2025 08:00;08:00;3200
15.10.2025 09:00;09:00;3071,01
15.10.2025 10:00;10:00;2355
15.10.2025 11:00;11:00;2700
15.10.2025 12:00;12:00;399,99
15.10.2025 13:00;13:00;520
15.10.2025 14:00;14:00;2875,99
15.10.2025 15:00;15:00;2820
15.10.2025 16:00;16:00;2397
15.10.2025 17:00;17:00;3400
15.10.2025 18:00;18:00;3400
15.10.2025 19:00;19:00;3399,46
15.10.2025 20:00;20:00;3399,46
15.10.2025 21:00;21:00;2500
15.10.2025 22:00;22:00;2397
15.10.2025 23:00;23:00;2994
16.10.2025 00:00;00:00;3052,27
16.10.2025 01:00;01:00;2876
16.10.2025 02:00;02:00;2876
16.10.2025 03:00;03:00;2136
16.10.2025 04:00;04:00;2355,01
16.10.2025 05:00;05:00;2136
16.10.2025 06:00;06:00;2163
16.10.2025 07:00;07:00;3124,08
16.10.2025 08:00;08:00;3248,69
16.10.2025 09:00;09:00;1601
16.10.2025 10:00;10:00;1000
16.10.2025 11:00;11:00;650
16.10.2025 12:00;12:00;399,98
16.10.2025 13:00;13:00;400
16.10.2025 14:00;14:00;650
16.10.2025 15:00;15:00;1000
16.10.2025 16:00;16:00;2800,99
16.10.2025 17:00;17:00;3400
16.10.2025 18:00;18:00;3400
16.10.2025 19:00;19:00;3400
16.10.2025 20:00;20:00;3400
16.10.2025 21:00;21:00;3400
16.10.2025 22:00;22:00;3250
16.10.2025 23:00;23:00;3388
17.10.2025 00:00;00:00;3121,91
17.10.2025 01:00;01:00;3100
17.10.2025 02:00;02:00;2827,99
17.10.2025 03:00;03:00;2250,01
17.10.2025 04:00;04:00;2397
17.10.2025 05:00;05:00;2814,26
17.10.2025 06:00;06:00;3206,23
17.10.2025 07:00;07:00;3400
17.10.2025 08:00;08:00;3400
17.10.2025 09:00;09:00;3122,01
17.10.2025 10:00;10:00;2490
17.10.2025 11:00;11:00;2850
17.10.2025 12:00;12:00;500
17.10.2025 13:00;13:00;520
17.10.2025 14:00;14:00;3400
17.10.2025 15:00;15:00;2900,01
17.10.2025 16:00;16:00;3400
17.10.2025 17:00;17:00;3400
17.10.2025 18:00;18:00;3400
17.10.2025 19:00;19:00;3400
17.10.2025 20:00;20:00;3400
17.10.2025 21:00;21:00;3400
17.10.2025 22:00;22:00;3400
17.10.2025 23:00;23:00;3152
18.10.2025 00:00;00:00;3023,11
18.10.2025 01:00;01:00;3209,22
18.10.2025 02:00;02:00;3219,47
18.10.2025 03:00;03:00;3380,01
18.10.2025 04:00;04:00;3320,01
18.10.2025 05:00;05:00;3399,98
18.10.2025 06:00;06:00;3400
18.10.2025 07:00;07:00;3400
18.10.2025 08:00;08:00;3121,91
18.10.2025 09:00;09:00;3400
18.10.2025 10:00;10:00;3400
18.10.2025 11:00;11:00;3400
18.10.2025 12:00;12:00;610,11
18.10.2025 13:00;13:00;2000,01
18.10.2025 14:00;14:00;3121,91
18.10.2025 15:00;15:00;3400
18.10.2025 16:00;16:00;3400
18.10.2025 17:00;17:00;3400
18.10.2025 18:00;18:00;3400
18.10.2025 19:00;19:00;3400
18.10.2025 20:00;20:00;3400
18.10.2025 21:00;21:00;3400
18.10.2025 22:00;22:00;3400
18.10.2025 23:00;23:00;2397
19.10.2025 00:00;00:00;2397
19.10.2025 01:00;01:00;2397
19.10.2025 02:00;02:00;2397
19.10.2025 03:00;03:00;2397
19.10.2025 04:00;04:00;3144,01
19.10.2025 05:00;05:00;3104
19.10.2025 06:00;06:00;3194,01
19.10.2025 07:00;07:00;2397
19.10.2025 08:00;08:00;650
19.10.2025 09:00;09:00;399,99
19.10.2025 10:00;10:00;0
19.10.2025 11:00;11:00;0
19.10.2025 12:00;12:00;0
19.10.2025 13:00;13:00;1340
19.10.2025 14:00;14:00;1499,99
19.10.2025 15:00;15:00;3400
19.10.2025 16:00;16:00;3400
19.10.2025 17:00;17:00;3400
19.10.2025 18:00;18:00;3400
19.10.2025 19:00;19:00;3400
19.10.2025 20:00;20:00;3400
19.10.2025 21:00;21:00;3400
19.10.2025 22:00;22:00;3400
19.10.2025 23:00;23:00;3400
20.10.2025 00:00;00:00;3394
20.10.2025 01:00;01:00;3400
20.10.2025 02:00;02:00;3294,62
20.10.2025 03:00;03:00;2250,01
20.10.2025 04:00;04:00;3047
20.10.2025 05:00;05:00;3100
20.10.2025 06:00;06:00;3400
20.10.2025 07:00;07:00;3400
20.10.2025 08:00;08:00;3400
20.10.2025 09:00;09:00;3400
20.10.2025 10:00;10:00;3400
20.10.2025 11:00;11:00;3400
20.10.2025 12:00;12:00;3100
20.10.2025 13:00;13:00;3400
20.10.2025 14:00;14:00;2151
20.10.2025 15:00;15:00;2397,45
20.10.2025 16:00;16:00;3400
20.10.2025 17:00;17:00;3400
20.10.2025 18:00;18:00;3400
20.10.2025 19:00;19:00;3400
20.10.2025 20:00;20:00;3400
20.10.2025 21:00;21:00;3400
20.10.2025 22:00;22:00;3400
20.10.2025 23:00;23:00;3400
21.10.2025 00:00;00:00;2399
21.10.2025 01:00;01:00;3121,91
21.10.2025 02:00;02:00;3300
21.10.2025 03:00;03:00;3149
21.10.2025 04:00;04:00;3057
21.10.2025 05:00;05:00;3121,91
21.10.2025 06:00;06:00;3400
21.10.2025 07:00;07:00;3400
21.10.2025 08:00;08:00;3400
21.10.2025 09:00;09:00;3400
21.10.2025 10:00;10:00;3400
21.10.2025 11:00;11:00;2151
21.10.2025 12:00;12:00;400
21.10.2025 13:00;13:00;520
21.10.2025 14:00;14:00;2151
21.10.2025 15:00;15:00;3400
21.10.2025 16:00;16:00;3400
21.10.2025 17:00;17:00;3400
21.10.2025 18:00;18:00;3400
21.10.2025 19:00;19:00;3400
21.10.2025 20:00;20:00;3400
21.10.2025 21:00;21:00;3400
21.10.2025 22:00;22:00;3400
21.10.2025 23:00;23:00;3400
22.10.2025 00:00;00:00;2399
22.10.2025 01:00;01:00;2399
22.10.2025 02:00;02:00;2399
22.10.2025 03:00;03:00;2151
22.10.2025 04:00;04:00;3057
22.10.2025 05:00;05:00;3100
22.10.2025 06:00;06:00;3121,91
22.10.2025 07:00;07:00;3400
22.10.2025 08:00;08:00;3400
22.10.2025 09:00;09:00;3400
22.10.2025 10:00;10:00;2151
22.10.2025 11:00;11:00;1998
22.10.2025 12:00;12:00;400
22.10.2025 13:00;13:00;3057
22.10.2025 14:00;14:00;3294,62
22.10.2025 15:00;15:00;3294,62
22.10.2025 16:00;16:00;3400
22.10.2025 17:00;17:00;3400
22.10.2025 18:00;18:00;3400
22.10.2025 19:00;19:00;3400
22.10.2025 20:00;20:00;3400
22.10.2025 21:00;21:00;3400
22.10.2025 22:00;22:00;3294,62
22.10.2025 23:00;23:00;3127,91
23.10.2025 00:00;00:00;3180,91
23.10.2025 01:00;01:00;3246
23.10.2025 02:00;02:00;2900
23.10.2025 03:00;03:00;3000
23.10.2025 04:00;04:00;2900
23.10.2025 05:00;05:00;3047
23.10.2025 06:00;06:00;3250
23.10.2025 07:00;07:00;3400
23.10.2025 08:00;08:00;3400
23.10.2025 09:00;09:00;3390
23.10.2025 10:00;10:00;3047
23.10.2025 11:00;11:00;3395
23.10.2025 12:00;12:00;1750
23.10.2025 13:00;13:00;3294,62
23.10.2025 14:00;14:00;3400
23.10.2025 15:00;15:00;3400
23.10.2025 16:00;16:00;3400
23.10.2025 17:00;17:00;3400
23.10.2025 18:00;18:00;3400
23.10.2025 19:00;19:00;3400
23.10.2025 20:00;20:00;3400
23.10.2025 21:00;21:00;2400
23.10.2025 22:00;22:00;2367
23.10.2025 23:00;23:00;3121,91
24.10.2025 00:00;00:00;2001
24.10.2025 01:00;01:00;3077
24.10.2025 02:00;02:00;3000
24.10.2025 03:00;03:00;2951,22
24.10.2025 04:00;04:00;3250
24.10.2025 05:00;05:00;3294,62
24.10.2025 06:00;06:00;3400
24.10.2025 07:00;07:00;3400
24.10.2025 08:00;08:00;3400
24.10.2025 09:00;09:00;3400
24.10.2025 10:00;10:00;650
24.10.2025 11:00;11:00;1200,01
24.10.2025 12:00;12:00;0
24.10.2025 13:00;13:00;0
24.10.2025 14:00;14:00;2000
24.10.2025 15:00;15:00;3294,62
24.10.2025 16:00;16:00;3400
24.10.2025 17:00;17:00;3400
24.10.2025 18:00;18:00;3400
24.10.2025 19:00;19:00;3400
24.10.2025 20:00;20:00;3400
24.10.2025 21:00;21:00;3400
24.10.2025 22:00;22:00;3400
24.10.2025 23:00;23:00;3400
25.10.2025 00:00;00:00;3400
25.10.2025 01:00;01:00;3400
25.10.2025 02:00;02:00;2001
25.10.2025 03:00;03:00;600
25.10.2025 04:00;04:00;1800
25.10.2025 05:00;05:00;1686
25.10.2025 06:00;06:00;3400
25.10.2025 07:00;07:00;3400
25.10.2025 08:00;08:00;3400
25.10.2025 09:00;09:00;3400
25.10.2025 10:00;10:00;3400
25.10.2025 11:00;11:00;3400
25.10.2025 12:00;12:00;3400
25.10.2025 13:00;13:00;3400
25.10.2025 14:00;14:00;3400
25.10.2025 15:00;15:00;3400
25.10.2025 16:00;16:00;3400
25.10.2025 17:00;17:00;3400
25.10.2025 18:00;18:00;3400
25.10.2025 19:00;19:00;3400
25.10.2025 20:00;20:00;3400
25.10.2025 21:00;21:00;3400
25.10.2025 22:00;22:00;3400
25.10.2025 23:00;23:00;3400
26.10.2025 00:00;00:00;2315
26.10.2025 01:00;01:00;2021
26.10.2025 02:00;02:00;2315
26.10.2025 03:00;03:00;3365,34
26.10.2025 04:00;04:00;3400
26.10.2025 05:00;05:00;3348
26.10.2025 06:00;06:00;3400
26.10.2025 07:00;07:00;3121,91
26.10.2025 08:00;08:00;1381,97
26.10.2025 09:00;09:00;850
26.10.2025 10:00;10:00;0
26.10.2025 11:00;11:00;0
26.10.2025 12:00;12:00;0
26.10.2025 13:00;13:00;0
26.10.2025 14:00;14:00;0
26.10.2025 15:00;15:00;395,1
26.10.2025 16:00;16:00;3233,07
26.10.2025 17:00;17:00;3400
26.10.2025 18:00;18:00;3400
26.10.2025 19:00;19:00;3400
26.10.2025 20:00;20:00;3400
26.10.2025 21:00;21:00;3175
26.10.2025 22:00;22:00;520
26.10.2025 23:00;23:00;400
27.10.2025 00:00;00:00;400
27.10.2025 01:00;01:00;399,99
27.10.2025 02:00;02:00;399,97
27.10.2025 03:00;03:00;399,99
27.10.2025 04:00;04:00;400
27.10.2025 05:00;05:00;399,99
27.10.2025 06:00;06:00;400
27.10.2025 07:00;07:00;400
27.10.2025 08:00;08:00;520
27.10.2025 09:00;09:00;100
27.10.2025 10:00;10:00;0
27.10.2025 11:00;11:00;0
27.10.2025 12:00;12:00;0
27.10.2025 13:00;13:00;0
27.10.2025 14:00;14:00;625
27.10.2025 15:00;15:00;650
27.10.2025 16:00;16:00;3400
27.10.2025 17:00;17:00;3400
27.10.2025 18:00;18:00;3400
27.10.2025 19:00;19:00;3400
27.10.2025 20:00;20:00;3400
27.10.2025 21:00;21:00;3400
27.10.2025 22:00;22:00;3400
27.10.2025 23:00;23:00;551
28.10.2025 00:00;00:00;1316
28.10.2025 01:00;01:00;2605
28.10.2025 02:00;02:00;2339,99
28.10.2025 03:00;03:00;2951,22
28.10.2025 04:00;04:00;3100
28.10.2025 05:00;05:00;3121,91
28.10.2025 06:00;06:00;3274
28.10.2025 07:00;07:00;3121,91
28.10.2025 08:00;08:00;3400
28.10.2025 09:00;09:00;2490
28.10.2025 10:00;10:00;650
28.10.2025 11:00;11:00;2951,22
28.10.2025 12:00;12:00;500
28.10.2025 13:00;13:00;1000
28.10.2025 14:00;14:00;3400
28.10.2025 15:00;15:00;3400
28.10.2025 16:00;16:00;3400
28.10.2025 17:00;17:00;3400
28.10.2025 18:00;18:00;3400
28.10.2025 19:00;19:00;3000
28.10.2025 20:00;20:00;1790
28.10.2025 21:00;21:00;1790
28.10.2025 22:00;22:00;2302
28.10.2025 23:00;23:00;2352,33
29.10.2025 00:00;00:00;1432
29.10.2025 01:00;01:00;1387
29.10.2025 02:00;02:00;2645,99
29.10.2025 03:00;03:00;2500
29.10.2025 04:00;04:00;2773,73
29.10.2025 05:00;05:00;2857,44
29.10.2025 06:00;06:00;3400
29.10.2025 07:00;07:00;3228,96
29.10.2025 08:00;08:00;650
29.10.2025 09:00;09:00;400
29.10.2025 10:00;10:00;0
29.10.2025 11:00;11:00;0
29.10.2025 12:00;12:00;0
29.10.2025 13:00;13:00;0
29.10.2025 14:00;14:00;0
29.10.2025 15:00;15:00;399,98
29.10.2025 16:00;16:00;650
29.10.2025 17:00;17:00;3400
29.10.2025 18:00;18:00;3400
29.10.2025 19:00;19:00;3400
29.10.2025 20:00;20:00;3400
29.10.2025 21:00;21:00;3400
29.10.2025 22:00;22:00;2950,01
29.10.2025 23:00;23:00;2281
30.10.2025 00:00;00:00;3250
30.10.2025 01:00;01:00;3175,3
30.10.2025 02:00;02:00;2950,01
30.10.2025 03:00;03:00;2399
30.10.2025 04:00;04:00;1701
30.10.2025 05:00;05:00;1701
30.10.2025 06:00;06:00;3400
30.10.2025 07:00;07:00;3400
30.10.2025 08:00;08:00;3400
30.10.2025 09:00;09:00;3400
30.10.2025 10:00;10:00;3400
30.10.2025 11:00;11:00;3400
30.10.2025 12:00;12:00;400
30.10.2025 13:00;13:00;520
30.10.2025 14:00;14:00;3390
30.10.2025 15:00;15:00;1957
30.10.2025 16:00;16:00;3400
30.10.2025 17:00;17:00;3400
30.10.2025 18:00;18:00;3400
30.10.2025 19:00;19:00;3400
30.10.2025 20:00;20:00;3400
30.10.2025 21:00;21:00;3400
30.10.2025 22:00;22:00;3400
30.10.2025 23:00;23:00;3400
31.10.2025 00:00;00:00;2399
31.10.2025 01:00;01:00;2399
31.10.2025 02:00;02:00;2281
31.10.2025 03:00;03:00;2399
31.10.2025 04:00;04:00;2399
31.10.2025 05:00;05:00;2399
31.10.2025 06:00;06:00;3400
31.10.2025 07:00;07:00;3400
31.10.2025 08:00;08:00;3400
31.10.2025 09:00;09:00;3100
31.10.2025 10:00;10:00;899,99
31.10.2025 11:00;11:00;600
31.10.2025 12:00;12:00;399,99
31.10.2025 13:00;13:00;520
31.10.2025 14:00;14:00;3166,37
31.10.2025 15:00;15:00;1667
31.10.2025 16:00;16:00;3400
31.10.2025 17:00;17:00;3400
31.10.2025 18:00;18:00;3400
31.10.2025 19:00;19:00;3400
31.10.2025 20:00;20:00;3400
31.10.2025 21:00;21:00;3400
31.10.2025 22:00;22:00;3400
31.10.2025 23:00;23:00;3400
01.11.2025 00:00;00:00;3400
01.11.2025 01:00;01:00;3400
01.11.2025 02:00;02:00;3400
01.11.2025 03:00;03:00;3400
01.11.2025 04:00;04:00;3400
01.11.2025 05:00;05:00;3400
01.11.2025 06:00;06:00;3400
01.11.2025 07:00;07:00;3400
01.11.2025 08:00;08:00;3400
01.11.2025 09:00;09:00;3121,91
01.11.2025 10:00;10:00;2615,99
01.11.2025 11:00;11:00;650
01.11.2025 12:00;12:00;400
01.11.2025 13:00;13:00;520
01.11.2025 14:00;14:00;650
01.11.2025 15:00;15:00;3207,05
01.11.2025 16:00;16:00;3400
01.11.2025 17:00;17:00;3400
01.11.2025 18:00;18:00;3400
01.11.2025 19:00;19:00;3400
01.11.2025 20:00;20:00;3400
01.11.2025 21:00;21:00;3400
01.11.2025 22:00;22:00;3400
01.11.2025 23:00;23:00;3400
02.11.2025 00:00;00:00;2178
02.11.2025 01:00;01:00;2139
02.11.2025 02:00;02:00;2136
02.11.2025 03:00;03:00;2066
02.11.2025 04:00;04:00;2329,11
02.11.2025 05:00;05:00;2329,11
02.11.2025 06:00;06:00;3379,22
02.11.2025 07:00;07:00;3400
02.11.2025 08:00;08:00;650
02.11.2025 09:00;09:00;399,99
02.11.2025 10:00;10:00;0
02.11.2025 11:00;11:00;0
02.11.2025 12:00;12:00;0
02.11.2025 13:00;13:00;1355,01
02.11.2025 14:00;14:00;650
02.11.2025 15:00;15:00;650
02.11.2025 16:00;16:00;3384
02.11.2025 17:00;17:00;3400
02.11.2025 18:00;18:00;3400
02.11.2025 19:00;19:00;3400
02.11.2025 20:00;20:00;3400
02.11.2025 21:00;21:00;3400
02.11.2025 22:00;22:00;3100
02.11.2025 23:00;23:00;2322
03.11.2025 00:00;00:00;2399
03.11.2025 01:00;01:00;2399
03.11.2025 02:00;02:00;1936
03.11.2025 03:00;03:00;2057
03.11.2025 04:00;04:00;2151,12
03.11.2025 05:00;05:00;2369
03.11.2025 06:00;06:00;3400
03.11.2025 07:00;07:00;3400
03.11.2025 08:00;08:00;3400
03.11.2025 09:00;09:00;3400
03.11.2025 10:00;10:00;2550
03.11.2025 11:00;11:00;2136
03.11.2025 12:00;12:00;400
03.11.2025 13:00;13:00;2136
03.11.2025 14:00;14:00;2399
03.11.2025 15:00;15:00;3400
03.11.2025 16:00;16:00;3400
03.11.2025 17:00;17:00;3400
03.11.2025 18:00;18:00;3400
03.11.2025 19:00;19:00;3400
03.11.2025 20:00;20:00;3400
03.11.2025 21:00;21:00;3400
03.11.2025 22:00;22:00;3400
03.11.2025 23:00;23:00;3130,01
04.11.2025 00:00;00:00;3330
04.11.2025 01:00;01:00;2452
04.11.2025 02:00;02:00;3395
04.11.2025 03:00;03:00;3400
04.11.2025 04:00;04:00;3294,62
04.11.2025 05:00;05:00;3400
04.11.2025 06:00;06:00;3400
04.11.2025 07:00;07:00;3400
04.11.2025 08:00;08:00;3400
04.11.2025 09:00;09:00;3400
04.11.2025 10:00;10:00;3400
04.11.2025 11:00;11:00;3400
04.11.2025 12:00;12:00;2997
04.11.2025 13:00;13:00;3400
04.11.2025 14:00;14:00;3400
04.11.2025 15:00;15:00;3400
04.11.2025 16:00;16:00;3400
04.11.2025 17:00;17:00;3400
04.11.2025 18:00;18:00;3400
04.11.2025 19:00;19:00;3400
04.11.2025 20:00;20:00;3400
04.11.2025 21:00;21:00;3400
04.11.2025 22:00;22:00;3400
04.11.2025 23:00;23:00;3400
05.11.2025 00:00;00:00;3400
05.11.2025 01:00;01:00;3395
05.11.2025 02:00;02:00;3400
05.11.2025 03:00;03:00;3400
05.11.2025 04:00;04:00;3157
05.11.2025 05:00;05:00;3044
05.11.2025 06:00;06:00;3044
05.11.2025 07:00;07:00;3400
05.11.2025 08:00;08:00;3400
05.11.2025 09:00;09:00;3400
05.11.2025 10:00;10:00;520
05.11.2025 11:00;11:00;2744
05.11.2025 12:00;12:00;400
05.11.2025 13:00;13:00;650
05.11.2025 14:00;14:00;2615,99
05.11.2025 15:00;15:00;3049
05.11.2025 16:00;16:00;3400
05.11.2025 17:00;17:00;3400
05.11.2025 18:00;18:00;3400
05.11.2025 19:00;19:00;3400
05.11.2025 20:00;20:00;3400
05.11.2025 21:00;21:00;3400
05.11.2025 22:00;22:00;3044
05.11.2025 23:00;23:00;3394
06.11.2025 00:00;00:00;1801
06.11.2025 01:00;01:00;3158
06.11.2025 02:00;02:00;1000
06.11.2025 03:00;03:00;650
06.11.2025 04:00;04:00;650
06.11.2025 05:00;05:00;650
06.11.2025 06:00;06:00;1745
06.11.2025 07:00;07:00;3294,62
06.11.2025 08:00;08:00;3400
06.11.2025 09:00;09:00;3400
06.11.2025 10:00;10:00;3400
06.11.2025 11:00;11:00;3400
06.11.2025 12:00;12:00;1899,99
06.11.2025 13:00;13:00;1701
06.11.2025 14:00;14:00;3400
06.11.2025 15:00;15:00;3400
06.11.2025 16:00;16:00;3400
06.11.2025 17:00;17:00;3400
06.11.2025 18:00;18:00;3400
06.11.2025 19:00;19:00;3400
06.11.2025 20:00;20:00;3400
06.11.2025 21:00;21:00;2247
06.11.2025 22:00;22:00;2182
06.11.2025 23:00;23:00;2247
07.11.2025 00:00;00:00;2247
07.11.2025 01:00;01:00;2247
07.11.2025 02:00;02:00;2247
07.11.2025 03:00;03:00;2607,78
07.11.2025 04:00;04:00;2559,78
07.11.2025 05:00;05:00;2994
07.11.2025 06:00;06:00;3400
07.11.2025 07:00;07:00;3400
07.11.2025 08:00;08:00;3400
07.11.2025 09:00;09:00;3400
07.11.2025 10:00;10:00;3400
07.11.2025 11:00;11:00;3400
07.11.2025 12:00;12:00;3037
07.11.2025 13:00;13:00;3294,62
07.11.2025 14:00;14:00;3400
07.11.2025 15:00;15:00;3399
07.11.2025 16:00;16:00;3400
07.11.2025 17:00;17:00;3400
07.11.2025 18:00;18:00;3400
07.11.2025 19:00;19:00;3400
07.11.2025 20:00;20:00;3400
07.11.2025 21:00;21:00;3400
07.11.2025 22:00;22:00;3299,18
07.11.2025 23:00;23:00;2247
08.11.2025 00:00;00:00;2301
08.11.2025 01:00;01:00;2790
08.11.2025 02:00;02:00;3155,09
08.11.2025 03:00;03:00;2257
08.11.2025 04:00;04:00;2257
08.11.2025 05:00;05:00;2257
08.11.2025 06:00;06:00;2257
08.11.2025 07:00;07:00;2301
08.11.2025 08:00;08:00;3400
08.11.2025 09:00;09:00;2979,22
08.11.2025 10:00;10:00;520
08.11.2025 11:00;11:00;520
08.11.2025 12:00;12:00;400
08.11.2025 13:00;13:00;650
08.11.2025 14:00;14:00;2951,22
08.11.2025 15:00;15:00;3075
08.11.2025 16:00;16:00;3400
08.11.2025 17:00;17:00;3400
08.11.2025 18:00;18:00;3400
08.11.2025 19:00;19:00;3400
08.11.2025 20:00;20:00;3400
08.11.2025 21:00;21:00;3400
08.11.2025 22:00;22:00;2257
08.11.2025 23:00;23:00;2257
09.11.2025 00:00;00:00;1000
09.11.2025 01:00;01:00;2257
09.11.2025 02:00;02:00;2257
09.11.2025 03:00;03:00;650
09.11.2025 04:00;04:00;650
09.11.2025 05:00;05:00;650
09.11.2025 06:00;06:00;650
09.11.2025 07:00;07:00;3246
09.11.2025 08:00;08:00;2274,99
09.11.2025 09:00;09:00;0
09.11.2025 10:00;10:00;0
09.11.2025 11:00;11:00;0
09.11.2025 12:00;12:00;0
09.11.2025 13:00;13:00;0
09.11.2025 14:00;14:00;0
09.11.2025 15:00;15:00;650
09.11.2025 16:00;16:00;2152
09.11.2025 17:00;17:00;3400
09.11.2025 18:00;18:00;3400
09.11.2025 19:00;19:00;3400
09.11.2025 20:00;20:00;3400
09.11.2025 21:00;21:00;3400
09.11.2025 22:00;22:00;3400
09.11.2025 23:00;23:00;3100
10.11.2025 00:00;00:00;3044
10.11.2025 01:00;01:00;2895,66
10.11.2025 02:00;02:00;2527,33
10.11.2025 03:00;03:00;2384
10.11.2025 04:00;04:00;2546,33
10.11.2025 05:00;05:00;2617,33
10.11.2025 06:00;06:00;2397
10.11.2025 07:00;07:00;2802
10.11.2025 08:00;08:00;3400
10.11.2025 09:00;09:00;3400
10.11.2025 10:00;10:00;2152
10.11.2025 11:00;11:00;2397
10.11.2025 12:00;12:00;1399,99
10.11.2025 13:00;13:00;2645,99
10.11.2025 14:00;14:00;2970,31
10.11.2025 15:00;15:00;3400
10.11.2025 16:00;16:00;3400
10.11.2025 17:00;17:00;3400
10.11.2025 18:00;18:00;3400
10.11.2025 19:00;19:00;3400
10.11.2025 20:00;20:00;3400
10.11.2025 21:00;21:00;3400
10.11.2025 22:00;22:00;3044
10.11.2025 23:00;23:00;3400
11.11.2025 00:00;00:00;3400
11.11.2025 01:00;01:00;3400
11.11.2025 02:00;02:00;3400
11.11.2025 03:00;03:00;3400
11.11.2025 04:00;04:00;3400
11.11.2025 05:00;05:00;3400
11.11.2025 06:00;06:00;3400
11.11.2025 07:00;07:00;3400
11.11.2025 08:00;08:00;3400
11.11.2025 09:00;09:00;3400
11.11.2025 10:00;10:00;3400
11.11.2025 11:00;11:00;3400
11.11.2025 12:00;12:00;3400
11.11.2025 13:00;13:00;3400
11.11.2025 14:00;14:00;3400
11.11.2025 15:00;15:00;3400
11.11.2025 16:00;16:00;3400
11.11.2025 17:00;17:00;3400
11.11.2025 18:00;18:00;3400
11.11.2025 19:00;19:00;3400
11.11.2025 20:00;20:00;3400
11.11.2025 21:00;21:00;2502
11.11.2025 22:00;22:00;2267
11.11.2025 23:00;23:00;2267
12.11.2025 00:00;00:00;2267
12.11.2025 01:00;01:00;2267
12.11.2025 02:00;02:00;2267
12.11.2025 03:00;03:00;2267
12.11.2025 04:00;04:00;2744
12.11.2025 05:00;05:00;3100
12.11.2025 06:00;06:00;3400
12.11.2025 07:00;07:00;3400
12.11.2025 08:00;08:00;3400
12.11.2025 09:00;09:00;3400
12.11.2025 10:00;10:00;3400
12.11.2025 11:00;11:00;3400
12.11.2025 12:00;12:00;2250
12.11.2025 13:00;13:00;3400
12.11.2025 14:00;14:00;3400
12.11.2025 15:00;15:00;3400
12.11.2025 16:00;16:00;3400
12.11.2025 17:00;17:00;3400
12.11.2025 18:00;18:00;3400
12.11.2025 19:00;19:00;3400
12.11.2025 20:00;20:00;3400
12.11.2025 21:00;21:00;3400
12.11.2025 22:00;22:00;2332
12.11.2025 23:00;23:00;3400
13.11.2025 00:00;00:00;3400
13.11.2025 01:00;01:00;3400
13.11.2025 02:00;02:00;3400
13.11.2025 03:00;03:00;3400
13.11.2025 04:00;04:00;3027
13.11.2025 05:00;05:00;2634,33
13.11.2025 06:00;06:00;3207,05
13.11.2025 07:00;07:00;3400
13.11.2025 08:00;08:00;3400
13.11.2025 09:00;09:00;3400
13.11.2025 10:00;10:00;3400
13.11.2025 11:00;11:00;3400
13.11.2025 12:00;12:00;2989,89
13.11.2025 13:00;13:00;2965,78
13.11.2025 14:00;14:00;3170,01
13.11.2025 15:00;15:00;3400
13.11.2025 16:00;16:00;3400
13.11.2025 17:00;17:00;3400
13.11.2025 18:00;18:00;3400
13.11.2025 19:00;19:00;3400
13.11.2025 20:00;20:00;2277
13.11.2025 21:00;21:00;3400
13.11.2025 22:00;22:00;2277
13.11.2025 23:00;23:00;3400
14.11.2025 00:00;00:00;2277
14.11.2025 01:00;01:00;3200
14.11.2025 02:00;02:00;2951
14.11.2025 03:00;03:00;600
14.11.2025 04:00;04:00;650
14.11.2025 05:00;05:00;1000
14.11.2025 06:00;06:00;2932,89
14.11.2025 07:00;07:00;3380,9
14.11.2025 08:00;08:00;3400
14.11.2025 09:00;09:00;3400
14.11.2025 10:00;10:00;3400
14.11.2025 11:00;11:00;2277
14.11.2025 12:00;12:00;400
14.11.2025 13:00;13:00;3027
14.11.2025 14:00;14:00;3400
14.11.2025 15:00;15:00;3400
14.11.2025 16:00;16:00;3400
14.11.2025 17:00;17:00;3400
14.11.2025 18:00;18:00;3400
14.11.2025 19:00;19:00;3400
14.11.2025 20:00;20:00;2277
14.11.2025 21:00;21:00;2179
14.11.2025 22:00;22:00;2277
14.11.2025 23:00;23:00;1985
15.11.2025 00:00;00:00;2790
15.11.2025 01:00;01:00;2646,25
15.11.2025 02:00;02:00;900
15.11.2025 03:00;03:00;1834
15.11.2025 04:00;04:00;600
15.11.2025 05:00;05:00;650
15.11.2025 06:00;06:00;2790
15.11.2025 07:00;07:00;3100
15.11.2025 08:00;08:00;3400
15.11.2025 09:00;09:00;3400
15.11.2025 10:00;10:00;2490
15.11.2025 11:00;11:00;2948
15.11.2025 12:00;12:00;3400
15.11.2025 13:00;13:00;3400
15.11.2025 14:00;14:00;3400
15.11.2025 15:00;15:00;3400
15.11.2025 16:00;16:00;3400
15.11.2025 17:00;17:00;3400
15.11.2025 18:00;18:00;3400
15.11.2025 19:00;19:00;3400
15.11.2025 20:00;20:00;3400
15.11.2025 21:00;21:00;3400
15.11.2025 22:00;22:00;3400
15.11.2025 23:00;23:00;3400
16.11.2025 00:00;00:00;3236
16.11.2025 01:00;01:00;3207,05
16.11.2025 02:00;02:00;3100
16.11.2025 03:00;03:00;2800
16.11.2025 04:00;04:00;3100
16.11.2025 05:00;05:00;3294,62
16.11.2025 06:00;06:00;3400
16.11.2025 07:00;07:00;3400
16.11.2025 08:00;08:00;3329,91
16.11.2025 09:00;09:00;650
16.11.2025 10:00;10:00;0
16.11.2025 11:00;11:00;0
16.11.2025 12:00;12:00;0
16.11.2025 13:00;13:00;0
16.11.2025 14:00;14:00;310
16.11.2025 15:00;15:00;400
16.11.2025 16:00;16:00;3400
16.11.2025 17:00;17:00;3400
16.11.2025 18:00;18:00;3400
16.11.2025 19:00;19:00;3400
16.11.2025 20:00;20:00;3400
16.11.2025 21:00;21:00;3400
16.11.2025 22:00;22:00;3400
16.11.2025 23:00;23:00;3400
17.11.2025 00:00;00:00;2855,23
17.11.2025 01:00;01:00;3100
17.11.2025 02:00;02:00;1774,47
17.11.2025 03:00;03:00;650
17.11.2025 04:00;04:00;650
17.11.2025 05:00;05:00;1674,99
17.11.2025 06:00;06:00;3400
17.11.2025 07:00;07:00;3400
17.11.2025 08:00;08:00;3400
17.11.2025 09:00;09:00;3400
17.11.2025 10:00;10:00;2500,01
17.11.2025 11:00;11:00;1399,99
17.11.2025 12:00;12:00;400
17.11.2025 13:00;13:00;520
17.11.2025 14:00;14:00;400
17.11.2025 15:00;15:00;650
17.11.2025 16:00;16:00;3400
17.11.2025 17:00;17:00;3400
17.11.2025 18:00;18:00;3400
17.11.2025 19:00;19:00;3400
17.11.2025 20:00;20:00;3400
17.11.2025 21:00;21:00;3400
17.11.2025 22:00;22:00;3336
17.11.2025 23:00;23:00;650
18.11.2025 00:00;00:00;650
18.11.2025 01:00;01:00;1591,98
18.11.2025 02:00;02:00;2000
18.11.2025 03:00;03:00;2000
18.11.2025 04:00;04:00;1639,98
18.11.2025 05:00;05:00;2000
18.11.2025 06:00;06:00;3400
18.11.2025 07:00;07:00;3400
18.11.2025 08:00;08:00;3400
18.11.2025 09:00;09:00;3400
18.11.2025 10:00;10:00;650
18.11.2025 11:00;11:00;100
18.11.2025 12:00;12:00;0
18.11.2025 13:00;13:00;520
18.11.2025 14:00;14:00;520
18.11.2025 15:00;15:00;3400
18.11.2025 16:00;16:00;3400
18.11.2025 17:00;17:00;3400
18.11.2025 18:00;18:00;3400
18.11.2025 19:00;19:00;2873,11
18.11.2025 20:00;20:00;2287
18.11.2025 21:00;21:00;2725
18.11.2025 22:00;22:00;2451
18.11.2025 23:00;23:00;520
19.11.2025 00:00;00:00;400
19.11.2025 01:00;01:00;520
19.11.2025 02:00;02:00;400
19.11.2025 03:00;03:00;520
19.11.2025 04:00;04:00;520
19.11.2025 05:00;05:00;650
19.11.2025 06:00;06:00;3400
19.11.2025 07:00;07:00;3400
19.11.2025 08:00;08:00;3400
19.11.2025 09:00;09:00;3400
19.11.2025 10:00;10:00;3400
19.11.2025 11:00;11:00;3400
19.11.2025 12:00;12:00;3121,91
19.11.2025 13:00;13:00;3121,91
19.11.2025 14:00;14:00;3400
19.11.2025 15:00;15:00;3400
19.11.2025 16:00;16:00;3400
19.11.2025 17:00;17:00;3400
19.11.2025 18:00;18:00;3400
19.11.2025 19:00;19:00;3400
19.11.2025 20:00;20:00;3400
19.11.2025 21:00;21:00;3400
19.11.2025 22:00;22:00;2890
19.11.2025 23:00;23:00;3000
20.11.2025 00:00;00:00;2565,01
20.11.2025 01:00;01:00;3397
20.11.2025 02:00;02:00;2581
20.11.2025 03:00;03:00;3000
20.11.2025 04:00;04:00;2348,01
20.11.2025 05:00;05:00;1810
20.11.2025 06:00;06:00;3400
20.11.2025 07:00;07:00;3400
20.11.2025 08:00;08:00;3400
20.11.2025 09:00;09:00;3400
20.11.2025 10:00;10:00;1719,99
20.11.2025 11:00;11:00;520
20.11.2025 12:00;12:00;399,99
20.11.2025 13:00;13:00;400
20.11.2025 14:00;14:00;399,99
20.11.2025 15:00;15:00;520
20.11.2025 16:00;16:00;2802
20.11.2025 17:00;17:00;3400
20.11.2025 18:00;18:00;3400
20.11.2025 19:00;19:00;3400
20.11.2025 20:00;20:00;3400
20.11.2025 21:00;21:00;3390
20.11.2025 22:00;22:00;2462,18
20.11.2025 23:00;23:00;3400
21.11.2025 00:00;00:00;3250
21.11.2025 01:00;01:00;3250
21.11.2025 02:00;02:00;3250
21.11.2025 03:00;03:00;2147,99
21.11.2025 04:00;04:00;3049
21.11.2025 05:00;05:00;2890
21.11.2025 06:00;06:00;3400
21.11.2025 07:00;07:00;3400
21.11.2025 08:00;08:00;3400
21.11.2025 09:00;09:00;3400
21.11.2025 10:00;10:00;3200
21.11.2025 11:00;11:00;650
21.11.2025 12:00;12:00;,1
21.11.2025 13:00;13:00;850
21.11.2025 14:00;14:00;3200
21.11.2025 15:00;15:00;3400
21.11.2025 16:00;16:00;3400
21.11.2025 17:00;17:00;3400
21.11.2025 18:00;18:00;3400
21.11.2025 19:00;19:00;3400
21.11.2025 20:00;20:00;3400
21.11.2025 21:00;21:00;3400
21.11.2025 22:00;22:00;3219
21.11.2025 23:00;23:00;3400
22.11.2025 00:00;00:00;3390
22.11.2025 01:00;01:00;3349
22.11.2025 02:00;02:00;3400
22.11.2025 03:00;03:00;3294,62
22.11.2025 04:00;04:00;1778,45
22.11.2025 05:00;05:00;3294,62
22.11.2025 06:00;06:00;3400
22.11.2025 07:00;07:00;3400
22.11.2025 08:00;08:00;3400
22.11.2025 09:00;09:00;3400
22.11.2025 10:00;10:00;3400
22.11.2025 11:00;11:00;2000,02
22.11.2025 12:00;12:00;1340
22.11.2025 13:00;13:00;2000,02
22.11.2025 14:00;14:00;3294,62
22.11.2025 15:00;15:00;3400
22.11.2025 16:00;16:00;3400
22.11.2025 17:00;17:00;3400
22.11.2025 18:00;18:00;3400
22.11.2025 19:00;19:00;3400
22.11.2025 20:00;20:00;3400
22.11.2025 21:00;21:00;3400
22.11.2025 22:00;22:00;3400
22.11.2025 23:00;23:00;3400
23.11.2025 00:00;00:00;3400
23.11.2025 01:00;01:00;3400
23.11.2025 02:00;02:00;3400
23.11.2025 03:00;03:00;3400
23.11.2025 04:00;04:00;3400
23.11.2025 05:00;05:00;3400
23.11.2025 06:00;06:00;3400
23.11.2025 07:00;07:00;3400
23.11.2025 08:00;08:00;0
23.11.2025 09:00;09:00;0
23.11.2025 10:00;10:00;0
23.11.2025 11:00;11:00;0
23.11.2025 12:00;12:00;0
23.11.2025 13:00;13:00;0
23.11.2025 14:00;14:00;0
23.11.2025 15:00;15:00;850
23.11.2025 16:00;16:00;2299,99
23.11.2025 17:00;17:00;3400
23.11.2025 18:00;18:00;3400
23.11.2025 19:00;19:00;3400
23.11.2025 20:00;20:00;3400
23.11.2025 21:00;21:00;3400
23.11.2025 22:00;22:00;3400
23.11.2025 23:00;23:00;3400
24.11.2025 00:00;00:00;3400
24.11.2025 01:00;01:00;3400
24.11.2025 02:00;02:00;3400
24.11.2025 03:00;03:00;3400
24.11.2025 04:00;04:00;3400
24.11.2025 05:00;05:00;3400
24.11.2025 06:00;06:00;3400
24.11.2025 07:00;07:00;3400
24.11.2025 08:00;08:00;3400
24.11.2025 09:00;09:00;3400
24.11.2025 10:00;10:00;3400
24.11.2025 11:00;11:00;3049
24.11.2025 12:00;12:00;1396,85
24.11.2025 13:00;13:00;3049
24.11.2025 14:00;14:00;3400
24.11.2025 15:00;15:00;3400
24.11.2025 16:00;16:00;3400
24.11.2025 17:00;17:00;3400
24.11.2025 18:00;18:00;3400
24.11.2025 19:00;19:00;3400
24.11.2025 20:00;20:00;3400
24.11.2025 21:00;21:00;3400
24.11.2025 22:00;22:00;3400
24.11.2025 23:00;23:00;2332,01
25.11.2025 00:00;00:00;2287
25.11.2025 01:00;01:00;3249
25.11.2025 02:00;02:00;3207,05
25.11.2025 03:00;03:00;2287
25.11.2025 04:00;04:00;3400
25.11.2025 05:00;05:00;2287
25.11.2025 06:00;06:00;3400
25.11.2025 07:00;07:00;3400
25.11.2025 08:00;08:00;3400
25.11.2025 09:00;09:00;3400
25.11.2025 10:00;10:00;3400
25.11.2025 11:00;11:00;3400
25.11.2025 12:00;12:00;2600
25.11.2025 13:00;13:00;1000
25.11.2025 14:00;14:00;3294,62
25.11.2025 15:00;15:00;3399
25.11.2025 16:00;16:00;3400
25.11.2025 17:00;17:00;3400
25.11.2025 18:00;18:00;3400
25.11.2025 19:00;19:00;3400
25.11.2025 20:00;20:00;3400
25.11.2025 21:00;21:00;2901,99
25.11.2025 22:00;22:00;2251
25.11.2025 23:00;23:00;2251
26.11.2025 00:00;00:00;2251
26.11.2025 01:00;01:00;2945,99
26.11.2025 02:00;02:00;2155,99
26.11.2025 03:00;03:00;2399,98
26.11.2025 04:00;04:00;2210,1
26.11.2025 05:00;05:00;2210,11
26.11.2025 06:00;06:00;3147,01
26.11.2025 07:00;07:00;3400
26.11.2025 08:00;08:00;3400
26.11.2025 09:00;09:00;3400
26.11.2025 10:00;10:00;3400
26.11.2025 11:00;11:00;3400
26.11.2025 12:00;12:00;1400
26.11.2025 13:00;13:00;3375
26.11.2025 14:00;14:00;3400
26.11.2025 15:00;15:00;3400
26.11.2025 16:00;16:00;3400
26.11.2025 17:00;17:00;3400
26.11.2025 18:00;18:00;3400
26.11.2025 19:00;19:00;3400
26.11.2025 20:00;20:00;2401,11
26.11.2025 21:00;21:00;3400
26.11.2025 22:00;22:00;1000
26.11.2025 23:00;23:00;650
27.11.2025 00:00;00:00;3194
27.11.2025 01:00;01:00;3400
27.11.2025 02:00;02:00;3400
27.11.2025 03:00;03:00;3400
27.11.2025 04:00;04:00;3294,62
27.11.2025 05:00;05:00;3294,62
27.11.2025 06:00;06:00;3294,62
27.11.2025 07:00;07:00;3400
27.11.2025 08:00;08:00;3400
27.11.2025 09:00;09:00;3400
27.11.2025 10:00;10:00;3121,91
27.11.2025 11:00;11:00;2400
27.11.2025 12:00;12:00;399,99
27.11.2025 13:00;13:00;1719,98
27.11.2025 14:00;14:00;3249,99
27.11.2025 15:00;15:00;3400
27.11.2025 16:00;16:00;3400
27.11.2025 17:00;17:00;3400
27.11.2025 18:00;18:00;3400
27.11.2025 19:00;19:00;3400
27.11.2025 20:00;20:00;3400
27.11.2025 21:00;21:00;3400
27.11.2025 22:00;22:00;2288
27.11.2025 23:00;23:00;2297
28.11.2025 00:00;00:00;2997
28.11.2025 01:00;01:00;2600,61
28.11.2025 02:00;02:00;2997
28.11.2025 03:00;03:00;3121,91
28.11.2025 04:00;04:00;3121,91
28.11.2025 05:00;05:00;3294,62
28.11.2025 06:00;06:00;3400
28.11.2025 07:00;07:00;3400
28.11.2025 08:00;08:00;3400
28.11.2025 09:00;09:00;3400
28.11.2025 10:00;10:00;3089,01
28.11.2025 11:00;11:00;3400
28.11.2025 12:00;12:00;2667,98
28.11.2025 13:00;13:00;3121,91
28.11.2025 14:00;14:00;3400
28.11.2025 15:00;15:00;3400
28.11.2025 16:00;16:00;3400
28.11.2025 17:00;17:00;3400
28.11.2025 18:00;18:00;3400
28.11.2025 19:00;19:00;3400
28.11.2025 20:00;20:00;3110,11
28.11.2025 21:00;21:00;3000
28.11.2025 22:00;22:00;2297
28.11.2025 23:00;23:00;2297
29.11.2025 00:00;00:00;3200
29.11.2025 01:00;01:00;3375
29.11.2025 02:00;02:00;2800
29.11.2025 03:00;03:00;600
29.11.2025 04:00;04:00;600
29.11.2025 05:00;05:00;2800
29.11.2025 06:00;06:00;3121,91
29.11.2025 07:00;07:00;3400
29.11.2025 08:00;08:00;3400
29.11.2025 09:00;09:00;3400
29.11.2025 10:00;10:00;3294,62
29.11.2025 11:00;11:00;3400
29.11.2025 12:00;12:00;3294,62
29.11.2025 13:00;13:00;3400
29.11.2025 14:00;14:00;3400
29.11.2025 15:00;15:00;3400
29.11.2025 16:00;16:00;3400
29.11.2025 17:00;17:00;3400
29.11.2025 18:00;18:00;3400
29.11.2025 19:00;19:00;3400
29.11.2025 20:00;20:00;3400
29.11.2025 21:00;21:00;3400
29.11.2025 22:00;22:00;3390
29.11.2025 23:00;23:00;3400
30.11.2025 00:00;00:00;3400
30.11.2025 01:00;01:00;3400
30.11.2025 02:00;02:00;3400
30.11.2025 03:00;03:00;3300
30.11.2025 04:00;04:00;3400
30.11.2025 05:00;05:00;3400
30.11.2025 06:00;06:00;3400
30.11.2025 07:00;07:00;3307,63
30.11.2025 08:00;08:00;2158
30.11.2025 09:00;09:00;650
30.11.2025 10:00;10:00;650
30.11.2025 11:00;11:00;2221,01
30.11.2025 12:00;12:00;3294,62
30.11.2025 13:00;13:00;3400
30.11.2025 14:00;14:00;3400
30.11.2025 15:00;15:00;3400
30.11.2025 16:00;16:00;3390
30.11.2025 17:00;17:00;3400
30.11.2025 18:00;18:00;3400
30.11.2025 19:00;19:00;3400
30.11.2025 20:00;20:00;3400
30.11.2025 21:00;21:00;3400
30.11.2025 22:00;22:00;2888
30.11.2025 23:00;23:00;2506,11
01.12.2025 00:00;00:00;3150
01.12.2025 01:00;01:00;2297
01.12.2025 02:00;02:00;2250,01
01.12.2025 03:00;03:00;2155,24
01.12.2025 04:00;04:00;2155,25
01.12.2025 05:00;05:00;2297
01.12.2025 06:00;06:00;3397
01.12.2025 07:00;07:00;3400
01.12.2025 08:00;08:00;3400
01.12.2025 09:00;09:00;3400
01.12.2025 10:00;10:00;3400
01.12.2025 11:00;11:00;3400
01.12.2025 12:00;12:00;2288
01.12.2025 13:00;13:00;2900,01
01.12.2025 14:00;14:00;3400
01.12.2025 15:00;15:00;3400
01.12.2025 16:00;16:00;3400
01.12.2025 17:00;17:00;3400
01.12.2025 18:00;18:00;3400
01.12.2025 19:00;19:00;3400
01.12.2025 20:00;20:00;3400
01.12.2025 21:00;21:00;3400
01.12.2025 22:00;22:00;2534
01.12.2025 23:00;23:00;3400
02.12.2025 00:00;00:00;3400
02.12.2025 01:00;01:00;3400
02.12.2025 02:00;02:00;2743
02.12.2025 03:00;03:00;2849,01
02.12.2025 04:00;04:00;2599
02.12.2025 05:00;05:00;2816,78
02.12.2025 06:00;06:00;3400
02.12.2025 07:00;07:00;3400
02.12.2025 08:00;08:00;3400
02.12.2025 09:00;09:00;3400
02.12.2025 10:00;10:00;3400
02.12.2025 11:00;11:00;3000
02.12.2025 12:00;12:00;2949
02.12.2025 13:00;13:00;2255
02.12.2025 14:00;14:00;2255
02.12.2025 15:00;15:00;3390
02.12.2025 16:00;16:00;3400
02.12.2025 17:00;17:00;3400
02.12.2025 18:00;18:00;3400
02.12.2025 19:00;19:00;3400
02.12.2025 20:00;20:00;3400
02.12.2025 21:00;21:00;3400
02.12.2025 22:00;22:00;3400
02.12.2025 23:00;23:00;3400
03.12.2025 00:00;00:00;3400
03.12.2025 01:00;01:00;3390
03.12.2025 02:00;02:00;3000
03.12.2025 03:00;03:00;3000
03.12.2025 04:00;04:00;3000
03.12.2025 05:00;05:00;3000
03.12.2025 06:00;06:00;3400
03.12.2025 07:00;07:00;3400
03.12.2025 08:00;08:00;3400
03.12.2025 09:00;09:00;3400
03.12.2025 10:00;10:00;3400
03.12.2025 11:00;11:00;3335,88
03.12.2025 12:00;12:00;1912
03.12.2025 13:00;13:00;2189
03.12.2025 14:00;14:00;2297
03.12.2025 15:00;15:00;3400
03.12.2025 16:00;16:00;3400
03.12.2025 17:00;17:00;3400
03.12.2025 18:00;18:00;3400
03.12.2025 19:00;19:00;3400
03.12.2025 20:00;20:00;3400
03.12.2025 21:00;21:00;3400
03.12.2025 22:00;22:00;3400
03.12.2025 23:00;23:00;3400
04.12.2025 00:00;00:00;3150,01
04.12.2025 01:00;01:00;3200
04.12.2025 02:00;02:00;2874,33
04.12.2025 03:00;03:00;2297
04.12.2025 04:00;04:00;2297
04.12.2025 05:00;05:00;2297
04.12.2025 06:00;06:00;2303
04.12.2025 07:00;07:00;3400
04.12.2025 08:00;08:00;3400
04.12.2025 09:00;09:00;3400
04.12.2025 10:00;10:00;3400
04.12.2025 11:00;11:00;3400
04.12.2025 12:00;12:00;3193
04.12.2025 13:00;13:00;3000
04.12.2025 14:00;14:00;3400
04.12.2025 15:00;15:00;3400
04.12.2025 16:00;16:00;3400
04.12.2025 17:00;17:00;3400
04.12.2025 18:00;18:00;3400
04.12.2025 19:00;19:00;3400
04.12.2025 20:00;20:00;3400
04.12.2025 21:00;21:00;3400
04.12.2025 22:00;22:00;3390
04.12.2025 23:00;23:00;3050,01
05.12.2025 00:00;00:00;2303
05.12.2025 01:00;01:00;3390
05.12.2025 02:00;02:00;1647
05.12.2025 03:00;03:00;520
05.12.2025 04:00;04:00;520
05.12.2025 05:00;05:00;520
05.12.2025 06:00;06:00;1640
05.12.2025 07:00;07:00;3400
05.12.2025 08:00;08:00;3400
05.12.2025 09:00;09:00;3400
05.12.2025 10:00;10:00;3400
05.12.2025 11:00;11:00;3400
05.12.2025 12:00;12:00;3184
05.12.2025 13:00;13:00;3386,24
05.12.2025 14:00;14:00;3400
05.12.2025 15:00;15:00;3400
05.12.2025 16:00;16:00;3400
05.12.2025 17:00;17:00;3400
05.12.2025 18:00;18:00;3400
05.12.2025 19:00;19:00;2303
05.12.2025 20:00;20:00;2116
05.12.2025 21:00;21:00;1865
05.12.2025 22:00;22:00;520
05.12.2025 23:00;23:00;1819,2
06.12.2025 00:00;00:00;1121,11
06.12.2025 01:00;01:00;3103
06.12.2025 02:00;02:00;1767,99
06.12.2025 03:00;03:00;3121,91
06.12.2025 04:00;04:00;3121,91
06.12.2025 05:00;05:00;3103
06.12.2025 06:00;06:00;3400
06.12.2025 07:00;07:00;3400
06.12.2025 08:00;08:00;3400
06.12.2025 09:00;09:00;3400
06.12.2025 10:00;10:00;3400
06.12.2025 11:00;11:00;3400
06.12.2025 12:00;12:00;3395
06.12.2025 13:00;13:00;3398
06.12.2025 14:00;14:00;3400
06.12.2025 15:00;15:00;3400
06.12.2025 16:00;16:00;3400
06.12.2025 17:00;17:00;3400
06.12.2025 18:00;18:00;3400
06.12.2025 19:00;19:00;3400
06.12.2025 20:00;20:00;2303
06.12.2025 21:00;21:00;3390
06.12.2025 22:00;22:00;650
06.12.2025 23:00;23:00;520
07.12.2025 00:00;00:00;1818
07.12.2025 01:00;01:00;1815
07.12.2025 02:00;02:00;1643
07.12.2025 03:00;03:00;650
07.12.2025 04:00;04:00;650
07.12.2025 05:00;05:00;520
07.12.2025 06:00;06:00;2143
07.12.2025 07:00;07:00;2673
07.12.2025 08:00;08:00;2041
07.12.2025 09:00;09:00;1426
07.12.2025 10:00;10:00;1821
07.12.2025 11:00;11:00;1926
07.12.2025 12:00;12:00;3121,91
07.12.2025 13:00;13:00;3400
07.12.2025 14:00;14:00;3400
07.12.2025 15:00;15:00;3400
07.12.2025 16:00;16:00;3400
07.12.2025 17:00;17:00;3400
07.12.2025 18:00;18:00;3400
07.12.2025 19:00;19:00;3400
07.12.2025 20:00;20:00;3400
07.12.2025 21:00;21:00;3400
07.12.2025 22:00;22:00;2775
07.12.2025 23:00;23:00;1000
08.12.2025 00:00;00:00;2790
08.12.2025 01:00;01:00;3209,85
08.12.2025 02:00;02:00;2289,24
08.12.2025 03:00;03:00;2289,24
08.12.2025 04:00;04:00;2289,25
08.12.2025 05:00;05:00;3040
08.12.2025 06:00;06:00;3050
08.12.2025 07:00;07:00;3148,01
08.12.2025 08:00;08:00;3400
08.12.2025 09:00;09:00;3400
08.12.2025 10:00;10:00;3400
08.12.2025 11:00;11:00;3400
08.12.2025 12:00;12:00;3400
08.12.2025 13:00;13:00;3400
08.12.2025 14:00;14:00;3400
08.12.2025 15:00;15:00;3400
08.12.2025 16:00;16:00;3400
08.12.2025 17:00;17:00;3400
08.12.2025 18:00;18:00;3400
08.12.2025 19:00;19:00;2287
08.12.2025 20:00;20:00;2287
08.12.2025 21:00;21:00;3389,89
08.12.2025 22:00;22:00;1849
08.12.2025 23:00;23:00;1000
09.12.2025 00:00;00:00;3120
09.12.2025 01:00;01:00;3375
09.12.2025 02:00;02:00;3375
09.12.2025 03:00;03:00;3121,91
09.12.2025 04:00;04:00;3294,62
09.12.2025 05:00;05:00;3375
09.12.2025 06:00;06:00;3375
09.12.2025 07:00;07:00;3348
09.12.2025 08:00;08:00;3400
09.12.2025 09:00;09:00;3400
09.12.2025 10:00;10:00;3400
09.12.2025 11:00;11:00;3400
09.12.2025 12:00;12:00;2987
09.12.2025 13:00;13:00;2297
09.12.2025 14:00;14:00;3375
09.12.2025 15:00;15:00;3400
09.12.2025 16:00;16:00;3400
09.12.2025 17:00;17:00;3400
09.12.2025 18:00;18:00;3400
09.12.2025 19:00;19:00;3400
09.12.2025 20:00;20:00;2875,99
09.12.2025 21:00;21:00;3400
09.12.2025 22:00;22:00;3400
09.12.2025 23:00;23:00;3400
10.12.2025 00:00;00:00;3400
10.12.2025 01:00;01:00;3394
10.12.2025 02:00;02:00;3400
10.12.2025 03:00;03:00;3400
10.12.2025 04:00;04:00;3400
10.12.2025 05:00;05:00;3400
10.12.2025 06:00;06:00;3120
10.12.2025 07:00;07:00;3400
10.12.2025 08:00;08:00;3400
10.12.2025 09:00;09:00;3400
10.12.2025 10:00;10:00;3400
10.12.2025 11:00;11:00;2297
10.12.2025 12:00;12:00;448
10.12.2025 13:00;13:00;2297
10.12.2025 14:00;14:00;3400
10.12.2025 15:00;15:00;3400
10.12.2025 16:00;16:00;3400
10.12.2025 17:00;17:00;3400
10.12.2025 18:00;18:00;3400
10.12.2025 19:00;19:00;3400
10.12.2025 20:00;20:00;3400
10.12.2025 21:00;21:00;3400
10.12.2025 22:00;22:00;2297
10.12.2025 23:00;23:00;2297
11.12.2025 00:00;00:00;3200
11.12.2025 01:00;01:00;3249
11.12.2025 02:00;02:00;1098
11.12.2025 03:00;03:00;1055
11.12.2025 04:00;04:00;1000
11.12.2025 05:00;05:00;3121,91
11.12.2025 06:00;06:00;3400
11.12.2025 07:00;07:00;3375
11.12.2025 08:00;08:00;3400
11.12.2025 09:00;09:00;3400
11.12.2025 10:00;10:00;3400
11.12.2025 11:00;11:00;3400
11.12.2025 12:00;12:00;2997
11.12.2025 13:00;13:00;3175
11.12.2025 14:00;14:00;3400
11.12.2025 15:00;15:00;3394
11.12.2025 16:00;16:00;3400
11.12.2025 17:00;17:00;3400
11.12.2025 18:00;18:00;3400
11.12.2025 19:00;19:00;2297
11.12.2025 20:00;20:00;2236
11.12.2025 21:00;21:00;2802
11.12.2025 22:00;22:00;2297
11.12.2025 23:00;23:00;2297
12.12.2025 00:00;00:00;3047,99
12.12.2025 01:00;01:00;3125
12.12.2025 02:00;02:00;2641
12.12.2025 03:00;03:00;2487
12.12.2025 04:00;04:00;2250
12.12.2025 05:00;05:00;2297
12.12.2025 06:00;06:00;2297
12.12.2025 07:00;07:00;3389,89
12.12.2025 08:00;08:00;3400
12.12.2025 09:00;09:00;3400
12.12.2025 10:00;10:00;3400
12.12.2025 11:00;11:00;3400
12.12.2025 12:00;12:00;2997
12.12.2025 13:00;13:00;3000
12.12.2025 14:00;14:00;3400
12.12.2025 15:00;15:00;3400
12.12.2025 16:00;16:00;3400
12.12.2025 17:00;17:00;3400
12.12.2025 18:00;18:00;3400
12.12.2025 19:00;19:00;3000
12.12.2025 20:00;20:00;2401
12.12.2025 21:00;21:00;3400
12.12.2025 22:00;22:00;3225
12.12.2025 23:00;23:00;3400
13.12.2025 00:00;00:00;2989,01
13.12.2025 01:00;01:00;2950
13.12.2025 02:00;02:00;3125
13.12.2025 03:00;03:00;3150
13.12.2025 04:00;04:00;3150
13.12.2025 05:00;05:00;3150
13.12.2025 06:00;06:00;3050
13.12.2025 07:00;07:00;3117,06
13.12.2025 08:00;08:00;3400
13.12.2025 09:00;09:00;3400
13.12.2025 10:00;10:00;3121,91
13.12.2025 11:00;11:00;3308,9
13.12.2025 12:00;12:00;2621,2
13.12.2025 13:00;13:00;3400
13.12.2025 14:00;14:00;3400
13.12.2025 15:00;15:00;3400
13.12.2025 16:00;16:00;3400
13.12.2025 17:00;17:00;3400
13.12.2025 18:00;18:00;3400
13.12.2025 19:00;19:00;3400
13.12.2025 20:00;20:00;3400
13.12.2025 21:00;21:00;3400
13.12.2025 22:00;22:00;3400
13.12.2025 23:00;23:00;3400
14.12.2025 00:00;00:00;3294
14.12.2025 01:00;01:00;3400
14.12.2025 02:00;02:00;3400
14.12.2025 03:00;03:00;3400
14.12.2025 04:00;04:00;3400
14.12.2025 05:00;05:00;3400
14.12.2025 06:00;06:00;3400
14.12.2025 07:00;07:00;3375
14.12.2025 08:00;08:00;3330,98
14.12.2025 09:00;09:00;550
14.12.2025 10:00;10:00;440
14.12.2025 11:00;11:00;1000
14.12.2025 12:00;12:00;399,99
14.12.2025 13:00;13:00;550
14.12.2025 14:00;14:00;2000
14.12.2025 15:00;15:00;2380
14.12.2025 16:00;16:00;3400
14.12.2025 17:00;17:00;3400
14.12.2025 18:00;18:00;3400
14.12.2025 19:00;19:00;3397
14.12.2025 20:00;20:00;3400
14.12.2025 21:00;21:00;3400
14.12.2025 22:00;22:00;3194
14.12.2025 23:00;23:00;3150
15.12.2025 00:00;00:00;3400
15.12.2025 01:00;01:00;3400
15.12.2025 02:00;02:00;3000
15.12.2025 03:00;03:00;3000
15.12.2025 04:00;04:00;550
15.12.2025 05:00;05:00;440
15.12.2025 06:00;06:00;1000
15.12.2025 07:00;07:00;3121,91
15.12.2025 08:00;08:00;3400
15.12.2025 09:00;09:00;3400
15.12.2025 10:00;10:00;3400
15.12.2025 11:00;11:00;3400
15.12.2025 12:00;12:00;3400
15.12.2025 13:00;13:00;3400
15.12.2025 14:00;14:00;3400
15.12.2025 15:00;15:00;3400
15.12.2025 16:00;16:00;3400
15.12.2025 17:00;17:00;3400
15.12.2025 18:00;18:00;3400
15.12.2025 19:00;19:00;3400
15.12.2025 20:00;20:00;3400
15.12.2025 21:00;21:00;3400
15.12.2025 22:00;22:00;3000
15.12.2025 23:00;23:00;3057
16.12.2025 00:00;00:00;3299,98
16.12.2025 01:00;01:00;3118,4
16.12.2025 02:00;02:00;2850
16.12.2025 03:00;03:00;2451
16.12.2025 04:00;04:00;939
16.12.2025 05:00;05:00;2275
16.12.2025 06:00;06:00;3250
16.12.2025 07:00;07:00;3400
16.12.2025 08:00;08:00;3400
16.12.2025 09:00;09:00;3400
16.12.2025 10:00;10:00;3400
16.12.2025 11:00;11:00;3400
16.12.2025 12:00;12:00;2821,46
16.12.2025 13:00;13:00;2307
16.12.2025 14:00;14:00;2647,99
16.12.2025 15:00;15:00;3400
16.12.2025 16:00;16:00;3400
16.12.2025 17:00;17:00;3400
16.12.2025 18:00;18:00;3400
16.12.2025 19:00;19:00;3400
16.12.2025 20:00;20:00;3080
16.12.2025 21:00;21:00;3000
16.12.2025 22:00;22:00;2994
16.12.2025 23:00;23:00;3094
17.12.2025 00:00;00:00;3118
17.12.2025 01:00;01:00;1498
17.12.2025 02:00;02:00;2289,88
17.12.2025 03:00;03:00;2990
17.12.2025 04:00;04:00;3275
17.12.2025 05:00;05:00;3400
17.12.2025 06:00;06:00;3400
17.12.2025 07:00;07:00;3400
17.12.2025 08:00;08:00;3400
17.12.2025 09:00;09:00;3400
17.12.2025 10:00;10:00;2307
17.12.2025 11:00;11:00;600
17.12.2025 12:00;12:00;400
17.12.2025 13:00;13:00;600
17.12.2025 14:00;14:00;600
17.12.2025 15:00;15:00;2217
17.12.2025 16:00;16:00;3400
17.12.2025 17:00;17:00;3400
17.12.2025 18:00;18:00;3400
17.12.2025 19:00;19:00;3400
17.12.2025 20:00;20:00;3400
17.12.2025 21:00;21:00;3400
17.12.2025 22:00;22:00;3400
17.12.2025 23:00;23:00;2307
18.12.2025 00:00;00:00;2401
18.12.2025 01:00;01:00;2401
18.12.2025 02:00;02:00;2307
18.12.2025 03:00;03:00;2749,24
18.12.2025 04:00;04:00;2683,01
18.12.2025 05:00;05:00;2994
18.12.2025 06:00;06:00;3400
18.12.2025 07:00;07:00;3400
18.12.2025 08:00;08:00;3400
18.12.2025 09:00;09:00;3400
18.12.2025 10:00;10:00;3400
18.12.2025 11:00;11:00;2994
18.12.2025 12:00;12:00;400
18.12.2025 13:00;13:00;450
18.12.2025 14:00;14:00;399,99
18.12.2025 15:00;15:00;2499,01
18.12.2025 16:00;16:00;3400
18.12.2025 17:00;17:00;3400
18.12.2025 18:00;18:00;3400
18.12.2025 19:00;19:00;3400
18.12.2025 20:00;20:00;3400
18.12.2025 21:00;21:00;3400
18.12.2025 22:00;22:00;3125,01
18.12.2025 23:00;23:00;2307
19.12.2025 00:00;00:00;2314
19.12.2025 01:00;01:00;2314
19.12.2025 02:00;02:00;2880,64
19.12.2025 03:00;03:00;2830,33
19.12.2025 04:00;04:00;2799,01
19.12.2025 05:00;05:00;3000
19.12.2025 06:00;06:00;3400
19.12.2025 07:00;07:00;3400
19.12.2025 08:00;08:00;3400
19.12.2025 09:00;09:00;3400
19.12.2025 10:00;10:00;3400
19.12.2025 11:00;11:00;3400
19.12.2025 12:00;12:00;1997,99
19.12.2025 13:00;13:00;400
19.12.2025 14:00;14:00;650
19.12.2025 15:00;15:00;1744
19.12.2025 16:00;16:00;2700
19.12.2025 17:00;17:00;3400
19.12.2025 18:00;18:00;3400
19.12.2025 19:00;19:00;3400
19.12.2025 20:00;20:00;2251
19.12.2025 21:00;21:00;2314
19.12.2025 22:00;22:00;2314
19.12.2025 23:00;23:00;2897,35
20.12.2025 00:00;00:00;2321
20.12.2025 01:00;01:00;3400
20.12.2025 02:00;02:00;3275
20.12.2025 03:00;03:00;2600
20.12.2025 04:00;04:00;2599,98
20.12.2025 05:00;05:00;2401
20.12.2025 06:00;06:00;3012
20.12.2025 07:00;07:00;2321
20.12.2025 08:00;08:00;3400
20.12.2025 09:00;09:00;3400
20.12.2025 10:00;10:00;2321
20.12.2025 11:00;11:00;2994,88
20.12.2025 12:00;12:00;1972,18
20.12.2025 13:00;13:00;2321
20.12.2025 14:00;14:00;1000
20.12.2025 15:00;15:00;1718
20.12.2025 16:00;16:00;3000
20.12.2025 17:00;17:00;3400
20.12.2025 18:00;18:00;3400
20.12.2025 19:00;19:00;3400
20.12.2025 20:00;20:00;3200
20.12.2025 21:00;21:00;3400
20.12.2025 22:00;22:00;3400
20.12.2025 23:00;23:00;3400
21.12.2025 00:00;00:00;3400
21.12.2025 01:00;01:00;3400
21.12.2025 02:00;02:00;3400
21.12.2025 03:00;03:00;3400
21.12.2025 04:00;04:00;3400
21.12.2025 05:00;05:00;3400
21.12.2025 06:00;06:00;3320,91
21.12.2025 07:00;07:00;3347,9
21.12.2025 08:00;08:00;2321
21.12.2025 09:00;09:00;2975
21.12.2025 10:00;10:00;3121,91
21.12.2025 11:00;11:00;3400
21.12.2025 12:00;12:00;3400
21.12.2025 13:00;13:00;3400
21.12.2025 14:00;14:00;3400
21.12.2025 15:00;15:00;3400
21.12.2025 16:00;16:00;3400
21.12.2025 17:00;17:00;3400
21.12.2025 18:00;18:00;2321
21.12.2025 19:00;19:00;2321
21.12.2025 20:00;20:00;1805
21.12.2025 21:00;21:00;3400
21.12.2025 22:00;22:00;2321
21.12.2025 23:00;23:00;763
22.12.2025 00:00;00:00;400
22.12.2025 01:00;01:00;3000
22.12.2025 02:00;02:00;3000
22.12.2025 03:00;03:00;2250,01
22.12.2025 04:00;04:00;2125
22.12.2025 05:00;05:00;2404,77
22.12.2025 06:00;06:00;2871,96
22.12.2025 07:00;07:00;3294,62
22.12.2025 08:00;08:00;3400
22.12.2025 09:00;09:00;3400
22.12.2025 10:00;10:00;3400
22.12.2025 11:00;11:00;3400
22.12.2025 12:00;12:00;3400
22.12.2025 13:00;13:00;3400
22.12.2025 14:00;14:00;3400
22.12.2025 15:00;15:00;3400
22.12.2025 16:00;16:00;3400
22.12.2025 17:00;17:00;3400
22.12.2025 18:00;18:00;3400
22.12.2025 19:00;19:00;2251
22.12.2025 20:00;20:00;2251
22.12.2025 21:00;21:00;3390
22.12.2025 22:00;22:00;2321
22.12.2025 23:00;23:00;450
23.12.2025 00:00;00:00;2046
23.12.2025 01:00;01:00;3000
23.12.2025 02:00;02:00;1975,04
23.12.2025 03:00;03:00;696
23.12.2025 04:00;04:00;687
23.12.2025 05:00;05:00;687
23.12.2025 06:00;06:00;2375,01
23.12.2025 07:00;07:00;2200
23.12.2025 08:00;08:00;3400
23.12.2025 09:00;09:00;3400
23.12.2025 10:00;10:00;3400
23.12.2025 11:00;11:00;3400
23.12.2025 12:00;12:00;3400
23.12.2025 13:00;13:00;3400
23.12.2025 14:00;14:00;3400
23.12.2025 15:00;15:00;3400
23.12.2025 16:00;16:00;3400
23.12.2025 17:00;17:00;3400
23.12.2025 18:00;18:00;3400
23.12.2025 19:00;19:00;3400
23.12.2025 20:00;20:00;3400
23.12.2025 21:00;21:00;3400
23.12.2025 22:00;22:00;3400
23.12.2025 23:00;23:00;3400
24.12.2025 00:00;00:00;3275
24.12.2025 01:00;01:00;3275
24.12.2025 02:00;02:00;3150
24.12.2025 03:00;03:00;2980
24.12.2025 04:00;04:00;2946
24.12.2025 05:00;05:00;2980
24.12.2025 06:00;06:00;3000
24.12.2025 07:00;07:00;3400
24.12.2025 08:00;08:00;3400
24.12.2025 09:00;09:00;3400
24.12.2025 10:00;10:00;3400
24.12.2025 11:00;11:00;3400
24.12.2025 12:00;12:00;3000
24.12.2025 13:00;13:00;2867,18
24.12.2025 14:00;14:00;3000
24.12.2025 15:00;15:00;2327
24.12.2025 16:00;16:00;3400
24.12.2025 17:00;17:00;3400
24.12.2025 18:00;18:00;3400
24.12.2025 19:00;19:00;2327
24.12.2025 20:00;20:00;2301
24.12.2025 21:00;21:00;2910,11
24.12.2025 22:00;22:00;3200
24.12.2025 23:00;23:00;3400
25.12.2025 00:00;00:00;2327
25.12.2025 01:00;01:00;3000
25.12.2025 02:00;02:00;2327
25.12.2025 03:00;03:00;2299,99
25.12.2025 04:00;04:00;3142,33
25.12.2025 05:00;05:00;3250
25.12.2025 06:00;06:00;3400
25.12.2025 07:00;07:00;3400
25.12.2025 08:00;08:00;3400
25.12.2025 09:00;09:00;3400
25.12.2025 10:00;10:00;3400
25.12.2025 11:00;11:00;3400
25.12.2025 12:00;12:00;3400
25.12.2025 13:00;13:00;3400
25.12.2025 14:00;14:00;3400
25.12.2025 15:00;15:00;3400
25.12.2025 16:00;16:00;3400
25.12.2025 17:00;17:00;3400
25.12.2025 18:00;18:00;3400
25.12.2025 19:00;19:00;3287,33
25.12.2025 20:00;20:00;2327
25.12.2025 21:00;21:00;3190
25.12.2025 22:00;22:00;2327
25.12.2025 23:00;23:00;2327
26.12.2025 00:00;00:00;2349
26.12.2025 01:00;01:00;3275
26.12.2025 02:00;02:00;2900
26.12.2025 03:00;03:00;2349
26.12.2025 04:00;04:00;2349
26.12.2025 05:00;05:00;3121,91
26.12.2025 06:00;06:00;3400
26.12.2025 07:00;07:00;3400
26.12.2025 08:00;08:00;3400
26.12.2025 09:00;09:00;3400
26.12.2025 10:00;10:00;3400
26.12.2025 11:00;11:00;3400
26.12.2025 12:00;12:00;3400
26.12.2025 13:00;13:00;3400
26.12.2025 14:00;14:00;3400
26.12.2025 15:00;15:00;3400
26.12.2025 16:00;16:00;3400
26.12.2025 17:00;17:00;3400
26.12.2025 18:00;18:00;3400
26.12.2025 19:00;19:00;3400
26.12.2025 20:00;20:00;3400
26.12.2025 21:00;21:00;3400
26.12.2025 22:00;22:00;3400
26.12.2025 23:00;23:00;2401
27.12.2025 00:00;00:00;3400
27.12.2025 01:00;01:00;3400
27.12.2025 02:00;02:00;3370,01
27.12.2025 03:00;03:00;2899
27.12.2025 04:00;04:00;2899
27.12.2025 05:00;05:00;2899
27.12.2025 06:00;06:00;2349
27.12.2025 07:00;07:00;2349
27.12.2025 08:00;08:00;3400
27.12.2025 09:00;09:00;3400
27.12.2025 10:00;10:00;3400
27.12.2025 11:00;11:00;3400
27.12.2025 12:00;12:00;3395,64
27.12.2025 13:00;13:00;3400
27.12.2025 14:00;14:00;3400
27.12.2025 15:00;15:00;3400
27.12.2025 16:00;16:00;3400
27.12.2025 17:00;17:00;3400
27.12.2025 18:00;18:00;3400
27.12.2025 19:00;19:00;3400
27.12.2025 20:00;20:00;3400
27.12.2025 21:00;21:00;3400
27.12.2025 22:00;22:00;3400
27.12.2025 23:00;23:00;3400
28.12.2025 00:00;00:00;3400
28.12.2025 01:00;01:00;3400
28.12.2025 02:00;02:00;3275
28.12.2025 03:00;03:00;3130,92
28.12.2025 04:00;04:00;3121,91
28.12.2025 05:00;05:00;3121,91
28.12.2025 06:00;06:00;3121,91
28.12.2025 07:00;07:00;3400
28.12.2025 08:00;08:00;3121,91
28.12.2025 09:00;09:00;3180
28.12.2025 10:00;10:00;3121,91
28.12.2025 11:00;11:00;2000
28.12.2025 12:00;12:00;2000,01
28.12.2025 13:00;13:00;2000,02
28.12.2025 14:00;14:00;2951,22
28.12.2025 15:00;15:00;3000
28.12.2025 16:00;16:00;3400
28.12.2025 17:00;17:00;3400
28.12.2025 18:00;18:00;3400
28.12.2025 19:00;19:00;3400
28.12.2025 20:00;20:00;3400
28.12.2025 21:00;21:00;3400
28.12.2025 22:00;22:00;3400
28.12.2025 23:00;23:00;3150
29.12.2025 00:00;00:00;2950
29.12.2025 01:00;01:00;2300
29.12.2025 02:00;02:00;2900
29.12.2025 03:00;03:00;2399,98
29.12.2025 04:00;04:00;2470
29.12.2025 05:00;05:00;3121,91
29.12.2025 06:00;06:00;3225,91
29.12.2025 07:00;07:00;3300
29.12.2025 08:00;08:00;3400
29.12.2025 09:00;09:00;3400
29.12.2025 10:00;10:00;3400
29.12.2025 11:00;11:00;3400
29.12.2025 12:00;12:00;3400
29.12.2025 13:00;13:00;3160,91
29.12.2025 14:00;14:00;2349
29.12.2025 15:00;15:00;1500
29.12.2025 16:00;16:00;3400
29.12.2025 17:00;17:00;3400
29.12.2025 18:00;18:00;3400
29.12.2025 19:00;19:00;2201
29.12.2025 20:00;20:00;2201
29.12.2025 21:00;21:00;2349
29.12.2025 22:00;22:00;3100
29.12.2025 23:00;23:00;3400
30.12.2025 00:00;00:00;2349
30.12.2025 01:00;01:00;2255
30.12.2025 02:00;02:00;2800,01
30.12.2025 03:00;03:00;2500,01
30.12.2025 04:00;04:00;2578
30.12.2025 05:00;05:00;2994
30.12.2025 06:00;06:00;2255
30.12.2025 07:00;07:00;2349
30.12.2025 08:00;08:00;3400
30.12.2025 09:00;09:00;3400
30.12.2025 10:00;10:00;3375,36
30.12.2025 11:00;11:00;550
30.12.2025 12:00;12:00;400
30.12.2025 13:00;13:00;440
30.12.2025 14:00;14:00;440
30.12.2025 15:00;15:00;440
30.12.2025 16:00;16:00;3400
30.12.2025 17:00;17:00;3400
30.12.2025 18:00;18:00;3400
30.12.2025 19:00;19:00;2349
30.12.2025 20:00;20:00;1579
30.12.2025 21:00;21:00;2175
30.12.2025 22:00;22:00;2967
30.12.2025 23:00;23:00;3080
31.12.2025 00:00;00:00;3400
31.12.2025 01:00;01:00;3400
31.12.2025 02:00;02:00;550
31.12.2025 03:00;03:00;550
31.12.2025 04:00;04:00;1800,01
31.12.2025 05:00;05:00;1126
31.12.2025 06:00;06:00;3121,91
31.12.2025 07:00;07:00;2800
31.12.2025 08:00;08:00;3380,9
31.12.2025 09:00;09:00;3400
31.12.2025 10:00;10:00;3400
31.12.2025 11:00;11:00;3400
31.12.2025 12:00;12:00;3400
31.12.2025 13:00;13:00;3400
31.12.2025 14:00;14:00;3400
31.12.2025 15:00;15:00;3400
31.12.2025 16:00;16:00;3400
31.12.2025 17:00;17:00;3400
31.12.2025 18:00;18:00;2602
31.12.2025 19:00;19:00;2298
31.12.2025 20:00;20:00;2298
31.12.2025 21:00;21:00;647
31.12.2025 22:00;22:00;440
31.12.2025 23:00;23:00;484
