Tarih;Saat;Sistem Yönü
01/01/2025;00:00;Enerji Açığı
01/01/2025;01:00;Enerji Açığı
01/01/2025;02:00;Enerji Açığı
01/01/2025;03:00;Enerji Fazlası
01/01/2025;04:00;Enerji Fazlası
01/01/2025;05:00;Dengede
01/01/2025;06:00;Enerji Açığı
01/01/2025;07:00;Enerji Fazlası
01/01/2025;08:00;Enerji Fazlası
01/01/2025;09:00;Enerji Fazlası
01/01/2025;10:00;Enerji Fazlası
01/01/2025;11:00;Enerji Fazlası
01/01/2025;12:00;Enerji Fazlası
01/01/2025;13:00;Enerji Fazlası
01/01/2025;14:00;Enerji Fazlası
01/01/2025;15:00;Enerji Fazlası
01/01/2025;16:00;Enerji Fazlası
01/01/2025;17:00;Enerji Açığı
01/01/2025;18:00;Enerji Açığı
01/01/2025;19:00;Enerji Açığı
01/01/2025;20:00;Enerji Açığı
01/01/2025;21:00;Enerji Açığı
01/01/2025;22:00;Enerji Fazlası
01/01/2025;23:00;Enerji Fazlası
02/01/2025;00:00;Enerji Fazlası
02/01/2025;01:00;Enerji Fazlası
02/01/2025;02:00;Enerji Açığı
02/01/2025;03:00;Enerji Açığı
02/01/2025;04:00;Enerji Açığı
02/01/2025;05:00;Enerji Açığı
02/01/2025;06:00;Enerji Açığı
02/01/2025;07:00;Enerji Açığı
02/01/2025;08:00;Enerji Açığı
02/01/2025;09:00;Enerji Açığı
02/01/2025;10:00;Enerji Fazlası
02/01/2025;11:00;Enerji Fazlası
02/01/2025;12:00;Enerji Fazlası
02/01/2025;13:00;Enerji Fazlası
02/01/2025;14:00;Enerji Fazlası
02/01/2025;15:00;Enerji Fazlası
02/01/2025;16:00;Enerji Açığı
02/01/2025;17:00;Enerji Açığı
02/01/2025;18:00;Enerji Açığı
02/01/2025;19:00;Enerji Açığı
02/01/2025;20:00;Enerji Açığı
02/01/2025;21:00;Enerji Açığı
02/01/2025;22:00;Enerji Açığı
02/01/2025;23:00;Enerji Açığı
03/01/2025;00:00;Enerji Açığı
03/01/2025;01:00;Enerji Açığı
03/01/2025;02:00;Enerji Açığı
03/01/2025;03:00;Enerji Açığı
03/01/2025;04:00;Enerji Açığı
03/01/2025;05:00;Enerji Açığı
03/01/2025;06:00;Enerji Açığı
03/01/2025;07:00;Enerji Fazlası
03/01/2025;08:00;Enerji Açığı
03/01/2025;09:00;Enerji Açığı
03/01/2025;10:00;Enerji Açığı
03/01/2025;11:00;Enerji Açığı
03/01/2025;12:00;Enerji Açığı
03/01/2025;13:00;Enerji Fazlası
03/01/2025;14:00;Enerji Fazlası
03/01/2025;15:00;Enerji Fazlası
03/01/2025;16:00;Enerji Fazlası
03/01/2025;17:00;Enerji Açığı
03/01/2025;18:00;Enerji Açığı
03/01/2025;19:00;Enerji Açığı
03/01/2025;20:00;Enerji Açığı
03/01/2025;21:00;Enerji Açığı
03/01/2025;22:00;Enerji Fazlası
03/01/2025;23:00;Enerji Açığı
04/01/2025;00:00;Enerji Açığı
04/01/2025;01:00;Enerji Açığı
04/01/2025;02:00;Enerji Açığı
04/01/2025;03:00;Dengede
04/01/2025;04:00;Enerji Açığı
04/01/2025;05:00;Enerji Açığı
04/01/2025;06:00;Enerji Açığı
04/01/2025;07:00;Enerji Açığı
04/01/2025;08:00;Enerji Fazlası
04/01/2025;09:00;Enerji Açığı
04/01/2025;10:00;Enerji Açığı
04/01/2025;11:00;Enerji Açığı
04/01/2025;12:00;Enerji Açığı
04/01/2025;13:00;Enerji Açığı
04/01/2025;14:00;Enerji Açığı
04/01/2025;15:00;Enerji Açığı
04/01/2025;16:00;Enerji Açığı
04/01/2025;17:00;Enerji Açığı
04/01/2025;18:00;Enerji Açığı
04/01/2025;19:00;Enerji Açığı
04/01/2025;20:00;Enerji Açığı
04/01/2025;21:00;Enerji Açığı
04/01/2025;22:00;Enerji Açığı
04/01/2025;23:00;Enerji Açığı
05/01/2025;00:00;Enerji Açığı
05/01/2025;01:00;Enerji Açığı
05/01/2025;02:00;Enerji Açığı
05/01/2025;03:00;Enerji Açığı
05/01/2025;04:00;Enerji Açığı
05/01/2025;05:00;Enerji Açığı
05/01/2025;06:00;Enerji Açığı
05/01/2025;07:00;Enerji Açığı
05/01/2025;08:00;Enerji Açığı
05/01/2025;09:00;Enerji Açığı
05/01/2025;10:00;Enerji Fazlası
05/01/2025;11:00;Enerji Fazlası
05/01/2025;12:00;Enerji Fazlası
05/01/2025;13:00;Enerji Fazlası
05/01/2025;14:00;Enerji Fazlası
05/01/2025;15:00;Enerji Fazlası
05/01/2025;16:00;Enerji Fazlası
05/01/2025;17:00;Enerji Açığı
05/01/2025;18:00;Dengede
05/01/2025;19:00;Enerji Açığı
05/01/2025;20:00;Enerji Açığı
05/01/2025;21:00;Enerji Açığı
05/01/2025;22:00;Enerji Fazlası
05/01/2025;23:00;Enerji Açığı
06/01/2025;00:00;Enerji Fazlası
06/01/2025;01:00;Enerji Fazlası
06/01/2025;02:00;Enerji Fazlası
06/01/2025;03:00;Enerji Fazlası
06/01/2025;04:00;Dengede
06/01/2025;05:00;Dengede
06/01/2025;06:00;Enerji Açığı
06/01/2025;07:00;Enerji Açığı
06/01/2025;08:00;Enerji Açığı
06/01/2025;09:00;Enerji Açığı
06/01/2025;10:00;Enerji Açığı
06/01/2025;11:00;Enerji Açığı
06/01/2025;12:00;Enerji Fazlası
06/01/2025;13:00;Enerji Fazlası
06/01/2025;14:00;Enerji Fazlası
06/01/2025;15:00;Enerji Fazlası
06/01/2025;16:00;Enerji Fazlası
06/01/2025;17:00;Enerji Açığı
06/01/2025;18:00;Enerji Açığı
06/01/2025;19:00;Enerji Açığı
06/01/2025;20:00;Enerji Fazlası
06/01/2025;21:00;Enerji Fazlası
06/01/2025;22:00;Enerji Fazlası
06/01/2025;23:00;Enerji Fazlası
07/01/2025;00:00;Enerji Fazlası
07/01/2025;01:00;Enerji Fazlası
07/01/2025;02:00;Enerji Fazlası
07/01/2025;03:00;Enerji Fazlası
07/01/2025;04:00;Enerji Fazlası
07/01/2025;05:00;Enerji Fazlası
07/01/2025;06:00;Enerji Fazlası
07/01/2025;07:00;Enerji Fazlası
07/01/2025;08:00;Enerji Açığı
07/01/2025;09:00;Enerji Açığı
07/01/2025;10:00;Enerji Açığı
07/01/2025;11:00;Enerji Fazlası
07/01/2025;12:00;Enerji Fazlası
07/01/2025;13:00;Enerji Fazlası
07/01/2025;14:00;Enerji Fazlası
07/01/2025;15:00;Enerji Fazlası
07/01/2025;16:00;Enerji Fazlası
07/01/2025;17:00;Enerji Açığı
07/01/2025;18:00;Enerji Fazlası
07/01/2025;19:00;Enerji Fazlası
07/01/2025;20:00;Enerji Fazlası
07/01/2025;21:00;Enerji Açığı
07/01/2025;22:00;Enerji Fazlası
07/01/2025;23:00;Enerji Fazlası
08/01/2025;00:00;Enerji Fazlası
08/01/2025;01:00;Enerji Fazlası
08/01/2025;02:00;Enerji Açığı
08/01/2025;03:00;Dengede
08/01/2025;04:00;Enerji Açığı
08/01/2025;05:00;Enerji Açığı
08/01/2025;06:00;Enerji Açığı
08/01/2025;07:00;Enerji Açığı
08/01/2025;08:00;Enerji Açığı
08/01/2025;09:00;Enerji Açığı
08/01/2025;10:00;Enerji Açığı
08/01/2025;11:00;Enerji Fazlası
08/01/2025;12:00;Enerji Fazlası
08/01/2025;13:00;Enerji Fazlası
08/01/2025;14:00;Enerji Açığı
08/01/2025;15:00;Enerji Açığı
08/01/2025;16:00;Enerji Fazlası
08/01/2025;17:00;Enerji Açığı
08/01/2025;18:00;Enerji Açığı
08/01/2025;19:00;Enerji Açığı
08/01/2025;20:00;Dengede
08/01/2025;21:00;Enerji Açığı
08/01/2025;22:00;Enerji Fazlası
08/01/2025;23:00;Enerji Fazlası
09/01/2025;00:00;Enerji Fazlası
09/01/2025;01:00;Enerji Açığı
09/01/2025;02:00;Dengede
09/01/2025;03:00;Dengede
09/01/2025;04:00;Enerji Açığı
09/01/2025;05:00;Enerji Açığı
09/01/2025;06:00;Enerji Açığı
09/01/2025;07:00;Enerji Fazlası
09/01/2025;08:00;Enerji Açığı
09/01/2025;09:00;Enerji Açığı
09/01/2025;10:00;Enerji Açığı
09/01/2025;11:00;Enerji Fazlası
09/01/2025;12:00;Enerji Fazlası
09/01/2025;13:00;Enerji Fazlası
09/01/2025;14:00;Enerji Fazlası
09/01/2025;15:00;Enerji Fazlası
09/01/2025;16:00;Enerji Açığı
09/01/2025;17:00;Enerji Açığı
09/01/2025;18:00;Enerji Açığı
09/01/2025;19:00;Enerji Açığı
09/01/2025;20:00;Enerji Açığı
09/01/2025;21:00;Enerji Açığı
09/01/2025;22:00;Enerji Fazlası
09/01/2025;23:00;Enerji Fazlası
10/01/2025;00:00;Enerji Fazlası
10/01/2025;01:00;Enerji Fazlası
10/01/2025;02:00;Enerji Fazlası
10/01/2025;03:00;Enerji Fazlası
10/01/2025;04:00;Enerji Fazlası
10/01/2025;05:00;Dengede
10/01/2025;06:00;Enerji Fazlası
10/01/2025;07:00;Enerji Fazlası
10/01/2025;08:00;Enerji Açığı
10/01/2025;09:00;Enerji Açığı
10/01/2025;10:00;Enerji Açığı
10/01/2025;11:00;Enerji Açığı
10/01/2025;12:00;Enerji Açığı
10/01/2025;13:00;Enerji Fazlası
10/01/2025;14:00;Enerji Fazlası
10/01/2025;15:00;Enerji Fazlası
10/01/2025;16:00;Enerji Açığı
10/01/2025;17:00;Enerji Açığı
10/01/2025;18:00;Enerji Açığı
10/01/2025;19:00;Enerji Açığı
10/01/2025;20:00;Enerji Fazlası
10/01/2025;21:00;Enerji Fazlası
10/01/2025;22:00;Enerji Fazlası
10/01/2025;23:00;Enerji Fazlası
11/01/2025;00:00;Enerji Fazlası
11/01/2025;01:00;Enerji Açığı
11/01/2025;02:00;Enerji Açığı
11/01/2025;03:00;Enerji Fazlası
11/01/2025;04:00;Dengede
11/01/2025;05:00;Enerji Fazlası
11/01/2025;06:00;Dengede
11/01/2025;07:00;Enerji Açığı
11/01/2025;08:00;Enerji Açığı
11/01/2025;09:00;Enerji Açığı
11/01/2025;10:00;Enerji Fazlası
11/01/2025;11:00;Dengede
11/01/2025;12:00;Enerji Fazlası
11/01/2025;13:00;Enerji Açığı
11/01/2025;14:00;Enerji Açığı
11/01/2025;15:00;Enerji Açığı
11/01/2025;16:00;Enerji Fazlası
11/01/2025;17:00;Enerji Açığı
11/01/2025;18:00;Enerji Açığı
11/01/2025;19:00;Enerji Açığı
11/01/2025;20:00;Enerji Açığı
11/01/2025;21:00;Enerji Açığı
11/01/2025;22:00;Enerji Fazlası
11/01/2025;23:00;Enerji Fazlası
12/01/2025;00:00;Enerji Fazlası
12/01/2025;01:00;Enerji Açığı
12/01/2025;02:00;Enerji Açığı
12/01/2025;03:00;Enerji Açığı
12/01/2025;04:00;Enerji Açığı
12/01/2025;05:00;Dengede
12/01/2025;06:00;Enerji Açığı
12/01/2025;07:00;Enerji Fazlası
12/01/2025;08:00;Enerji Fazlası
12/01/2025;09:00;Enerji Fazlası
12/01/2025;10:00;Enerji Fazlası
12/01/2025;11:00;Enerji Fazlası
12/01/2025;12:00;Enerji Fazlası
12/01/2025;13:00;Enerji Fazlası
12/01/2025;14:00;Enerji Fazlası
12/01/2025;15:00;Enerji Fazlası
12/01/2025;16:00;Enerji Fazlası
12/01/2025;17:00;Enerji Fazlası
12/01/2025;18:00;Enerji Fazlası
12/01/2025;19:00;Enerji Fazlası
12/01/2025;20:00;Enerji Fazlası
12/01/2025;21:00;Enerji Fazlası
12/01/2025;22:00;Enerji Fazlası
12/01/2025;23:00;Enerji Fazlası
13/01/2025;00:00;Enerji Fazlası
13/01/2025;01:00;Enerji Fazlası
13/01/2025;02:00;Dengede
13/01/2025;03:00;Dengede
13/01/2025;04:00;Dengede
13/01/2025;05:00;Dengede
13/01/2025;06:00;Enerji Açığı
13/01/2025;07:00;Enerji Açığı
13/01/2025;08:00;Enerji Açığı
13/01/2025;09:00;Enerji Açığı
13/01/2025;10:00;Enerji Açığı
13/01/2025;11:00;Enerji Açığı
13/01/2025;12:00;Enerji Açığı
13/01/2025;13:00;Enerji Açığı
13/01/2025;14:00;Enerji Açığı
13/01/2025;15:00;Enerji Açığı
13/01/2025;16:00;Enerji Açığı
13/01/2025;17:00;Enerji Açığı
13/01/2025;18:00;Enerji Açığı
13/01/2025;19:00;Enerji Fazlası
13/01/2025;20:00;Enerji Fazlası
13/01/2025;21:00;Enerji Açığı
13/01/2025;22:00;Enerji Fazlası
13/01/2025;23:00;Enerji Fazlası
14/01/2025;00:00;Enerji Açığı
14/01/2025;01:00;Enerji Açığı
14/01/2025;02:00;Enerji Açığı
14/01/2025;03:00;Dengede
14/01/2025;04:00;Dengede
14/01/2025;05:00;Enerji Açığı
14/01/2025;06:00;Enerji Açığı
14/01/2025;07:00;Enerji Açığı
14/01/2025;08:00;Enerji Açığı
14/01/2025;09:00;Enerji Açığı
14/01/2025;10:00;Enerji Fazlası
14/01/2025;11:00;Enerji Fazlası
14/01/2025;12:00;Enerji Fazlası
14/01/2025;13:00;Enerji Fazlası
14/01/2025;14:00;Enerji Açığı
14/01/2025;15:00;Enerji Açığı
14/01/2025;16:00;Enerji Açığı
14/01/2025;17:00;Enerji Açığı
14/01/2025;18:00;Enerji Açığı
14/01/2025;19:00;Enerji Fazlası
14/01/2025;20:00;Enerji Fazlası
14/01/2025;21:00;Enerji Fazlası
14/01/2025;22:00;Enerji Fazlası
14/01/2025;23:00;Enerji Fazlası
15/01/2025;00:00;Enerji Fazlası
15/01/2025;01:00;Enerji Fazlası
15/01/2025;02:00;Enerji Fazlası
15/01/2025;03:00;Enerji Fazlası
15/01/2025;04:00;Enerji Fazlası
15/01/2025;05:00;Enerji Açığı
15/01/2025;06:00;Enerji Açığı
15/01/2025;07:00;Enerji Fazlası
15/01/2025;08:00;Enerji Açığı
15/01/2025;09:00;Enerji Açığı
15/01/2025;10:00;Enerji Açığı
15/01/2025;11:00;Enerji Açığı
15/01/2025;12:00;Enerji Fazlası
15/01/2025;13:00;Enerji Fazlası
15/01/2025;14:00;Enerji Açığı
15/01/2025;15:00;Enerji Açığı
15/01/2025;16:00;Enerji Açığı
15/01/2025;17:00;Enerji Açığı
15/01/2025;18:00;Enerji Açığı
15/01/2025;19:00;Enerji Açığı
15/01/2025;20:00;Enerji Açığı
15/01/2025;21:00;Enerji Açığı
15/01/2025;22:00;Enerji Fazlası
15/01/2025;23:00;Enerji Açığı
16/01/2025;00:00;Enerji Açığı
16/01/2025;01:00;Enerji Açığı
16/01/2025;02:00;Enerji Açığı
16/01/2025;03:00;Enerji Açığı
16/01/2025;04:00;Enerji Açığı
16/01/2025;05:00;Enerji Açığı
16/01/2025;06:00;Enerji Açığı
16/01/2025;07:00;Enerji Açığı
16/01/2025;08:00;Enerji Açığı
16/01/2025;09:00;Enerji Açığı
16/01/2025;10:00;Enerji Açığı
16/01/2025;11:00;Enerji Açığı
16/01/2025;12:00;Dengede
16/01/2025;13:00;Enerji Açığı
16/01/2025;14:00;Enerji Açığı
16/01/2025;15:00;Enerji Açığı
16/01/2025;16:00;Enerji Açığı
16/01/2025;17:00;Enerji Açığı
16/01/2025;18:00;Enerji Açığı
16/01/2025;19:00;Enerji Açığı
16/01/2025;20:00;Enerji Açığı
16/01/2025;21:00;Enerji Açığı
16/01/2025;22:00;Enerji Açığı
16/01/2025;23:00;Enerji Açığı
17/01/2025;00:00;Enerji Açığı
17/01/2025;01:00;Enerji Açığı
17/01/2025;02:00;Enerji Açığı
17/01/2025;03:00;Enerji Açığı
17/01/2025;04:00;Enerji Açığı
17/01/2025;05:00;Enerji Açığı
17/01/2025;06:00;Enerji Açığı
17/01/2025;07:00;Enerji Açığı
17/01/2025;08:00;Enerji Açığı
17/01/2025;09:00;Enerji Açığı
17/01/2025;10:00;Enerji Açığı
17/01/2025;11:00;Enerji Açığı
17/01/2025;12:00;Enerji Fazlası
17/01/2025;13:00;Enerji Fazlası
17/01/2025;14:00;Enerji Fazlası
17/01/2025;15:00;Enerji Fazlası
17/01/2025;16:00;Enerji Fazlası
17/01/2025;17:00;Enerji Açığı
17/01/2025;18:00;Enerji Açığı
17/01/2025;19:00;Enerji Açığı
17/01/2025;20:00;Enerji Açığı
17/01/2025;21:00;Enerji Açığı
17/01/2025;22:00;Enerji Açığı
17/01/2025;23:00;Enerji Açığı
18/01/2025;00:00;Enerji Açığı
18/01/2025;01:00;Enerji Açığı
18/01/2025;02:00;Enerji Fazlası
18/01/2025;03:00;Enerji Fazlası
18/01/2025;04:00;Enerji Fazlası
18/01/2025;05:00;Enerji Açığı
18/01/2025;06:00;Enerji Açığı
18/01/2025;07:00;Enerji Açığı
18/01/2025;08:00;Enerji Fazlası
18/01/2025;09:00;Enerji Fazlası
18/01/2025;10:00;Enerji Fazlası
18/01/2025;11:00;Enerji Fazlası
18/01/2025;12:00;Enerji Fazlası
18/01/2025;13:00;Enerji Fazlası
18/01/2025;14:00;Enerji Fazlası
18/01/2025;15:00;Enerji Fazlası
18/01/2025;16:00;Enerji Fazlası
18/01/2025;17:00;Enerji Fazlası
18/01/2025;18:00;Enerji Fazlası
18/01/2025;19:00;Enerji Fazlası
18/01/2025;20:00;Enerji Fazlası
18/01/2025;21:00;Dengede
18/01/2025;22:00;Dengede
18/01/2025;23:00;Enerji Fazlası
19/01/2025;00:00;Enerji Fazlası
19/01/2025;01:00;Enerji Fazlası
19/01/2025;02:00;Enerji Fazlası
19/01/2025;03:00;Enerji Fazlası
19/01/2025;04:00;Enerji Fazlası
19/01/2025;05:00;Dengede
19/01/2025;06:00;Enerji Açığı
19/01/2025;07:00;Enerji Açığı
19/01/2025;08:00;Enerji Açığı
19/01/2025;09:00;Enerji Fazlası
19/01/2025;10:00;Enerji Fazlası
19/01/2025;11:00;Enerji Fazlası
19/01/2025;12:00;Enerji Fazlası
19/01/2025;13:00;Enerji Fazlası
19/01/2025;14:00;Enerji Fazlası
19/01/2025;15:00;Enerji Fazlası
19/01/2025;16:00;Enerji Açığı
19/01/2025;17:00;Enerji Açığı
19/01/2025;18:00;Enerji Açığı
19/01/2025;19:00;Enerji Açığı
19/01/2025;20:00;Enerji Fazlası
19/01/2025;21:00;Enerji Fazlası
19/01/2025;22:00;Enerji Fazlası
19/01/2025;23:00;Enerji Fazlası
20/01/2025;00:00;Enerji Fazlası
20/01/2025;01:00;Enerji Fazlası
20/01/2025;02:00;Enerji Fazlası
20/01/2025;03:00;Enerji Fazlası
20/01/2025;04:00;Enerji Fazlası
20/01/2025;05:00;Enerji Fazlası
20/01/2025;06:00;Enerji Fazlası
20/01/2025;07:00;Enerji Fazlası
20/01/2025;08:00;Enerji Açığı
20/01/2025;09:00;Enerji Açığı
20/01/2025;10:00;Enerji Fazlası
20/01/2025;11:00;Enerji Fazlası
20/01/2025;12:00;Enerji Fazlası
20/01/2025;13:00;Enerji Fazlası
20/01/2025;14:00;Enerji Fazlası
20/01/2025;15:00;Enerji Fazlası
20/01/2025;16:00;Enerji Açığı
20/01/2025;17:00;Enerji Açığı
20/01/2025;18:00;Enerji Açığı
20/01/2025;19:00;Enerji Açığı
20/01/2025;20:00;Enerji Açığı
20/01/2025;21:00;Enerji Açığı
20/01/2025;22:00;Enerji Açığı
20/01/2025;23:00;Enerji Açığı
21/01/2025;00:00;Enerji Açığı
21/01/2025;01:00;Enerji Açığı
21/01/2025;02:00;Enerji Açığı
21/01/2025;03:00;Enerji Açığı
21/01/2025;04:00;Enerji Açığı
21/01/2025;05:00;Enerji Açığı
21/01/2025;06:00;Enerji Açığı
21/01/2025;07:00;Enerji Fazlası
21/01/2025;08:00;Enerji Açığı
21/01/2025;09:00;Enerji Fazlası
21/01/2025;10:00;Enerji Fazlası
21/01/2025;11:00;Enerji Fazlası
21/01/2025;12:00;Enerji Fazlası
21/01/2025;13:00;Enerji Fazlası
21/01/2025;14:00;Enerji Açığı
21/01/2025;15:00;Enerji Fazlası
21/01/2025;16:00;Enerji Açığı
21/01/2025;17:00;Enerji Açığı
21/01/2025;18:00;Enerji Açığı
21/01/2025;19:00;Enerji Fazlası
21/01/2025;20:00;Enerji Açığı
21/01/2025;21:00;Enerji Açığı
21/01/2025;22:00;Enerji Açığı
21/01/2025;23:00;Enerji Açığı
22/01/2025;00:00;Enerji Fazlası
22/01/2025;01:00;Enerji Fazlası
22/01/2025;02:00;Enerji Fazlası
22/01/2025;03:00;Enerji Fazlası
22/01/2025;04:00;Enerji Fazlası
22/01/2025;05:00;Enerji Fazlası
22/01/2025;06:00;Enerji Açığı
22/01/2025;07:00;Enerji Fazlası
22/01/2025;08:00;Enerji Fazlası
22/01/2025;09:00;Enerji Açığı
22/01/2025;10:00;Enerji Açığı
22/01/2025;11:00;Enerji Açığı
22/01/2025;12:00;Enerji Açığı
22/01/2025;13:00;Enerji Açığı
22/01/2025;14:00;Enerji Açığı
22/01/2025;15:00;Enerji Açığı
22/01/2025;16:00;Enerji Açığı
22/01/2025;17:00;Enerji Açığı
22/01/2025;18:00;Enerji Açığı
22/01/2025;19:00;Enerji Açığı
22/01/2025;20:00;Enerji Açığı
22/01/2025;21:00;Enerji Açığı
22/01/2025;22:00;Enerji Açığı
22/01/2025;23:00;Enerji Açığı
23/01/2025;00:00;Enerji Açığı
23/01/2025;01:00;Enerji Açığı
23/01/2025;02:00;Enerji Fazlası
23/01/2025;03:00;Enerji Fazlası
23/01/2025;04:00;Enerji Fazlası
23/01/2025;05:00;Enerji Fazlası
23/01/2025;06:00;Enerji Fazlası
23/01/2025;07:00;Enerji Açığı
23/01/2025;08:00;Enerji Açığı
23/01/2025;09:00;Enerji Açığı
23/01/2025;10:00;Enerji Açığı
23/01/2025;11:00;Enerji Açığı
23/01/2025;12:00;Enerji Açığı
23/01/2025;13:00;Enerji Açığı
23/01/2025;14:00;Enerji Açığı
23/01/2025;15:00;Enerji Açığı
23/01/2025;16:00;Enerji Açığı
23/01/2025;17:00;Enerji Açığı
23/01/2025;18:00;Enerji Açığı
23/01/2025;19:00;Enerji Açığı
23/01/2025;20:00;Enerji Açığı
23/01/2025;21:00;Enerji Açığı
23/01/2025;22:00;Enerji Fazlası
23/01/2025;23:00;Enerji Fazlası
24/01/2025;00:00;Enerji Açığı
24/01/2025;01:00;Enerji Fazlası
24/01/2025;02:00;Enerji Açığı
24/01/2025;03:00;Enerji Açığı
24/01/2025;04:00;Enerji Açığı
24/01/2025;05:00;Enerji Açığı
24/01/2025;06:00;Enerji Açığı
24/01/2025;07:00;Enerji Fazlası
24/01/2025;08:00;Enerji Açığı
24/01/2025;09:00;Enerji Açığı
24/01/2025;10:00;Enerji Açığı
24/01/2025;11:00;Enerji Açığı
24/01/2025;12:00;Enerji Açığı
24/01/2025;13:00;Enerji Açığı
24/01/2025;14:00;Enerji Açığı
24/01/2025;15:00;Enerji Açığı
24/01/2025;16:00;Enerji Fazlası
24/01/2025;17:00;Enerji Açığı
24/01/2025;18:00;Enerji Açığı
24/01/2025;19:00;Enerji Açığı
24/01/2025;20:00;Dengede
24/01/2025;21:00;Enerji Açığı
24/01/2025;22:00;Enerji Fazlası
24/01/2025;23:00;Enerji Fazlası
25/01/2025;00:00;Enerji Fazlası
25/01/2025;01:00;Enerji Fazlası
25/01/2025;02:00;Enerji Fazlası
25/01/2025;03:00;Enerji Fazlası
25/01/2025;04:00;Enerji Fazlası
25/01/2025;05:00;Enerji Fazlası
25/01/2025;06:00;Enerji Fazlası
25/01/2025;07:00;Enerji Fazlası
25/01/2025;08:00;Enerji Fazlası
25/01/2025;09:00;Enerji Fazlası
25/01/2025;10:00;Enerji Fazlası
25/01/2025;11:00;Enerji Fazlası
25/01/2025;12:00;Enerji Fazlası
25/01/2025;13:00;Enerji Fazlası
25/01/2025;14:00;Enerji Fazlası
25/01/2025;15:00;Enerji Fazlası
25/01/2025;16:00;Enerji Fazlası
25/01/2025;17:00;Enerji Açığı
25/01/2025;18:00;Enerji Açığı
25/01/2025;19:00;Enerji Açığı
25/01/2025;20:00;Enerji Açığı
25/01/2025;21:00;Enerji Açığı
25/01/2025;22:00;Enerji Açığı
25/01/2025;23:00;Enerji Açığı
26/01/2025;00:00;Enerji Açığı
26/01/2025;01:00;Enerji Açığı
26/01/2025;02:00;Enerji Açığı
26/01/2025;03:00;Enerji Açığı
26/01/2025;04:00;Dengede
26/01/2025;05:00;Dengede
26/01/2025;06:00;Enerji Açığı
26/01/2025;07:00;Enerji Açığı
26/01/2025;08:00;Enerji Fazlası
26/01/2025;09:00;Enerji Fazlası
26/01/2025;10:00;Enerji Fazlası
26/01/2025;11:00;Enerji Fazlası
26/01/2025;12:00;Enerji Fazlası
26/01/2025;13:00;Enerji Fazlası
26/01/2025;14:00;Enerji Fazlası
26/01/2025;15:00;Enerji Fazlası
26/01/2025;16:00;Enerji Fazlası
26/01/2025;17:00;Enerji Açığı
26/01/2025;18:00;Enerji Açığı
26/01/2025;19:00;Enerji Açığı
26/01/2025;20:00;Enerji Açığı
26/01/2025;21:00;Enerji Açığı
26/01/2025;22:00;Enerji Açığı
26/01/2025;23:00;Enerji Fazlası
27/01/2025;00:00;Enerji Fazlası
27/01/2025;01:00;Enerji Fazlası
27/01/2025;02:00;Enerji Fazlası
27/01/2025;03:00;Enerji Fazlası
27/01/2025;04:00;Enerji Fazlası
27/01/2025;05:00;Dengede
27/01/2025;06:00;Enerji Fazlası
27/01/2025;07:00;Enerji Fazlası
27/01/2025;08:00;Enerji Açığı
27/01/2025;09:00;Enerji Açığı
27/01/2025;10:00;Enerji Açığı
27/01/2025;11:00;Enerji Açığı
27/01/2025;12:00;Enerji Açığı
27/01/2025;13:00;Enerji Açığı
27/01/2025;14:00;Enerji Açığı
27/01/2025;15:00;Enerji Fazlası
27/01/2025;16:00;Enerji Açığı
27/01/2025;17:00;Enerji Açığı
27/01/2025;18:00;Enerji Açığı
27/01/2025;19:00;Enerji Açığı
27/01/2025;20:00;Enerji Açığı
27/01/2025;21:00;Enerji Açığı
27/01/2025;22:00;Enerji Fazlası
27/01/2025;23:00;Enerji Fazlası
28/01/2025;00:00;Enerji Fazlası
28/01/2025;01:00;Enerji Fazlası
28/01/2025;02:00;Enerji Fazlası
28/01/2025;03:00;Enerji Fazlası
28/01/2025;04:00;Enerji Fazlası
28/01/2025;05:00;Enerji Fazlası
28/01/2025;06:00;Enerji Fazlası
28/01/2025;07:00;Enerji Fazlası
28/01/2025;08:00;Enerji Açığı
28/01/2025;09:00;Enerji Fazlası
28/01/2025;10:00;Enerji Fazlası
28/01/2025;11:00;Enerji Fazlası
28/01/2025;12:00;Enerji Fazlası
28/01/2025;13:00;Enerji Fazlası
28/01/2025;14:00;Enerji Fazlası
28/01/2025;15:00;Enerji Fazlası
28/01/2025;16:00;Enerji Fazlası
28/01/2025;17:00;Enerji Fazlası
28/01/2025;18:00;Enerji Açığı
28/01/2025;19:00;Enerji Açığı
28/01/2025;20:00;Enerji Açığı
28/01/2025;21:00;Enerji Açığı
28/01/2025;22:00;Enerji Fazlası
28/01/2025;23:00;Enerji Fazlası
29/01/2025;00:00;Enerji Fazlası
29/01/2025;01:00;Enerji Açığı
29/01/2025;02:00;Enerji Açığı
29/01/2025;03:00;Enerji Açığı
29/01/2025;04:00;Dengede
29/01/2025;05:00;Dengede
29/01/2025;06:00;Enerji Açığı
29/01/2025;07:00;Enerji Açığı
29/01/2025;08:00;Enerji Açığı
29/01/2025;09:00;Enerji Fazlası
29/01/2025;10:00;Enerji Fazlası
29/01/2025;11:00;Enerji Fazlası
29/01/2025;12:00;Enerji Fazlası
29/01/2025;13:00;Enerji Fazlası
29/01/2025;14:00;Enerji Fazlası
29/01/2025;15:00;Enerji Fazlası
29/01/2025;16:00;Enerji Fazlası
29/01/2025;17:00;Enerji Açığı
29/01/2025;18:00;Enerji Açığı
29/01/2025;19:00;Enerji Açığı
29/01/2025;20:00;Enerji Açığı
29/01/2025;21:00;Enerji Açığı
29/01/2025;22:00;Enerji Açığı
29/01/2025;23:00;Enerji Açığı
30/01/2025;00:00;Enerji Açığı
30/01/2025;01:00;Enerji Açığı
30/01/2025;02:00;Dengede
30/01/2025;03:00;Enerji Açığı
30/01/2025;04:00;Dengede
30/01/2025;05:00;Dengede
30/01/2025;06:00;Enerji Açığı
30/01/2025;07:00;Enerji Açığı
30/01/2025;08:00;Enerji Açığı
30/01/2025;09:00;Enerji Açığı
30/01/2025;10:00;Enerji Fazlası
30/01/2025;11:00;Enerji Fazlası
30/01/2025;12:00;Enerji Fazlası
30/01/2025;13:00;Enerji Açığı
30/01/2025;14:00;Enerji Açığı
30/01/2025;15:00;Enerji Açığı
30/01/2025;16:00;Enerji Açığı
30/01/2025;17:00;Enerji Açığı
30/01/2025;18:00;Enerji Açığı
30/01/2025;19:00;Enerji Açığı
30/01/2025;20:00;Enerji Açığı
30/01/2025;21:00;Enerji Açığı
30/01/2025;22:00;Enerji Açığı
30/01/2025;23:00;Enerji Açığı
31/01/2025;00:00;Enerji Açığı
31/01/2025;01:00;Enerji Açığı
31/01/2025;02:00;Enerji Açığı
31/01/2025;03:00;Enerji Açığı
31/01/2025;04:00;Enerji Fazlası
31/01/2025;05:00;Enerji Açığı
31/01/2025;06:00;Enerji Açığı
31/01/2025;07:00;Enerji Açığı
31/01/2025;08:00;Enerji Açığı
31/01/2025;09:00;Enerji Açığı
31/01/2025;10:00;Enerji Fazlası
31/01/2025;11:00;Enerji Açığı
31/01/2025;12:00;Enerji Fazlası
31/01/2025;13:00;Enerji Fazlası
31/01/2025;14:00;Enerji Fazlası
31/01/2025;15:00;Enerji Fazlası
31/01/2025;16:00;Enerji Fazlası
31/01/2025;17:00;Enerji Fazlası
31/01/2025;18:00;Enerji Açığı
31/01/2025;19:00;Enerji Açığı
31/01/2025;20:00;Enerji Açığı
31/01/2025;21:00;Enerji Açığı
31/01/2025;22:00;Enerji Fazlası
31/01/2025;23:00;Enerji Fazlası
01/02/2025;00:00;Enerji Fazlası
01/02/2025;01:00;Enerji Fazlası
01/02/2025;02:00;Enerji Fazlası
01/02/2025;03:00;Enerji Fazlası
01/02/2025;04:00;Enerji Fazlası
01/02/2025;05:00;Enerji Fazlası
01/02/2025;06:00;Enerji Fazlası
01/02/2025;07:00;Enerji Fazlası
01/02/2025;08:00;Enerji Fazlası
01/02/2025;09:00;Enerji Fazlası
01/02/2025;10:00;Enerji Fazlası
01/02/2025;11:00;Enerji Fazlası
01/02/2025;12:00;Enerji Fazlası
01/02/2025;13:00;Enerji Fazlası
01/02/2025;14:00;Enerji Fazlası
01/02/2025;15:00;Enerji Fazlası
01/02/2025;16:00;Enerji Fazlası
01/02/2025;17:00;Enerji Fazlası
01/02/2025;18:00;Enerji Açığı
01/02/2025;19:00;Enerji Açığı
01/02/2025;20:00;Enerji Açığı
01/02/2025;21:00;Enerji Fazlası
01/02/2025;22:00;Enerji Fazlası
01/02/2025;23:00;Enerji Fazlası
02/02/2025;00:00;Enerji Fazlası
02/02/2025;01:00;Enerji Fazlası
02/02/2025;02:00;Enerji Fazlası
02/02/2025;03:00;Enerji Fazlası
02/02/2025;04:00;Enerji Fazlası
02/02/2025;05:00;Enerji Fazlası
02/02/2025;06:00;Enerji Fazlası
02/02/2025;07:00;Enerji Fazlası
02/02/2025;08:00;Enerji Fazlası
02/02/2025;09:00;Enerji Fazlası
02/02/2025;10:00;Enerji Fazlası
02/02/2025;11:00;Enerji Fazlası
02/02/2025;12:00;Enerji Fazlası
02/02/2025;13:00;Enerji Açığı
02/02/2025;14:00;Enerji Fazlası
02/02/2025;15:00;Enerji Fazlası
02/02/2025;16:00;Enerji Fazlası
02/02/2025;17:00;Enerji Fazlası
02/02/2025;18:00;Enerji Açığı
02/02/2025;19:00;Enerji Açığı
02/02/2025;20:00;Enerji Fazlası
02/02/2025;21:00;Enerji Fazlası
02/02/2025;22:00;Enerji Fazlası
02/02/2025;23:00;Enerji Fazlası
03/02/2025;00:00;Enerji Fazlası
03/02/2025;01:00;Enerji Fazlası
03/02/2025;02:00;Enerji Fazlası
03/02/2025;03:00;Enerji Fazlası
03/02/2025;04:00;Enerji Fazlası
03/02/2025;05:00;Enerji Fazlası
03/02/2025;06:00;Enerji Fazlası
03/02/2025;07:00;Enerji Açığı
03/02/2025;08:00;Enerji Açığı
03/02/2025;09:00;Enerji Açığı
03/02/2025;10:00;Enerji Açığı
03/02/2025;11:00;Enerji Fazlası
03/02/2025;12:00;Enerji Fazlası
03/02/2025;13:00;Enerji Fazlası
03/02/2025;14:00;Enerji Fazlası
03/02/2025;15:00;Enerji Fazlası
03/02/2025;16:00;Enerji Fazlası
03/02/2025;17:00;Enerji Açığı
03/02/2025;18:00;Enerji Açığı
03/02/2025;19:00;Enerji Açığı
03/02/2025;20:00;Enerji Açığı
03/02/2025;21:00;Enerji Açığı
03/02/2025;22:00;Enerji Fazlası
03/02/2025;23:00;Enerji Fazlası
04/02/2025;00:00;Enerji Fazlası
04/02/2025;01:00;Enerji Fazlası
04/02/2025;02:00;Enerji Fazlası
04/02/2025;03:00;Enerji Fazlası
04/02/2025;04:00;Enerji Fazlası
04/02/2025;05:00;Enerji Fazlası
04/02/2025;06:00;Enerji Açığı
04/02/2025;07:00;Enerji Açığı
04/02/2025;08:00;Enerji Açığı
04/02/2025;09:00;Enerji Açığı
04/02/2025;10:00;Enerji Fazlası
04/02/2025;11:00;Enerji Fazlası
04/02/2025;12:00;Enerji Fazlası
04/02/2025;13:00;Enerji Fazlası
04/02/2025;14:00;Enerji Açığı
04/02/2025;15:00;Enerji Açığı
04/02/2025;16:00;Enerji Açığı
04/02/2025;17:00;Enerji Açığı
04/02/2025;18:00;Enerji Açığı
04/02/2025;19:00;Dengede
04/02/2025;20:00;Enerji Açığı
04/02/2025;21:00;Enerji Açığı
04/02/2025;22:00;Enerji Açığı
04/02/2025;23:00;Enerji Fazlası
05/02/2025;00:00;Enerji Fazlası
05/02/2025;01:00;Enerji Açığı
05/02/2025;02:00;Enerji Fazlası
05/02/2025;03:00;Enerji Açığı
05/02/2025;04:00;Enerji Açığı
05/02/2025;05:00;Enerji Açığı
05/02/2025;06:00;Enerji Açığı
05/02/2025;07:00;Enerji Açığı
05/02/2025;08:00;Enerji Açığı
05/02/2025;09:00;Enerji Açığı
05/02/2025;10:00;Enerji Açığı
05/02/2025;11:00;Enerji Açığı
05/02/2025;12:00;Enerji Açığı
05/02/2025;13:00;Enerji Açığı
05/02/2025;14:00;Enerji Açığı
05/02/2025;15:00;Enerji Açığı
05/02/2025;16:00;Enerji Açığı
05/02/2025;17:00;Enerji Açığı
05/02/2025;18:00;Enerji Açığı
05/02/2025;19:00;Enerji Açığı
05/02/2025;20:00;Enerji Açığı
05/02/2025;21:00;Enerji Açığı
05/02/2025;22:00;Enerji Açığı
05/02/2025;23:00;Enerji Açığı
06/02/2025;00:00;Enerji Açığı
06/02/2025;01:00;Enerji Açığı
06/02/2025;02:00;Enerji Açığı
06/02/2025;03:00;Enerji Açığı
06/02/2025;04:00;Enerji Açığı
06/02/2025;05:00;Enerji Açığı
06/02/2025;06:00;Enerji Açığı
06/02/2025;07:00;Enerji Açığı
06/02/2025;08:00;Enerji Açığı
06/02/2025;09:00;Enerji Açığı
06/02/2025;10:00;Enerji Açığı
06/02/2025;11:00;Enerji Açığı
06/02/2025;12:00;Enerji Açığı
06/02/2025;13:00;Enerji Açığı
06/02/2025;14:00;Enerji Fazlası
06/02/2025;15:00;Enerji Fazlası
06/02/2025;16:00;Enerji Fazlası
06/02/2025;17:00;Enerji Açığı
06/02/2025;18:00;Enerji Fazlası
06/02/2025;19:00;Enerji Açığı
06/02/2025;20:00;Enerji Açığı
06/02/2025;21:00;Enerji Açığı
06/02/2025;22:00;Enerji Açığı
06/02/2025;23:00;Enerji Açığı
07/02/2025;00:00;Enerji Fazlası
07/02/2025;01:00;Enerji Açığı
07/02/2025;02:00;Enerji Açığı
07/02/2025;03:00;Enerji Açığı
07/02/2025;04:00;Enerji Açığı
07/02/2025;05:00;Enerji Açığı
07/02/2025;06:00;Enerji Açığı
07/02/2025;07:00;Enerji Açığı
07/02/2025;08:00;Enerji Açığı
07/02/2025;09:00;Enerji Açığı
07/02/2025;10:00;Enerji Açığı
07/02/2025;11:00;Enerji Açığı
07/02/2025;12:00;Enerji Açığı
07/02/2025;13:00;Enerji Fazlası
07/02/2025;14:00;Enerji Açığı
07/02/2025;15:00;Enerji Açığı
07/02/2025;16:00;Enerji Açığı
07/02/2025;17:00;Enerji Açığı
07/02/2025;18:00;Enerji Açığı
07/02/2025;19:00;Enerji Açığı
07/02/2025;20:00;Enerji Fazlası
07/02/2025;21:00;Enerji Fazlası
07/02/2025;22:00;Enerji Fazlası
07/02/2025;23:00;Enerji Fazlası
08/02/2025;00:00;Enerji Açığı
08/02/2025;01:00;Enerji Açığı
08/02/2025;02:00;Enerji Açığı
08/02/2025;03:00;Enerji Açığı
08/02/2025;04:00;Enerji Açığı
08/02/2025;05:00;Enerji Açığı
08/02/2025;06:00;Enerji Açığı
08/02/2025;07:00;Enerji Açığı
08/02/2025;08:00;Enerji Fazlası
08/02/2025;09:00;Enerji Açığı
08/02/2025;10:00;Enerji Açığı
08/02/2025;11:00;Enerji Açığı
08/02/2025;12:00;Enerji Açığı
08/02/2025;13:00;Enerji Açığı
08/02/2025;14:00;Enerji Açığı
08/02/2025;15:00;Enerji Açığı
08/02/2025;16:00;Enerji Açığı
08/02/2025;17:00;Enerji Açığı
08/02/2025;18:00;Enerji Açığı
08/02/2025;19:00;Enerji Açığı
08/02/2025;20:00;Enerji Açığı
08/02/2025;21:00;Enerji Açığı
08/02/2025;22:00;Enerji Açığı
08/02/2025;23:00;Enerji Fazlası
09/02/2025;00:00;Enerji Fazlası
09/02/2025;01:00;Enerji Açığı
09/02/2025;02:00;Enerji Açığı
09/02/2025;03:00;Dengede
09/02/2025;04:00;Enerji Açığı
09/02/2025;05:00;Enerji Açığı
09/02/2025;06:00;Enerji Açığı
09/02/2025;07:00;Enerji Açığı
09/02/2025;08:00;Enerji Açığı
09/02/2025;09:00;Enerji Açığı
09/02/2025;10:00;Dengede
09/02/2025;11:00;Enerji Açığı
09/02/2025;12:00;Enerji Açığı
09/02/2025;13:00;Enerji Açığı
09/02/2025;14:00;Enerji Açığı
09/02/2025;15:00;Enerji Açığı
09/02/2025;16:00;Enerji Açığı
09/02/2025;17:00;Enerji Açığı
09/02/2025;18:00;Enerji Açığı
09/02/2025;19:00;Enerji Açığı
09/02/2025;20:00;Enerji Açığı
09/02/2025;21:00;Enerji Açığı
09/02/2025;22:00;Enerji Açığı
09/02/2025;23:00;Enerji Fazlası
10/02/2025;00:00;Enerji Fazlası
10/02/2025;01:00;Enerji Fazlası
10/02/2025;02:00;Dengede
10/02/2025;03:00;Enerji Açığı
10/02/2025;04:00;Enerji Açığı
10/02/2025;05:00;Enerji Açığı
10/02/2025;06:00;Enerji Açığı
10/02/2025;07:00;Enerji Açığı
10/02/2025;08:00;Enerji Açığı
10/02/2025;09:00;Enerji Açığı
10/02/2025;10:00;Enerji Açığı
10/02/2025;11:00;Enerji Açığı
10/02/2025;12:00;Enerji Açığı
10/02/2025;13:00;Enerji Açığı
10/02/2025;14:00;Enerji Açığı
10/02/2025;15:00;Enerji Açığı
10/02/2025;16:00;Enerji Açığı
10/02/2025;17:00;Enerji Açığı
10/02/2025;18:00;Enerji Açığı
10/02/2025;19:00;Enerji Açığı
10/02/2025;20:00;Enerji Açığı
10/02/2025;21:00;Enerji Açığı
10/02/2025;22:00;Enerji Fazlası
10/02/2025;23:00;Enerji Fazlası
11/02/2025;00:00;Enerji Açığı
11/02/2025;01:00;Enerji Açığı
11/02/2025;02:00;Enerji Açığı
11/02/2025;03:00;Enerji Açığı
11/02/2025;04:00;Enerji Açığı
11/02/2025;05:00;Enerji Açığı
11/02/2025;06:00;Enerji Açığı
11/02/2025;07:00;Enerji Açığı
11/02/2025;08:00;Enerji Açığı
11/02/2025;09:00;Enerji Açığı
11/02/2025;10:00;Enerji Açığı
11/02/2025;11:00;Enerji Açığı
11/02/2025;12:00;Enerji Açığı
11/02/2025;13:00;Enerji Açığı
11/02/2025;14:00;Enerji Açığı
11/02/2025;15:00;Enerji Açığı
11/02/2025;16:00;Enerji Açığı
11/02/2025;17:00;Enerji Açığı
11/02/2025;18:00;Enerji Açığı
11/02/2025;19:00;Enerji Açığı
11/02/2025;20:00;Enerji Açığı
11/02/2025;21:00;Enerji Açığı
11/02/2025;22:00;Enerji Fazlası
11/02/2025;23:00;Enerji Açığı
12/02/2025;00:00;Enerji Fazlası
12/02/2025;01:00;Dengede
12/02/2025;02:00;Enerji Açığı
12/02/2025;03:00;Enerji Fazlası
12/02/2025;04:00;Enerji Fazlası
12/02/2025;05:00;Enerji Fazlası
12/02/2025;06:00;Enerji Açığı
12/02/2025;07:00;Enerji Açığı
12/02/2025;08:00;Enerji Açığı
12/02/2025;09:00;Enerji Açığı
12/02/2025;10:00;Enerji Açığı
12/02/2025;11:00;Enerji Fazlası
12/02/2025;12:00;Enerji Açığı
12/02/2025;13:00;Enerji Açığı
12/02/2025;14:00;Enerji Açığı
12/02/2025;15:00;Enerji Açığı
12/02/2025;16:00;Enerji Açığı
12/02/2025;17:00;Enerji Fazlası
12/02/2025;18:00;Enerji Fazlası
12/02/2025;19:00;Dengede
12/02/2025;20:00;Enerji Fazlası
12/02/2025;21:00;Enerji Açığı
12/02/2025;22:00;Enerji Açığı
12/02/2025;23:00;Enerji Açığı
13/02/2025;00:00;Enerji Açığı
13/02/2025;01:00;Enerji Açığı
13/02/2025;02:00;Enerji Açığı
13/02/2025;03:00;Enerji Açığı
13/02/2025;04:00;Enerji Açığı
13/02/2025;05:00;Enerji Açığı
13/02/2025;06:00;Enerji Açığı
13/02/2025;07:00;Enerji Açığı
13/02/2025;08:00;Enerji Fazlası
13/02/2025;09:00;Enerji Açığı
13/02/2025;10:00;Enerji Açığı
13/02/2025;11:00;Enerji Açığı
13/02/2025;12:00;Enerji Fazlası
13/02/2025;13:00;Enerji Fazlası
13/02/2025;14:00;Enerji Fazlası
13/02/2025;15:00;Enerji Fazlası
13/02/2025;16:00;Enerji Fazlası
13/02/2025;17:00;Dengede
13/02/2025;18:00;Enerji Fazlası
13/02/2025;19:00;Enerji Fazlası
13/02/2025;20:00;Enerji Fazlası
13/02/2025;21:00;Enerji Fazlası
13/02/2025;22:00;Enerji Fazlası
13/02/2025;23:00;Enerji Fazlası
14/02/2025;00:00;Enerji Açığı
14/02/2025;01:00;Enerji Açığı
14/02/2025;02:00;Enerji Açığı
14/02/2025;03:00;Enerji Açığı
14/02/2025;04:00;Enerji Açığı
14/02/2025;05:00;Enerji Açığı
14/02/2025;06:00;Enerji Açığı
14/02/2025;07:00;Enerji Açığı
14/02/2025;08:00;Enerji Açığı
14/02/2025;09:00;Enerji Açığı
14/02/2025;10:00;Enerji Fazlası
14/02/2025;11:00;Enerji Fazlası
14/02/2025;12:00;Enerji Açığı
14/02/2025;13:00;Enerji Fazlası
14/02/2025;14:00;Enerji Açığı
14/02/2025;15:00;Dengede
14/02/2025;16:00;Enerji Fazlası
14/02/2025;17:00;Enerji Açığı
14/02/2025;18:00;Enerji Açığı
14/02/2025;19:00;Enerji Açığı
14/02/2025;20:00;Enerji Açığı
14/02/2025;21:00;Enerji Açığı
14/02/2025;22:00;Enerji Açığı
14/02/2025;23:00;Enerji Açığı
15/02/2025;00:00;Enerji Açığı
15/02/2025;01:00;Enerji Açığı
15/02/2025;02:00;Enerji Açığı
15/02/2025;03:00;Enerji Açığı
15/02/2025;04:00;Enerji Açığı
15/02/2025;05:00;Enerji Açığı
15/02/2025;06:00;Enerji Açığı
15/02/2025;07:00;Enerji Açığı
15/02/2025;08:00;Enerji Açığı
15/02/2025;09:00;Enerji Açığı
15/02/2025;10:00;Enerji Açığı
15/02/2025;11:00;Enerji Açığı
15/02/2025;12:00;Enerji Açığı
15/02/2025;13:00;Enerji Açığı
15/02/2025;14:00;Enerji Fazlası
15/02/2025;15:00;Enerji Fazlası
15/02/2025;16:00;Enerji Fazlası
15/02/2025;17:00;Enerji Açığı
15/02/2025;18:00;Enerji Açığı
15/02/2025;19:00;Enerji Açığı
15/02/2025;20:00;Enerji Açığı
15/02/2025;21:00;Enerji Açığı
15/02/2025;22:00;Enerji Açığı
15/02/2025;23:00;Enerji Açığı
16/02/2025;00:00;Enerji Açığı
16/02/2025;01:00;Enerji Fazlası
16/02/2025;02:00;Enerji Açığı
16/02/2025;03:00;Enerji Açığı
16/02/2025;04:00;Enerji Açığı
16/02/2025;05:00;Enerji Açığı
16/02/2025;06:00;Enerji Açığı
16/02/2025;07:00;Enerji Açığı
16/02/2025;08:00;Enerji Fazlası
16/02/2025;09:00;Enerji Fazlası
16/02/2025;10:00;Enerji Fazlası
16/02/2025;11:00;Enerji Fazlası
16/02/2025;12:00;Enerji Fazlası
16/02/2025;13:00;Enerji Fazlası
16/02/2025;14:00;Enerji Fazlası
16/02/2025;15:00;Enerji Fazlası
16/02/2025;16:00;Enerji Fazlası
16/02/2025;17:00;Enerji Fazlası
16/02/2025;18:00;Enerji Fazlası
16/02/2025;19:00;Enerji Açığı
16/02/2025;20:00;Enerji Fazlası
16/02/2025;21:00;Enerji Fazlası
16/02/2025;22:00;Enerji Fazlası
16/02/2025;23:00;Enerji Fazlası
17/02/2025;00:00;Enerji Fazlası
17/02/2025;01:00;Enerji Fazlası
17/02/2025;02:00;Enerji Açığı
17/02/2025;03:00;Enerji Açığı
17/02/2025;04:00;Enerji Açığı
17/02/2025;05:00;Enerji Açığı
17/02/2025;06:00;Enerji Fazlası
17/02/2025;07:00;Enerji Açığı
17/02/2025;08:00;Enerji Açığı
17/02/2025;09:00;Enerji Fazlası
17/02/2025;10:00;Enerji Fazlası
17/02/2025;11:00;Enerji Fazlası
17/02/2025;12:00;Enerji Fazlası
17/02/2025;13:00;Enerji Fazlası
17/02/2025;14:00;Enerji Açığı
17/02/2025;15:00;Enerji Açığı
17/02/2025;16:00;Enerji Açığı
17/02/2025;17:00;Enerji Açığı
17/02/2025;18:00;Enerji Açığı
17/02/2025;19:00;Enerji Açığı
17/02/2025;20:00;Enerji Açığı
17/02/2025;21:00;Enerji Açığı
17/02/2025;22:00;Enerji Açığı
17/02/2025;23:00;Enerji Açığı
18/02/2025;00:00;Enerji Açığı
18/02/2025;01:00;Enerji Açığı
18/02/2025;02:00;Enerji Açığı
18/02/2025;03:00;Enerji Açığı
18/02/2025;04:00;Enerji Açığı
18/02/2025;05:00;Enerji Açığı
18/02/2025;06:00;Enerji Açığı
18/02/2025;07:00;Enerji Fazlası
18/02/2025;08:00;Enerji Fazlası
18/02/2025;09:00;Enerji Açığı
18/02/2025;10:00;Enerji Açığı
18/02/2025;11:00;Enerji Açığı
18/02/2025;12:00;Enerji Açığı
18/02/2025;13:00;Enerji Açığı
18/02/2025;14:00;Enerji Açığı
18/02/2025;15:00;Enerji Açığı
18/02/2025;16:00;Enerji Açığı
18/02/2025;17:00;Enerji Açığı
18/02/2025;18:00;Enerji Fazlası
18/02/2025;19:00;Enerji Fazlası
18/02/2025;20:00;Enerji Fazlası
18/02/2025;21:00;Enerji Fazlası
18/02/2025;22:00;Enerji Fazlası
18/02/2025;23:00;Enerji Fazlası
19/02/2025;00:00;Enerji Açığı
19/02/2025;01:00;Enerji Açığı
19/02/2025;02:00;Enerji Açığı
19/02/2025;03:00;Enerji Açığı
19/02/2025;04:00;Dengede
19/02/2025;05:00;Enerji Fazlası
19/02/2025;06:00;Enerji Fazlası
19/02/2025;07:00;Enerji Fazlası
19/02/2025;08:00;Enerji Fazlası
19/02/2025;09:00;Enerji Açığı
19/02/2025;10:00;Enerji Açığı
19/02/2025;11:00;Enerji Açığı
19/02/2025;12:00;Enerji Açığı
19/02/2025;13:00;Enerji Açığı
19/02/2025;14:00;Enerji Açığı
19/02/2025;15:00;Enerji Açığı
19/02/2025;16:00;Enerji Açığı
19/02/2025;17:00;Enerji Açığı
19/02/2025;18:00;Enerji Açığı
19/02/2025;19:00;Enerji Açığı
19/02/2025;20:00;Enerji Açığı
19/02/2025;21:00;Enerji Açığı
19/02/2025;22:00;Enerji Fazlası
19/02/2025;23:00;Enerji Fazlası
20/02/2025;00:00;Enerji Açığı
20/02/2025;01:00;Enerji Açığı
20/02/2025;02:00;Enerji Açığı
20/02/2025;03:00;Enerji Açığı
20/02/2025;04:00;Enerji Açığı
20/02/2025;05:00;Enerji Açığı
20/02/2025;06:00;Enerji Açığı
20/02/2025;07:00;Enerji Açığı
20/02/2025;08:00;Enerji Açığı
20/02/2025;09:00;Enerji Açığı
20/02/2025;10:00;Enerji Açığı
20/02/2025;11:00;Enerji Açığı
20/02/2025;12:00;Enerji Fazlası
20/02/2025;13:00;Enerji Fazlası
20/02/2025;14:00;Enerji Fazlası
20/02/2025;15:00;Enerji Fazlası
20/02/2025;16:00;Enerji Fazlası
20/02/2025;17:00;Enerji Fazlası
20/02/2025;18:00;Enerji Açığı
20/02/2025;19:00;Enerji Açığı
20/02/2025;20:00;Enerji Açığı
20/02/2025;21:00;Enerji Açığı
20/02/2025;22:00;Enerji Açığı
20/02/2025;23:00;Enerji Açığı
21/02/2025;00:00;Enerji Açığı
21/02/2025;01:00;Enerji Açığı
21/02/2025;02:00;Enerji Açığı
21/02/2025;03:00;Enerji Açığı
21/02/2025;04:00;Enerji Açığı
21/02/2025;05:00;Enerji Açığı
21/02/2025;06:00;Enerji Açığı
21/02/2025;07:00;Enerji Açığı
21/02/2025;08:00;Enerji Açığı
21/02/2025;09:00;Enerji Açığı
21/02/2025;10:00;Enerji Fazlası
21/02/2025;11:00;Enerji Fazlası
21/02/2025;12:00;Enerji Fazlası
21/02/2025;13:00;Enerji Fazlası
21/02/2025;14:00;Enerji Açığı
21/02/2025;15:00;Enerji Fazlası
21/02/2025;16:00;Enerji Fazlası
21/02/2025;17:00;Enerji Fazlası
21/02/2025;18:00;Enerji Fazlası
21/02/2025;19:00;Enerji Açığı
21/02/2025;20:00;Enerji Açığı
21/02/2025;21:00;Enerji Açığı
21/02/2025;22:00;Enerji Fazlası
21/02/2025;23:00;Enerji Açığı
22/02/2025;00:00;Enerji Açığı
22/02/2025;01:00;Enerji Açığı
22/02/2025;02:00;Enerji Fazlası
22/02/2025;03:00;Dengede
22/02/2025;04:00;Dengede
22/02/2025;05:00;Dengede
22/02/2025;06:00;Enerji Açığı
22/02/2025;07:00;Enerji Açığı
22/02/2025;08:00;Enerji Açığı
22/02/2025;09:00;Enerji Açığı
22/02/2025;10:00;Enerji Açığı
22/02/2025;11:00;Enerji Açığı
22/02/2025;12:00;Enerji Açığı
22/02/2025;13:00;Enerji Açığı
22/02/2025;14:00;Enerji Açığı
22/02/2025;15:00;Enerji Açığı
22/02/2025;16:00;Enerji Açığı
22/02/2025;17:00;Enerji Açığı
22/02/2025;18:00;Enerji Açığı
22/02/2025;19:00;Enerji Açığı
22/02/2025;20:00;Enerji Açığı
22/02/2025;21:00;Enerji Açığı
22/02/2025;22:00;Enerji Açığı
22/02/2025;23:00;Enerji Açığı
23/02/2025;00:00;Enerji Açığı
23/02/2025;01:00;Enerji Açığı
23/02/2025;02:00;Enerji Açığı
23/02/2025;03:00;Enerji Açığı
23/02/2025;04:00;Enerji Açığı
23/02/2025;05:00;Enerji Açığı
23/02/2025;06:00;Enerji Açığı
23/02/2025;07:00;Enerji Açığı
23/02/2025;08:00;Enerji Açığı
23/02/2025;09:00;Enerji Açığı
23/02/2025;10:00;Enerji Açığı
23/02/2025;11:00;Enerji Açığı
23/02/2025;12:00;Enerji Açığı
23/02/2025;13:00;Enerji Açığı
23/02/2025;14:00;Enerji Açığı
23/02/2025;15:00;Enerji Açığı
23/02/2025;16:00;Enerji Açığı
23/02/2025;17:00;Enerji Açığı
23/02/2025;18:00;Enerji Açığı
23/02/2025;19:00;Enerji Açığı
23/02/2025;20:00;Enerji Açığı
23/02/2025;21:00;Enerji Açığı
23/02/2025;22:00;Enerji Açığı
23/02/2025;23:00;Enerji Açığı
24/02/2025;00:00;Enerji Açığı
24/02/2025;01:00;Enerji Açığı
24/02/2025;02:00;Enerji Açığı
24/02/2025;03:00;Enerji Açığı
24/02/2025;04:00;Enerji Açığı
24/02/2025;05:00;Enerji Açığı
24/02/2025;06:00;Enerji Açığı
24/02/2025;07:00;Enerji Açığı
24/02/2025;08:00;Enerji Açığı
24/02/2025;09:00;Enerji Açığı
24/02/2025;10:00;Enerji Açığı
24/02/2025;11:00;Enerji Açığı
24/02/2025;12:00;Dengede
24/02/2025;13:00;Enerji Açığı
24/02/2025;14:00;Enerji Açığı
24/02/2025;15:00;Enerji Fazlası
24/02/2025;16:00;Enerji Fazlası
24/02/2025;17:00;Enerji Açığı
24/02/2025;18:00;Enerji Açığı
24/02/2025;19:00;Enerji Açığı
24/02/2025;20:00;Enerji Açığı
24/02/2025;21:00;Enerji Açığı
24/02/2025;22:00;Enerji Açığı
24/02/2025;23:00;Enerji Açığı
25/02/2025;00:00;Enerji Açığı
25/02/2025;01:00;Enerji Açığı
25/02/2025;02:00;Dengede
25/02/2025;03:00;Enerji Açığı
25/02/2025;04:00;Enerji Açığı
25/02/2025;05:00;Enerji Açığı
25/02/2025;06:00;Enerji Açığı
25/02/2025;07:00;Enerji Açığı
25/02/2025;08:00;Enerji Açığı
25/02/2025;09:00;Enerji Açığı
25/02/2025;10:00;Enerji Açığı
25/02/2025;11:00;Enerji Açığı
25/02/2025;12:00;Enerji Açığı
25/02/2025;13:00;Enerji Açığı
25/02/2025;14:00;Enerji Açığı
25/02/2025;15:00;Enerji Açığı
25/02/2025;16:00;Enerji Açığı
25/02/2025;17:00;Enerji Açığı
25/02/2025;18:00;Enerji Açığı
25/02/2025;19:00;Enerji Açığı
25/02/2025;20:00;Enerji Açığı
25/02/2025;21:00;Enerji Açığı
25/02/2025;22:00;Enerji Açığı
25/02/2025;23:00;Enerji Açığı
26/02/2025;00:00;Enerji Fazlası
26/02/2025;01:00;Enerji Açığı
26/02/2025;02:00;Enerji Açığı
26/02/2025;03:00;Enerji Açığı
26/02/2025;04:00;Enerji Açığı
26/02/2025;05:00;Enerji Açığı
26/02/2025;06:00;Enerji Açığı
26/02/2025;07:00;Enerji Açığı
26/02/2025;08:00;Enerji Açığı
26/02/2025;09:00;Enerji Açığı
26/02/2025;10:00;Enerji Açığı
26/02/2025;11:00;Enerji Açığı
26/02/2025;12:00;Enerji Fazlası
26/02/2025;13:00;Enerji Fazlası
26/02/2025;14:00;Enerji Fazlası
26/02/2025;15:00;Enerji Fazlası
26/02/2025;16:00;Enerji Fazlası
26/02/2025;17:00;Enerji Fazlası
26/02/2025;18:00;Enerji Açığı
26/02/2025;19:00;Enerji Açığı
26/02/2025;20:00;Enerji Açığı
26/02/2025;21:00;Enerji Açığı
26/02/2025;22:00;Enerji Açığı
26/02/2025;23:00;Enerji Açığı
27/02/2025;00:00;Enerji Açığı
27/02/2025;01:00;Enerji Açığı
27/02/2025;02:00;Enerji Fazlası
27/02/2025;03:00;Dengede
27/02/2025;04:00;Enerji Fazlası
27/02/2025;05:00;Enerji Fazlası
27/02/2025;06:00;Enerji Fazlası
27/02/2025;07:00;Enerji Açığı
27/02/2025;08:00;Enerji Açığı
27/02/2025;09:00;Enerji Fazlası
27/02/2025;10:00;Enerji Fazlası
27/02/2025;11:00;Enerji Fazlası
27/02/2025;12:00;Enerji Fazlası
27/02/2025;13:00;Enerji Fazlası
27/02/2025;14:00;Enerji Fazlası
27/02/2025;15:00;Enerji Fazlası
27/02/2025;16:00;Enerji Fazlası
27/02/2025;17:00;Enerji Fazlası
27/02/2025;18:00;Enerji Fazlası
27/02/2025;19:00;Enerji Açığı
27/02/2025;20:00;Enerji Fazlası
27/02/2025;21:00;Enerji Fazlası
27/02/2025;22:00;Dengede
27/02/2025;23:00;Enerji Açığı
28/02/2025;00:00;Enerji Fazlası
28/02/2025;01:00;Enerji Fazlası
28/02/2025;02:00;Dengede
28/02/2025;03:00;Dengede
28/02/2025;04:00;Enerji Açığı
28/02/2025;05:00;Enerji Açığı
28/02/2025;06:00;Enerji Açığı
28/02/2025;07:00;Enerji Açığı
28/02/2025;08:00;Enerji Fazlası
28/02/2025;09:00;Enerji Fazlası
28/02/2025;10:00;Enerji Fazlası
28/02/2025;11:00;Enerji Fazlası
28/02/2025;12:00;Enerji Fazlası
28/02/2025;13:00;Enerji Fazlası
28/02/2025;14:00;Enerji Fazlası
28/02/2025;15:00;Enerji Fazlası
28/02/2025;16:00;Enerji Fazlası
28/02/2025;17:00;Enerji Açığı
28/02/2025;18:00;Enerji Fazlası
28/02/2025;19:00;Enerji Fazlası
28/02/2025;20:00;Dengede
28/02/2025;21:00;Enerji Açığı
28/02/2025;22:00;Enerji Açığı
28/02/2025;23:00;Enerji Açığı
01/03/2025;00:00;Enerji Açığı
01/03/2025;01:00;Enerji Açığı
01/03/2025;02:00;Enerji Açığı
01/03/2025;03:00;Enerji Açığı
01/03/2025;04:00;Enerji Açığı
01/03/2025;05:00;Enerji Açığı
01/03/2025;06:00;Enerji Açığı
01/03/2025;07:00;Dengede
01/03/2025;08:00;Enerji Fazlası
01/03/2025;09:00;Enerji Fazlası
01/03/2025;10:00;Enerji Fazlası
01/03/2025;11:00;Enerji Fazlası
01/03/2025;12:00;Enerji Fazlası
01/03/2025;13:00;Enerji Fazlası
01/03/2025;14:00;Enerji Fazlası
01/03/2025;15:00;Enerji Fazlası
01/03/2025;16:00;Enerji Açığı
01/03/2025;17:00;Enerji Açığı
01/03/2025;18:00;Enerji Açığı
01/03/2025;19:00;Enerji Fazlası
01/03/2025;20:00;Enerji Açığı
01/03/2025;21:00;Enerji Fazlası
01/03/2025;22:00;Enerji Fazlası
01/03/2025;23:00;Enerji Fazlası
02/03/2025;00:00;Enerji Fazlası
02/03/2025;01:00;Enerji Fazlası
02/03/2025;02:00;Enerji Fazlası
02/03/2025;03:00;Dengede
02/03/2025;04:00;Enerji Açığı
02/03/2025;05:00;Enerji Açığı
02/03/2025;06:00;Enerji Açığı
02/03/2025;07:00;Enerji Fazlası
02/03/2025;08:00;Enerji Fazlası
02/03/2025;09:00;Enerji Fazlası
02/03/2025;10:00;Enerji Fazlası
02/03/2025;11:00;Enerji Fazlası
02/03/2025;12:00;Enerji Fazlası
02/03/2025;13:00;Enerji Fazlası
02/03/2025;14:00;Enerji Fazlası
02/03/2025;15:00;Enerji Açığı
02/03/2025;16:00;Enerji Açığı
02/03/2025;17:00;Enerji Açığı
02/03/2025;18:00;Enerji Açığı
02/03/2025;19:00;Enerji Açığı
02/03/2025;20:00;Enerji Açığı
02/03/2025;21:00;Enerji Fazlası
02/03/2025;22:00;Enerji Fazlası
02/03/2025;23:00;Enerji Fazlası
03/03/2025;00:00;Enerji Fazlası
03/03/2025;01:00;Enerji Fazlası
03/03/2025;02:00;Enerji Fazlası
03/03/2025;03:00;Enerji Fazlası
03/03/2025;04:00;Dengede
03/03/2025;05:00;Enerji Fazlası
03/03/2025;06:00;Enerji Fazlası
03/03/2025;07:00;Enerji Fazlası
03/03/2025;08:00;Enerji Fazlası
03/03/2025;09:00;Enerji Fazlası
03/03/2025;10:00;Enerji Fazlası
03/03/2025;11:00;Enerji Açığı
03/03/2025;12:00;Enerji Açığı
03/03/2025;13:00;Enerji Açığı
03/03/2025;14:00;Enerji Açığı
03/03/2025;15:00;Enerji Açığı
03/03/2025;16:00;Enerji Açığı
03/03/2025;17:00;Enerji Fazlası
03/03/2025;18:00;Enerji Fazlası
03/03/2025;19:00;Enerji Fazlası
03/03/2025;20:00;Enerji Açığı
03/03/2025;21:00;Enerji Açığı
03/03/2025;22:00;Enerji Fazlası
03/03/2025;23:00;Enerji Fazlası
04/03/2025;00:00;Enerji Açığı
04/03/2025;01:00;Enerji Açığı
04/03/2025;02:00;Enerji Açığı
04/03/2025;03:00;Enerji Açığı
04/03/2025;04:00;Enerji Açığı
04/03/2025;05:00;Enerji Açığı
04/03/2025;06:00;Enerji Açığı
04/03/2025;07:00;Enerji Açığı
04/03/2025;08:00;Enerji Açığı
04/03/2025;09:00;Enerji Açığı
04/03/2025;10:00;Enerji Fazlası
04/03/2025;11:00;Enerji Fazlası
04/03/2025;12:00;Enerji Fazlası
04/03/2025;13:00;Enerji Fazlası
04/03/2025;14:00;Enerji Fazlası
04/03/2025;15:00;Enerji Fazlası
04/03/2025;16:00;Enerji Fazlası
04/03/2025;17:00;Enerji Fazlası
04/03/2025;18:00;Enerji Fazlası
04/03/2025;19:00;Enerji Fazlası
04/03/2025;20:00;Enerji Açığı
04/03/2025;21:00;Enerji Açığı
04/03/2025;22:00;Enerji Açığı
04/03/2025;23:00;Enerji Açığı
05/03/2025;00:00;Enerji Açığı
05/03/2025;01:00;Enerji Açığı
05/03/2025;02:00;Enerji Açığı
05/03/2025;03:00;Enerji Açığı
05/03/2025;04:00;Enerji Açığı
05/03/2025;05:00;Enerji Açığı
05/03/2025;06:00;Enerji Açığı
05/03/2025;07:00;Enerji Açığı
05/03/2025;08:00;Enerji Fazlası
05/03/2025;09:00;Enerji Fazlası
05/03/2025;10:00;Enerji Fazlası
05/03/2025;11:00;Enerji Fazlası
05/03/2025;12:00;Enerji Fazlası
05/03/2025;13:00;Enerji Fazlası
05/03/2025;14:00;Enerji Fazlası
05/03/2025;15:00;Enerji Fazlası
05/03/2025;16:00;Enerji Fazlası
05/03/2025;17:00;Enerji Fazlası
05/03/2025;18:00;Enerji Fazlası
05/03/2025;19:00;Enerji Fazlası
05/03/2025;20:00;Enerji Açığı
05/03/2025;21:00;Enerji Açığı
05/03/2025;22:00;Enerji Açığı
05/03/2025;23:00;Enerji Açığı
06/03/2025;00:00;Enerji Açığı
06/03/2025;01:00;Enerji Açığı
06/03/2025;02:00;Enerji Açığı
06/03/2025;03:00;Enerji Açığı
06/03/2025;04:00;Enerji Açığı
06/03/2025;05:00;Enerji Açığı
06/03/2025;06:00;Enerji Fazlası
06/03/2025;07:00;Enerji Fazlası
06/03/2025;08:00;Enerji Fazlası
06/03/2025;09:00;Enerji Fazlası
06/03/2025;10:00;Enerji Fazlası
06/03/2025;11:00;Enerji Fazlası
06/03/2025;12:00;Enerji Fazlası
06/03/2025;13:00;Enerji Fazlası
06/03/2025;14:00;Enerji Fazlası
06/03/2025;15:00;Enerji Fazlası
06/03/2025;16:00;Enerji Fazlası
06/03/2025;17:00;Enerji Fazlası
06/03/2025;18:00;Enerji Fazlası
06/03/2025;19:00;Enerji Fazlası
06/03/2025;20:00;Enerji Fazlası
06/03/2025;21:00;Enerji Fazlası
06/03/2025;22:00;Enerji Fazlası
06/03/2025;23:00;Enerji Fazlası
07/03/2025;00:00;Enerji Fazlası
07/03/2025;01:00;Enerji Fazlası
07/03/2025;02:00;Dengede
07/03/2025;03:00;Enerji Açığı
07/03/2025;04:00;Enerji Fazlası
07/03/2025;05:00;Enerji Fazlası
07/03/2025;06:00;Enerji Fazlası
07/03/2025;07:00;Enerji Fazlası
07/03/2025;08:00;Enerji Fazlası
07/03/2025;09:00;Enerji Fazlası
07/03/2025;10:00;Enerji Fazlası
07/03/2025;11:00;Enerji Fazlası
07/03/2025;12:00;Enerji Fazlası
07/03/2025;13:00;Enerji Fazlası
07/03/2025;14:00;Enerji Fazlası
07/03/2025;15:00;Enerji Fazlası
07/03/2025;16:00;Enerji Fazlası
07/03/2025;17:00;Enerji Fazlası
07/03/2025;18:00;Enerji Fazlası
07/03/2025;19:00;Enerji Fazlası
07/03/2025;20:00;Enerji Fazlası
07/03/2025;21:00;Enerji Fazlası
07/03/2025;22:00;Enerji Fazlası
07/03/2025;23:00;Enerji Fazlası
08/03/2025;00:00;Enerji Fazlası
08/03/2025;01:00;Enerji Fazlası
08/03/2025;02:00;Enerji Fazlası
08/03/2025;03:00;Dengede
08/03/2025;04:00;Dengede
08/03/2025;05:00;Enerji Fazlası
08/03/2025;06:00;Enerji Açığı
08/03/2025;07:00;Enerji Fazlası
08/03/2025;08:00;Enerji Fazlası
08/03/2025;09:00;Enerji Açığı
08/03/2025;10:00;Enerji Açığı
08/03/2025;11:00;Dengede
08/03/2025;12:00;Dengede
08/03/2025;13:00;Enerji Açığı
08/03/2025;14:00;Enerji Açığı
08/03/2025;15:00;Enerji Fazlası
08/03/2025;16:00;Enerji Açığı
08/03/2025;17:00;Enerji Fazlası
08/03/2025;18:00;Enerji Açığı
08/03/2025;19:00;Enerji Açığı
08/03/2025;20:00;Enerji Açığı
08/03/2025;21:00;Enerji Açığı
08/03/2025;22:00;Enerji Açığı
08/03/2025;23:00;Enerji Fazlası
09/03/2025;00:00;Enerji Fazlası
09/03/2025;01:00;Enerji Fazlası
09/03/2025;02:00;Enerji Fazlası
09/03/2025;03:00;Enerji Açığı
09/03/2025;04:00;Enerji Açığı
09/03/2025;05:00;Enerji Fazlası
09/03/2025;06:00;Enerji Fazlası
09/03/2025;07:00;Enerji Fazlası
09/03/2025;08:00;Enerji Fazlası
09/03/2025;09:00;Enerji Fazlası
09/03/2025;10:00;Enerji Fazlası
09/03/2025;11:00;Enerji Fazlası
09/03/2025;12:00;Enerji Fazlası
09/03/2025;13:00;Enerji Fazlası
09/03/2025;14:00;Enerji Fazlası
09/03/2025;15:00;Enerji Fazlası
09/03/2025;16:00;Enerji Açığı
09/03/2025;17:00;Enerji Açığı
09/03/2025;18:00;Enerji Açığı
09/03/2025;19:00;Enerji Açığı
09/03/2025;20:00;Enerji Açığı
09/03/2025;21:00;Enerji Fazlası
09/03/2025;22:00;Enerji Fazlası
09/03/2025;23:00;Enerji Fazlası
10/03/2025;00:00;Enerji Fazlası
10/03/2025;01:00;Enerji Fazlası
10/03/2025;02:00;Enerji Fazlası
10/03/2025;03:00;Enerji Fazlası
10/03/2025;04:00;Enerji Fazlası
10/03/2025;05:00;Enerji Fazlası
10/03/2025;06:00;Enerji Fazlası
10/03/2025;07:00;Enerji Fazlası
10/03/2025;08:00;Enerji Fazlası
10/03/2025;09:00;Enerji Fazlası
10/03/2025;10:00;Enerji Fazlası
10/03/2025;11:00;Enerji Fazlası
10/03/2025;12:00;Enerji Fazlası
10/03/2025;13:00;Enerji Fazlası
10/03/2025;14:00;Enerji Fazlası
10/03/2025;15:00;Enerji Fazlası
10/03/2025;16:00;Enerji Fazlası
10/03/2025;17:00;Enerji Fazlası
10/03/2025;18:00;Enerji Fazlası
10/03/2025;19:00;Enerji Fazlası
10/03/2025;20:00;Enerji Fazlası
10/03/2025;21:00;Enerji Fazlası
10/03/2025;22:00;Enerji Fazlası
10/03/2025;23:00;Enerji Fazlası
11/03/2025;00:00;Enerji Fazlası
11/03/2025;01:00;Enerji Fazlası
11/03/2025;02:00;Enerji Fazlası
11/03/2025;03:00;Enerji Fazlası
11/03/2025;04:00;Enerji Fazlası
11/03/2025;05:00;Enerji Fazlası
11/03/2025;06:00;Enerji Fazlası
11/03/2025;07:00;Enerji Fazlası
11/03/2025;08:00;Enerji Fazlası
11/03/2025;09:00;Enerji Fazlası
11/03/2025;10:00;Enerji Fazlası
11/03/2025;11:00;Enerji Açığı
11/03/2025;12:00;Enerji Fazlası
11/03/2025;13:00;Enerji Fazlası
11/03/2025;14:00;Enerji Fazlası
11/03/2025;15:00;Enerji Açığı
11/03/2025;16:00;Enerji Açığı
11/03/2025;17:00;Enerji Fazlası
11/03/2025;18:00;Enerji Açığı
11/03/2025;19:00;Enerji Fazlası
11/03/2025;20:00;Enerji Fazlası
11/03/2025;21:00;Enerji Fazlası
11/03/2025;22:00;Enerji Fazlası
11/03/2025;23:00;Enerji Açığı
12/03/2025;00:00;Enerji Açığı
12/03/2025;01:00;Enerji Açığı
12/03/2025;02:00;Enerji Açığı
12/03/2025;03:00;Enerji Açığı
12/03/2025;04:00;Enerji Fazlası
12/03/2025;05:00;Enerji Fazlası
12/03/2025;06:00;Enerji Açığı
12/03/2025;07:00;Enerji Açığı
12/03/2025;08:00;Enerji Fazlası
12/03/2025;09:00;Enerji Fazlası
12/03/2025;10:00;Enerji Fazlası
12/03/2025;11:00;Enerji Fazlası
12/03/2025;12:00;Enerji Fazlası
12/03/2025;13:00;Enerji Fazlası
12/03/2025;14:00;Enerji Açığı
12/03/2025;15:00;Enerji Fazlası
12/03/2025;16:00;Enerji Açığı
12/03/2025;17:00;Enerji Açığı
12/03/2025;18:00;Enerji Açığı
12/03/2025;19:00;Enerji Açığı
12/03/2025;20:00;Enerji Açığı
12/03/2025;21:00;Enerji Açığı
12/03/2025;22:00;Enerji Fazlası
12/03/2025;23:00;Enerji Açığı
13/03/2025;00:00;Enerji Açığı
13/03/2025;01:00;Enerji Açığı
13/03/2025;02:00;Enerji Açığı
13/03/2025;03:00;Dengede
13/03/2025;04:00;Dengede
13/03/2025;05:00;Enerji Fazlası
13/03/2025;06:00;Enerji Fazlası
13/03/2025;07:00;Enerji Fazlası
13/03/2025;08:00;Enerji Fazlası
13/03/2025;09:00;Enerji Fazlası
13/03/2025;10:00;Enerji Fazlası
13/03/2025;11:00;Enerji Fazlası
13/03/2025;12:00;Enerji Fazlası
13/03/2025;13:00;Enerji Fazlası
13/03/2025;14:00;Enerji Fazlası
13/03/2025;15:00;Enerji Fazlası
13/03/2025;16:00;Enerji Açığı
13/03/2025;17:00;Enerji Açığı
13/03/2025;18:00;Enerji Açığı
13/03/2025;19:00;Enerji Açığı
13/03/2025;20:00;Enerji Açığı
13/03/2025;21:00;Enerji Açığı
13/03/2025;22:00;Enerji Fazlası
13/03/2025;23:00;Enerji Açığı
14/03/2025;00:00;Enerji Açığı
14/03/2025;01:00;Enerji Fazlası
14/03/2025;02:00;Enerji Fazlası
14/03/2025;03:00;Enerji Fazlası
14/03/2025;04:00;Enerji Fazlası
14/03/2025;05:00;Enerji Fazlası
14/03/2025;06:00;Enerji Fazlası
14/03/2025;07:00;Enerji Fazlası
14/03/2025;08:00;Enerji Fazlası
14/03/2025;09:00;Enerji Fazlası
14/03/2025;10:00;Enerji Fazlası
14/03/2025;11:00;Enerji Fazlası
14/03/2025;12:00;Enerji Fazlası
14/03/2025;13:00;Enerji Fazlası
14/03/2025;14:00;Enerji Fazlası
14/03/2025;15:00;Enerji Fazlası
14/03/2025;16:00;Enerji Açığı
14/03/2025;17:00;Enerji Fazlası
14/03/2025;18:00;Enerji Fazlası
14/03/2025;19:00;Enerji Fazlası
14/03/2025;20:00;Dengede
14/03/2025;21:00;Enerji Fazlası
14/03/2025;22:00;Enerji Fazlası
14/03/2025;23:00;Enerji Fazlası
15/03/2025;00:00;Enerji Açığı
15/03/2025;01:00;Enerji Fazlası
15/03/2025;02:00;Dengede
15/03/2025;03:00;Dengede
15/03/2025;04:00;Dengede
15/03/2025;05:00;Enerji Fazlası
15/03/2025;06:00;Enerji Fazlası
15/03/2025;07:00;Enerji Açığı
15/03/2025;08:00;Enerji Fazlası
15/03/2025;09:00;Enerji Fazlası
15/03/2025;10:00;Enerji Fazlası
15/03/2025;11:00;Enerji Fazlası
15/03/2025;12:00;Enerji Fazlası
15/03/2025;13:00;Enerji Fazlası
15/03/2025;14:00;Enerji Fazlası
15/03/2025;15:00;Enerji Açığı
15/03/2025;16:00;Enerji Fazlası
15/03/2025;17:00;Enerji Açığı
15/03/2025;18:00;Enerji Açığı
15/03/2025;19:00;Enerji Açığı
15/03/2025;20:00;Enerji Açığı
15/03/2025;21:00;Enerji Fazlası
15/03/2025;22:00;Enerji Fazlası
15/03/2025;23:00;Enerji Fazlası
16/03/2025;00:00;Enerji Fazlası
16/03/2025;01:00;Enerji Fazlası
16/03/2025;02:00;Dengede
16/03/2025;03:00;Enerji Fazlası
16/03/2025;04:00;Enerji Fazlası
16/03/2025;05:00;Enerji Fazlası
16/03/2025;06:00;Enerji Fazlası
16/03/2025;07:00;Enerji Fazlası
16/03/2025;08:00;Enerji Fazlası
16/03/2025;09:00;Enerji Fazlası
16/03/2025;10:00;Enerji Fazlası
16/03/2025;11:00;Enerji Fazlası
16/03/2025;12:00;Enerji Fazlası
16/03/2025;13:00;Enerji Fazlası
16/03/2025;14:00;Enerji Fazlası
16/03/2025;15:00;Enerji Fazlası
16/03/2025;16:00;Enerji Açığı
16/03/2025;17:00;Enerji Açığı
16/03/2025;18:00;Enerji Açığı
16/03/2025;19:00;Enerji Açığı
16/03/2025;20:00;Enerji Açığı
16/03/2025;21:00;Enerji Açığı
16/03/2025;22:00;Enerji Açığı
16/03/2025;23:00;Enerji Açığı
17/03/2025;00:00;Enerji Açığı
17/03/2025;01:00;Enerji Açığı
17/03/2025;02:00;Enerji Açığı
17/03/2025;03:00;Enerji Açığı
17/03/2025;04:00;Enerji Açığı
17/03/2025;05:00;Enerji Açığı
17/03/2025;06:00;Enerji Açığı
17/03/2025;07:00;Enerji Açığı
17/03/2025;08:00;Enerji Açığı
17/03/2025;09:00;Enerji Açığı
17/03/2025;10:00;Enerji Açığı
17/03/2025;11:00;Enerji Açığı
17/03/2025;12:00;Enerji Açığı
17/03/2025;13:00;Enerji Açığı
17/03/2025;14:00;Enerji Açığı
17/03/2025;15:00;Enerji Açığı
17/03/2025;16:00;Enerji Açığı
17/03/2025;17:00;Enerji Açığı
17/03/2025;18:00;Enerji Açığı
17/03/2025;19:00;Enerji Açığı
17/03/2025;20:00;Enerji Açığı
17/03/2025;21:00;Enerji Açığı
17/03/2025;22:00;Enerji Açığı
17/03/2025;23:00;Enerji Açığı
18/03/2025;00:00;Enerji Açığı
18/03/2025;01:00;Enerji Fazlası
18/03/2025;02:00;Enerji Açığı
18/03/2025;03:00;Enerji Açığı
18/03/2025;04:00;Enerji Açığı
18/03/2025;05:00;Enerji Açığı
18/03/2025;06:00;Enerji Açığı
18/03/2025;07:00;Enerji Açığı
18/03/2025;08:00;Enerji Açığı
18/03/2025;09:00;Enerji Açığı
18/03/2025;10:00;Enerji Fazlası
18/03/2025;11:00;Enerji Fazlası
18/03/2025;12:00;Enerji Fazlası
18/03/2025;13:00;Enerji Fazlası
18/03/2025;14:00;Enerji Fazlası
18/03/2025;15:00;Enerji Fazlası
18/03/2025;16:00;Enerji Fazlası
18/03/2025;17:00;Enerji Fazlası
18/03/2025;18:00;Enerji Fazlası
18/03/2025;19:00;Enerji Açığı
18/03/2025;20:00;Enerji Açığı
18/03/2025;21:00;Enerji Açığı
18/03/2025;22:00;Enerji Açığı
18/03/2025;23:00;Enerji Açığı
19/03/2025;00:00;Enerji Açığı
19/03/2025;01:00;Enerji Açığı
19/03/2025;02:00;Dengede
19/03/2025;03:00;Dengede
19/03/2025;04:00;Dengede
19/03/2025;05:00;Enerji Fazlası
19/03/2025;06:00;Enerji Açığı
19/03/2025;07:00;Enerji Fazlası
19/03/2025;08:00;Enerji Açığı
19/03/2025;09:00;Enerji Açığı
19/03/2025;10:00;Enerji Açığı
19/03/2025;11:00;Enerji Açığı
19/03/2025;12:00;Enerji Açığı
19/03/2025;13:00;Enerji Açığı
19/03/2025;14:00;Enerji Açığı
19/03/2025;15:00;Enerji Açığı
19/03/2025;16:00;Enerji Açığı
19/03/2025;17:00;Enerji Fazlası
19/03/2025;18:00;Enerji Fazlası
19/03/2025;19:00;Enerji Fazlası
19/03/2025;20:00;Enerji Açığı
19/03/2025;21:00;Enerji Açığı
19/03/2025;22:00;Enerji Açığı
19/03/2025;23:00;Enerji Açığı
20/03/2025;00:00;Enerji Açığı
20/03/2025;01:00;Enerji Açığı
20/03/2025;02:00;Enerji Açığı
20/03/2025;03:00;Enerji Açığı
20/03/2025;04:00;Enerji Açığı
20/03/2025;05:00;Enerji Açığı
20/03/2025;06:00;Enerji Açığı
20/03/2025;07:00;Enerji Açığı
20/03/2025;08:00;Enerji Açığı
20/03/2025;09:00;Enerji Açığı
20/03/2025;10:00;Enerji Açığı
20/03/2025;11:00;Enerji Açığı
20/03/2025;12:00;Enerji Açığı
20/03/2025;13:00;Enerji Açığı
20/03/2025;14:00;Enerji Açığı
20/03/2025;15:00;Enerji Açığı
20/03/2025;16:00;Enerji Açığı
20/03/2025;17:00;Enerji Açığı
20/03/2025;18:00;Enerji Açığı
20/03/2025;19:00;Enerji Açığı
20/03/2025;20:00;Enerji Açığı
20/03/2025;21:00;Enerji Açığı
20/03/2025;22:00;Enerji Açığı
20/03/2025;23:00;Enerji Açığı
21/03/2025;00:00;Enerji Açığı
21/03/2025;01:00;Enerji Açığı
21/03/2025;02:00;Enerji Açığı
21/03/2025;03:00;Enerji Açığı
21/03/2025;04:00;Enerji Açığı
21/03/2025;05:00;Enerji Açığı
21/03/2025;06:00;Enerji Açığı
21/03/2025;07:00;Enerji Açığı
21/03/2025;08:00;Enerji Açığı
21/03/2025;09:00;Enerji Açığı
21/03/2025;10:00;Enerji Açığı
21/03/2025;11:00;Enerji Açığı
21/03/2025;12:00;Enerji Açığı
21/03/2025;13:00;Enerji Açığı
21/03/2025;14:00;Enerji Açığı
21/03/2025;15:00;Enerji Açığı
21/03/2025;16:00;Enerji Açığı
21/03/2025;17:00;Enerji Fazlası
21/03/2025;18:00;Enerji Açığı
21/03/2025;19:00;Enerji Açığı
21/03/2025;20:00;Enerji Açığı
21/03/2025;21:00;Enerji Açığı
21/03/2025;22:00;Enerji Açığı
21/03/2025;23:00;Enerji Açığı
22/03/2025;00:00;Enerji Açığı
22/03/2025;01:00;Enerji Açığı
22/03/2025;02:00;Enerji Açığı
22/03/2025;03:00;Enerji Açığı
22/03/2025;04:00;Enerji Açığı
22/03/2025;05:00;Enerji Açığı
22/03/2025;06:00;Enerji Açığı
22/03/2025;07:00;Enerji Açığı
22/03/2025;08:00;Enerji Açığı
22/03/2025;09:00;Enerji Açığı
22/03/2025;10:00;Enerji Açığı
22/03/2025;11:00;Enerji Açığı
22/03/2025;12:00;Enerji Açığı
22/03/2025;13:00;Enerji Açığı
22/03/2025;14:00;Enerji Açığı
22/03/2025;15:00;Enerji Açığı
22/03/2025;16:00;Enerji Açığı
22/03/2025;17:00;Enerji Açığı
22/03/2025;18:00;Enerji Açığı
22/03/2025;19:00;Enerji Açığı
22/03/2025;20:00;Enerji Açığı
22/03/2025;21:00;Enerji Açığı
22/03/2025;22:00;Enerji Açığı
22/03/2025;23:00;Enerji Açığı
23/03/2025;00:00;Enerji Açığı
23/03/2025;01:00;Enerji Açığı
23/03/2025;02:00;Enerji Açığı
23/03/2025;03:00;Enerji Açığı
23/03/2025;04:00;Enerji Açığı
23/03/2025;05:00;Enerji Açığı
23/03/2025;06:00;Enerji Açığı
23/03/2025;07:00;Enerji Fazlası
23/03/2025;08:00;Enerji Fazlası
23/03/2025;09:00;Enerji Fazlası
23/03/2025;10:00;Enerji Fazlası
23/03/2025;11:00;Enerji Fazlası
23/03/2025;12:00;Enerji Fazlası
23/03/2025;13:00;Enerji Fazlası
23/03/2025;14:00;Enerji Fazlası
23/03/2025;15:00;Enerji Açığı
23/03/2025;16:00;Enerji Fazlası
23/03/2025;17:00;Enerji Açığı
23/03/2025;18:00;Enerji Açığı
23/03/2025;19:00;Enerji Açığı
23/03/2025;20:00;Enerji Açığı
23/03/2025;21:00;Enerji Açığı
23/03/2025;22:00;Enerji Açığı
23/03/2025;23:00;Enerji Açığı
24/03/2025;00:00;Enerji Açığı
24/03/2025;01:00;Enerji Açığı
24/03/2025;02:00;Enerji Açığı
24/03/2025;03:00;Enerji Fazlası
24/03/2025;04:00;Enerji Açığı
24/03/2025;05:00;Enerji Açığı
24/03/2025;06:00;Enerji Fazlası
24/03/2025;07:00;Enerji Fazlası
24/03/2025;08:00;Enerji Açığı
24/03/2025;09:00;Enerji Açığı
24/03/2025;10:00;Enerji Açığı
24/03/2025;11:00;Enerji Açığı
24/03/2025;12:00;Enerji Açığı
24/03/2025;13:00;Enerji Açığı
24/03/2025;14:00;Enerji Açığı
24/03/2025;15:00;Enerji Açığı
24/03/2025;16:00;Enerji Açığı
24/03/2025;17:00;Enerji Açığı
24/03/2025;18:00;Enerji Açığı
24/03/2025;19:00;Enerji Açığı
24/03/2025;20:00;Enerji Fazlası
24/03/2025;21:00;Enerji Açığı
24/03/2025;22:00;Enerji Açığı
24/03/2025;23:00;Enerji Açığı
25/03/2025;00:00;Enerji Açığı
25/03/2025;01:00;Enerji Açığı
25/03/2025;02:00;Enerji Açığı
25/03/2025;03:00;Enerji Açığı
25/03/2025;04:00;Enerji Fazlası
25/03/2025;05:00;Enerji Fazlası
25/03/2025;06:00;Enerji Fazlası
25/03/2025;07:00;Enerji Fazlası
25/03/2025;08:00;Enerji Açığı
25/03/2025;09:00;Enerji Açığı
25/03/2025;10:00;Enerji Fazlası
25/03/2025;11:00;Enerji Açığı
25/03/2025;12:00;Enerji Açığı
25/03/2025;13:00;Enerji Açığı
25/03/2025;14:00;Enerji Açığı
25/03/2025;15:00;Enerji Açığı
25/03/2025;16:00;Enerji Fazlası
25/03/2025;17:00;Enerji Açığı
25/03/2025;18:00;Enerji Açığı
25/03/2025;19:00;Enerji Açığı
25/03/2025;20:00;Enerji Açığı
25/03/2025;21:00;Enerji Açığı
25/03/2025;22:00;Enerji Fazlası
25/03/2025;23:00;Enerji Açığı
26/03/2025;00:00;Enerji Fazlası
26/03/2025;01:00;Enerji Fazlası
26/03/2025;02:00;Enerji Fazlası
26/03/2025;03:00;Enerji Fazlası
26/03/2025;04:00;Enerji Fazlası
26/03/2025;05:00;Enerji Fazlası
26/03/2025;06:00;Enerji Fazlası
26/03/2025;07:00;Enerji Açığı
26/03/2025;08:00;Enerji Açığı
26/03/2025;09:00;Enerji Açığı
26/03/2025;10:00;Enerji Açığı
26/03/2025;11:00;Enerji Açığı
26/03/2025;12:00;Enerji Açığı
26/03/2025;13:00;Enerji Açığı
26/03/2025;14:00;Enerji Fazlası
26/03/2025;15:00;Enerji Fazlası
26/03/2025;16:00;Enerji Açığı
26/03/2025;17:00;Enerji Açığı
26/03/2025;18:00;Enerji Açığı
26/03/2025;19:00;Enerji Açığı
26/03/2025;20:00;Enerji Açığı
26/03/2025;21:00;Enerji Açığı
26/03/2025;22:00;Enerji Açığı
26/03/2025;23:00;Enerji Açığı
27/03/2025;00:00;Enerji Açığı
27/03/2025;01:00;Enerji Fazlası
27/03/2025;02:00;Enerji Fazlası
27/03/2025;03:00;Enerji Fazlası
27/03/2025;04:00;Enerji Fazlası
27/03/2025;05:00;Enerji Fazlası
27/03/2025;06:00;Enerji Fazlası
27/03/2025;07:00;Enerji Fazlası
27/03/2025;08:00;Enerji Fazlası
27/03/2025;09:00;Enerji Fazlası
27/03/2025;10:00;Enerji Fazlası
27/03/2025;11:00;Enerji Fazlası
27/03/2025;12:00;Enerji Fazlası
27/03/2025;13:00;Enerji Fazlası
27/03/2025;14:00;Enerji Fazlası
27/03/2025;15:00;Enerji Fazlası
27/03/2025;16:00;Enerji Açığı
27/03/2025;17:00;Enerji Fazlası
27/03/2025;18:00;Enerji Fazlası
27/03/2025;19:00;Enerji Fazlası
27/03/2025;20:00;Enerji Fazlası
27/03/2025;21:00;Enerji Fazlası
27/03/2025;22:00;Enerji Fazlası
27/03/2025;23:00;Enerji Fazlası
28/03/2025;00:00;Enerji Fazlası
28/03/2025;01:00;Enerji Fazlası
28/03/2025;02:00;Dengede
28/03/2025;03:00;Enerji Açığı
28/03/2025;04:00;Enerji Açığı
28/03/2025;05:00;Enerji Açığı
28/03/2025;06:00;Enerji Açığı
28/03/2025;07:00;Enerji Fazlası
28/03/2025;08:00;Enerji Fazlası
28/03/2025;09:00;Enerji Fazlası
28/03/2025;10:00;Enerji Fazlası
28/03/2025;11:00;Enerji Fazlası
28/03/2025;12:00;Enerji Fazlası
28/03/2025;13:00;Enerji Fazlası
28/03/2025;14:00;Enerji Fazlası
28/03/2025;15:00;Enerji Fazlası
28/03/2025;16:00;Enerji Açığı
28/03/2025;17:00;Enerji Açığı
28/03/2025;18:00;Enerji Açığı
28/03/2025;19:00;Enerji Açığı
28/03/2025;20:00;Enerji Açığı
28/03/2025;21:00;Enerji Açığı
28/03/2025;22:00;Enerji Açığı
28/03/2025;23:00;Enerji Açığı
29/03/2025;00:00;Enerji Açığı
29/03/2025;01:00;Enerji Açığı
29/03/2025;02:00;Enerji Açığı
29/03/2025;03:00;Enerji Açığı
29/03/2025;04:00;Enerji Açığı
29/03/2025;05:00;Enerji Açığı
29/03/2025;06:00;Enerji Açığı
29/03/2025;07:00;Enerji Açığı
29/03/2025;08:00;Enerji Açığı
29/03/2025;09:00;Enerji Açığı
29/03/2025;10:00;Enerji Açığı
29/03/2025;11:00;Enerji Açığı
29/03/2025;12:00;Enerji Açığı
29/03/2025;13:00;Enerji Açığı
29/03/2025;14:00;Enerji Açığı
29/03/2025;15:00;Enerji Açığı
29/03/2025;16:00;Enerji Açığı
29/03/2025;17:00;Enerji Açığı
29/03/2025;18:00;Enerji Açığı
29/03/2025;19:00;Enerji Açığı
29/03/2025;20:00;Enerji Açığı
29/03/2025;21:00;Enerji Açığı
29/03/2025;22:00;Enerji Açığı
29/03/2025;23:00;Enerji Açığı
30/03/2025;00:00;Enerji Açığı
30/03/2025;01:00;Enerji Açığı
30/03/2025;02:00;Enerji Açığı
30/03/2025;03:00;Enerji Açığı
30/03/2025;04:00;Enerji Açığı
30/03/2025;05:00;Enerji Açığı
30/03/2025;06:00;Enerji Açığı
30/03/2025;07:00;Enerji Açığı
30/03/2025;08:00;Enerji Fazlası
30/03/2025;09:00;Enerji Fazlası
30/03/2025;10:00;Enerji Fazlası
30/03/2025;11:00;Enerji Fazlası
30/03/2025;12:00;Enerji Fazlası
30/03/2025;13:00;Enerji Fazlası
30/03/2025;14:00;Enerji Fazlası
30/03/2025;15:00;Enerji Fazlası
30/03/2025;16:00;Enerji Fazlası
30/03/2025;17:00;Enerji Fazlası
30/03/2025;18:00;Enerji Fazlası
30/03/2025;19:00;Enerji Fazlası
30/03/2025;20:00;Enerji Açığı
30/03/2025;21:00;Enerji Açığı
30/03/2025;22:00;Enerji Fazlası
30/03/2025;23:00;Enerji Fazlası
31/03/2025;00:00;Enerji Fazlası
31/03/2025;01:00;Enerji Fazlası
31/03/2025;02:00;Enerji Fazlası
31/03/2025;03:00;Enerji Fazlası
31/03/2025;04:00;Enerji Fazlası
31/03/2025;05:00;Enerji Fazlası
31/03/2025;06:00;Enerji Fazlası
31/03/2025;07:00;Enerji Fazlası
31/03/2025;08:00;Enerji Fazlası
31/03/2025;09:00;Enerji Fazlası
31/03/2025;10:00;Enerji Fazlası
31/03/2025;11:00;Enerji Fazlası
31/03/2025;12:00;Enerji Fazlası
31/03/2025;13:00;Enerji Fazlası
31/03/2025;14:00;Enerji Fazlası
31/03/2025;15:00;Enerji Fazlası
31/03/2025;16:00;Enerji Fazlası
31/03/2025;17:00;Enerji Fazlası
31/03/2025;18:00;Enerji Fazlası
31/03/2025;19:00;Enerji Fazlası
31/03/2025;20:00;Enerji Fazlası
31/03/2025;21:00;Enerji Fazlası
31/03/2025;22:00;Enerji Fazlası
31/03/2025;23:00;Enerji Fazlası
01/04/2025;00:00;Enerji Fazlası
01/04/2025;01:00;Enerji Fazlası
01/04/2025;02:00;Enerji Fazlası
01/04/2025;03:00;Enerji Fazlası
01/04/2025;04:00;Enerji Fazlası
01/04/2025;05:00;Enerji Fazlası
01/04/2025;06:00;Enerji Fazlası
01/04/2025;07:00;Enerji Fazlası
01/04/2025;08:00;Enerji Fazlası
01/04/2025;09:00;Enerji Fazlası
01/04/2025;10:00;Enerji Fazlası
01/04/2025;11:00;Enerji Fazlası
01/04/2025;12:00;Enerji Açığı
01/04/2025;13:00;Enerji Açığı
01/04/2025;14:00;Enerji Açığı
01/04/2025;15:00;Enerji Açığı
01/04/2025;16:00;Enerji Açığı
01/04/2025;17:00;Enerji Açığı
01/04/2025;18:00;Enerji Açığı
01/04/2025;19:00;Enerji Açığı
01/04/2025;20:00;Enerji Açığı
01/04/2025;21:00;Enerji Açığı
01/04/2025;22:00;Enerji Fazlası
01/04/2025;23:00;Enerji Fazlası
02/04/2025;00:00;Enerji Fazlası
02/04/2025;01:00;Enerji Fazlası
02/04/2025;02:00;Enerji Fazlası
02/04/2025;03:00;Enerji Fazlası
02/04/2025;04:00;Enerji Fazlası
02/04/2025;05:00;Enerji Fazlası
02/04/2025;06:00;Enerji Fazlası
02/04/2025;07:00;Enerji Fazlası
02/04/2025;08:00;Enerji Açığı
02/04/2025;09:00;Enerji Açığı
02/04/2025;10:00;Enerji Açığı
02/04/2025;11:00;Enerji Açığı
02/04/2025;12:00;Enerji Açığı
02/04/2025;13:00;Enerji Açığı
02/04/2025;14:00;Enerji Açığı
02/04/2025;15:00;Enerji Açığı
02/04/2025;16:00;Enerji Açığı
02/04/2025;17:00;Enerji Açığı
02/04/2025;18:00;Enerji Açığı
02/04/2025;19:00;Enerji Açığı
02/04/2025;20:00;Enerji Açığı
02/04/2025;21:00;Enerji Açığı
02/04/2025;22:00;Enerji Fazlası
02/04/2025;23:00;Enerji Fazlası
03/04/2025;00:00;Enerji Fazlası
03/04/2025;01:00;Enerji Fazlası
03/04/2025;02:00;Enerji Fazlası
03/04/2025;03:00;Enerji Fazlası
03/04/2025;04:00;Enerji Fazlası
03/04/2025;05:00;Enerji Fazlası
03/04/2025;06:00;Enerji Açığı
03/04/2025;07:00;Enerji Fazlası
03/04/2025;08:00;Enerji Açığı
03/04/2025;09:00;Enerji Açığı
03/04/2025;10:00;Enerji Açığı
03/04/2025;11:00;Enerji Açığı
03/04/2025;12:00;Enerji Açığı
03/04/2025;13:00;Enerji Açığı
03/04/2025;14:00;Enerji Açığı
03/04/2025;15:00;Enerji Fazlası
03/04/2025;16:00;Enerji Fazlası
03/04/2025;17:00;Enerji Açığı
03/04/2025;18:00;Enerji Açığı
03/04/2025;19:00;Enerji Açığı
03/04/2025;20:00;Enerji Açığı
03/04/2025;21:00;Enerji Açığı
03/04/2025;22:00;Enerji Açığı
03/04/2025;23:00;Enerji Açığı
04/04/2025;00:00;Enerji Fazlası
04/04/2025;01:00;Enerji Fazlası
04/04/2025;02:00;Enerji Fazlası
04/04/2025;03:00;Enerji Fazlası
04/04/2025;04:00;Enerji Fazlası
04/04/2025;05:00;Enerji Açığı
04/04/2025;06:00;Enerji Açığı
04/04/2025;07:00;Enerji Fazlası
04/04/2025;08:00;Enerji Fazlası
04/04/2025;09:00;Enerji Açığı
04/04/2025;10:00;Enerji Fazlası
04/04/2025;11:00;Enerji Fazlası
04/04/2025;12:00;Enerji Fazlası
04/04/2025;13:00;Enerji Fazlası
04/04/2025;14:00;Enerji Fazlası
04/04/2025;15:00;Enerji Fazlası
04/04/2025;16:00;Enerji Fazlası
04/04/2025;17:00;Enerji Açığı
04/04/2025;18:00;Enerji Açığı
04/04/2025;19:00;Enerji Açığı
04/04/2025;20:00;Enerji Açığı
04/04/2025;21:00;Enerji Açığı
04/04/2025;22:00;Enerji Açığı
04/04/2025;23:00;Enerji Fazlası
05/04/2025;00:00;Enerji Fazlası
05/04/2025;01:00;Enerji Açığı
05/04/2025;02:00;Enerji Açığı
05/04/2025;03:00;Enerji Fazlası
05/04/2025;04:00;Dengede
05/04/2025;05:00;Enerji Açığı
05/04/2025;06:00;Enerji Açığı
05/04/2025;07:00;Enerji Fazlası
05/04/2025;08:00;Enerji Fazlası
05/04/2025;09:00;Enerji Açığı
05/04/2025;10:00;Enerji Fazlası
05/04/2025;11:00;Dengede
05/04/2025;12:00;Enerji Fazlası
05/04/2025;13:00;Enerji Açığı
05/04/2025;14:00;Enerji Açığı
05/04/2025;15:00;Enerji Açığı
05/04/2025;16:00;Enerji Açığı
05/04/2025;17:00;Enerji Fazlası
05/04/2025;18:00;Enerji Fazlası
05/04/2025;19:00;Enerji Açığı
05/04/2025;20:00;Enerji Açığı
05/04/2025;21:00;Enerji Açığı
05/04/2025;22:00;Enerji Açığı
05/04/2025;23:00;Enerji Açığı
06/04/2025;00:00;Enerji Fazlası
06/04/2025;01:00;Enerji Açığı
06/04/2025;02:00;Enerji Açığı
06/04/2025;03:00;Enerji Açığı
06/04/2025;04:00;Enerji Açığı
06/04/2025;05:00;Enerji Açığı
06/04/2025;06:00;Enerji Açığı
06/04/2025;07:00;Enerji Fazlası
06/04/2025;08:00;Enerji Fazlası
06/04/2025;09:00;Enerji Fazlası
06/04/2025;10:00;Enerji Fazlası
06/04/2025;11:00;Enerji Fazlası
06/04/2025;12:00;Enerji Fazlası
06/04/2025;13:00;Enerji Fazlası
06/04/2025;14:00;Enerji Fazlası
06/04/2025;15:00;Enerji Fazlası
06/04/2025;16:00;Enerji Fazlası
06/04/2025;17:00;Enerji Açığı
06/04/2025;18:00;Enerji Açığı
06/04/2025;19:00;Enerji Açığı
06/04/2025;20:00;Enerji Açığı
06/04/2025;21:00;Enerji Açığı
06/04/2025;22:00;Enerji Açığı
06/04/2025;23:00;Enerji Açığı
07/04/2025;00:00;Enerji Fazlası
07/04/2025;01:00;Enerji Fazlası
07/04/2025;02:00;Enerji Fazlası
07/04/2025;03:00;Enerji Fazlası
07/04/2025;04:00;Enerji Fazlası
07/04/2025;05:00;Enerji Fazlası
07/04/2025;06:00;Enerji Açığı
07/04/2025;07:00;Enerji Açığı
07/04/2025;08:00;Enerji Açığı
07/04/2025;09:00;Enerji Açığı
07/04/2025;10:00;Enerji Açığı
07/04/2025;11:00;Enerji Açığı
07/04/2025;12:00;Enerji Açığı
07/04/2025;13:00;Enerji Açığı
07/04/2025;14:00;Enerji Açığı
07/04/2025;15:00;Enerji Fazlası
07/04/2025;16:00;Enerji Açığı
07/04/2025;17:00;Enerji Açığı
07/04/2025;18:00;Enerji Açığı
07/04/2025;19:00;Enerji Açığı
07/04/2025;20:00;Enerji Açığı
07/04/2025;21:00;Enerji Açığı
07/04/2025;22:00;Enerji Fazlası
07/04/2025;23:00;Enerji Fazlası
08/04/2025;00:00;Enerji Fazlası
08/04/2025;01:00;Enerji Fazlası
08/04/2025;02:00;Enerji Fazlası
08/04/2025;03:00;Enerji Fazlası
08/04/2025;04:00;Enerji Fazlası
08/04/2025;05:00;Enerji Fazlası
08/04/2025;06:00;Enerji Açığı
08/04/2025;07:00;Dengede
08/04/2025;08:00;Enerji Fazlası
08/04/2025;09:00;Enerji Fazlası
08/04/2025;10:00;Enerji Fazlası
08/04/2025;11:00;Enerji Fazlası
08/04/2025;12:00;Enerji Fazlası
08/04/2025;13:00;Enerji Açığı
08/04/2025;14:00;Enerji Açığı
08/04/2025;15:00;Enerji Açığı
08/04/2025;16:00;Enerji Açığı
08/04/2025;17:00;Enerji Açığı
08/04/2025;18:00;Enerji Açığı
08/04/2025;19:00;Enerji Açığı
08/04/2025;20:00;Enerji Açığı
08/04/2025;21:00;Enerji Açığı
08/04/2025;22:00;Enerji Açığı
08/04/2025;23:00;Enerji Açığı
09/04/2025;00:00;Enerji Açığı
09/04/2025;01:00;Enerji Açığı
09/04/2025;02:00;Enerji Açığı
09/04/2025;03:00;Enerji Açığı
09/04/2025;04:00;Enerji Açığı
09/04/2025;05:00;Enerji Açığı
09/04/2025;06:00;Enerji Açığı
09/04/2025;07:00;Enerji Açığı
09/04/2025;08:00;Enerji Açığı
09/04/2025;09:00;Enerji Açığı
09/04/2025;10:00;Enerji Açığı
09/04/2025;11:00;Enerji Açığı
09/04/2025;12:00;Enerji Açığı
09/04/2025;13:00;Enerji Açığı
09/04/2025;14:00;Enerji Açığı
09/04/2025;15:00;Enerji Açığı
09/04/2025;16:00;Enerji Açığı
09/04/2025;17:00;Enerji Açığı
09/04/2025;18:00;Enerji Açığı
09/04/2025;19:00;Enerji Açığı
09/04/2025;20:00;Enerji Açığı
09/04/2025;21:00;Enerji Açığı
09/04/2025;22:00;Enerji Açığı
09/04/2025;23:00;Enerji Açığı
10/04/2025;00:00;Enerji Açığı
10/04/2025;01:00;Enerji Açığı
10/04/2025;02:00;Enerji Açığı
10/04/2025;03:00;Enerji Açığı
10/04/2025;04:00;Enerji Açığı
10/04/2025;05:00;Enerji Açığı
10/04/2025;06:00;Enerji Fazlası
10/04/2025;07:00;Enerji Fazlası
10/04/2025;08:00;Enerji Açığı
10/04/2025;09:00;Enerji Açığı
10/04/2025;10:00;Enerji Fazlası
10/04/2025;11:00;Enerji Fazlası
10/04/2025;12:00;Enerji Fazlası
10/04/2025;13:00;Enerji Fazlası
10/04/2025;14:00;Enerji Fazlası
10/04/2025;15:00;Enerji Fazlası
10/04/2025;16:00;Enerji Fazlası
10/04/2025;17:00;Enerji Fazlası
10/04/2025;18:00;Enerji Açığı
10/04/2025;19:00;Enerji Açığı
10/04/2025;20:00;Enerji Açığı
10/04/2025;21:00;Enerji Açığı
10/04/2025;22:00;Enerji Açığı
10/04/2025;23:00;Enerji Fazlası
11/04/2025;00:00;Enerji Fazlası
11/04/2025;01:00;Enerji Fazlası
11/04/2025;02:00;Enerji Fazlası
11/04/2025;03:00;Enerji Fazlası
11/04/2025;04:00;Enerji Fazlası
11/04/2025;05:00;Enerji Fazlası
11/04/2025;06:00;Enerji Fazlası
11/04/2025;07:00;Enerji Fazlası
11/04/2025;08:00;Enerji Açığı
11/04/2025;09:00;Enerji Açığı
11/04/2025;10:00;Enerji Açığı
11/04/2025;11:00;Enerji Açığı
11/04/2025;12:00;Enerji Açığı
11/04/2025;13:00;Enerji Açığı
11/04/2025;14:00;Enerji Açığı
11/04/2025;15:00;Enerji Açığı
11/04/2025;16:00;Enerji Fazlası
11/04/2025;17:00;Enerji Açığı
11/04/2025;18:00;Enerji Açığı
11/04/2025;19:00;Enerji Açığı
11/04/2025;20:00;Enerji Açığı
11/04/2025;21:00;Enerji Açığı
11/04/2025;22:00;Enerji Açığı
11/04/2025;23:00;Enerji Açığı
12/04/2025;00:00;Enerji Açığı
12/04/2025;01:00;Enerji Açığı
12/04/2025;02:00;Enerji Açığı
12/04/2025;03:00;Enerji Açığı
12/04/2025;04:00;Enerji Açığı
12/04/2025;05:00;Enerji Açığı
12/04/2025;06:00;Enerji Açığı
12/04/2025;07:00;Enerji Açığı
12/04/2025;08:00;Enerji Açığı
12/04/2025;09:00;Enerji Açığı
12/04/2025;10:00;Enerji Açığı
12/04/2025;11:00;Enerji Açığı
12/04/2025;12:00;Enerji Açığı
12/04/2025;13:00;Enerji Açığı
12/04/2025;14:00;Enerji Açığı
12/04/2025;15:00;Enerji Açığı
12/04/2025;16:00;Enerji Açığı
12/04/2025;17:00;Enerji Açığı
12/04/2025;18:00;Enerji Açığı
12/04/2025;19:00;Enerji Açığı
12/04/2025;20:00;Enerji Açığı
12/04/2025;21:00;Enerji Açığı
12/04/2025;22:00;Enerji Açığı
12/04/2025;23:00;Enerji Açığı
13/04/2025;00:00;Enerji Açığı
13/04/2025;01:00;Enerji Fazlası
13/04/2025;02:00;Enerji Açığı
13/04/2025;03:00;Enerji Açığı
13/04/2025;04:00;Dengede
13/04/2025;05:00;Enerji Açığı
13/04/2025;06:00;Enerji Açığı
13/04/2025;07:00;Enerji Fazlası
13/04/2025;08:00;Enerji Fazlası
13/04/2025;09:00;Enerji Fazlası
13/04/2025;10:00;Enerji Fazlası
13/04/2025;11:00;Enerji Fazlası
13/04/2025;12:00;Enerji Fazlası
13/04/2025;13:00;Enerji Fazlası
13/04/2025;14:00;Enerji Fazlası
13/04/2025;15:00;Enerji Fazlası
13/04/2025;16:00;Enerji Fazlası
13/04/2025;17:00;Enerji Açığı
13/04/2025;18:00;Enerji Açığı
13/04/2025;19:00;Enerji Açığı
13/04/2025;20:00;Enerji Açığı
13/04/2025;21:00;Enerji Açığı
13/04/2025;22:00;Enerji Açığı
13/04/2025;23:00;Enerji Açığı
14/04/2025;00:00;Enerji Açığı
14/04/2025;01:00;Enerji Açığı
14/04/2025;02:00;Enerji Açığı
14/04/2025;03:00;Enerji Açığı
14/04/2025;04:00;Enerji Açığı
14/04/2025;05:00;Enerji Açığı
14/04/2025;06:00;Enerji Açığı
14/04/2025;07:00;Enerji Açığı
14/04/2025;08:00;Enerji Açığı
14/04/2025;09:00;Enerji Açığı
14/04/2025;10:00;Enerji Fazlası
14/04/2025;11:00;Enerji Fazlası
14/04/2025;12:00;Enerji Açığı
14/04/2025;13:00;Enerji Açığı
14/04/2025;14:00;Enerji Açığı
14/04/2025;15:00;Enerji Açığı
14/04/2025;16:00;Enerji Açığı
14/04/2025;17:00;Enerji Açığı
14/04/2025;18:00;Enerji Açığı
14/04/2025;19:00;Enerji Açığı
14/04/2025;20:00;Enerji Açığı
14/04/2025;21:00;Enerji Açığı
14/04/2025;22:00;Enerji Açığı
14/04/2025;23:00;Enerji Açığı
15/04/2025;00:00;Enerji Açığı
15/04/2025;01:00;Dengede
15/04/2025;02:00;Enerji Açığı
15/04/2025;03:00;Enerji Açığı
15/04/2025;04:00;Dengede
15/04/2025;05:00;Enerji Fazlası
15/04/2025;06:00;Dengede
15/04/2025;07:00;Enerji Fazlası
15/04/2025;08:00;Enerji Açığı
15/04/2025;09:00;Enerji Açığı
15/04/2025;10:00;Enerji Açığı
15/04/2025;11:00;Enerji Açığı
15/04/2025;12:00;Enerji Fazlası
15/04/2025;13:00;Enerji Fazlası
15/04/2025;14:00;Enerji Fazlası
15/04/2025;15:00;Enerji Fazlası
15/04/2025;16:00;Enerji Fazlası
15/04/2025;17:00;Enerji Fazlası
15/04/2025;18:00;Enerji Açığı
15/04/2025;19:00;Enerji Açığı
15/04/2025;20:00;Enerji Açığı
15/04/2025;21:00;Enerji Açığı
15/04/2025;22:00;Enerji Açığı
15/04/2025;23:00;Enerji Açığı
16/04/2025;00:00;Enerji Açığı
16/04/2025;01:00;Enerji Açığı
16/04/2025;02:00;Enerji Açığı
16/04/2025;03:00;Dengede
16/04/2025;04:00;Enerji Açığı
16/04/2025;05:00;Enerji Açığı
16/04/2025;06:00;Enerji Açığı
16/04/2025;07:00;Enerji Fazlası
16/04/2025;08:00;Enerji Fazlası
16/04/2025;09:00;Enerji Fazlası
16/04/2025;10:00;Enerji Fazlası
16/04/2025;11:00;Enerji Fazlası
16/04/2025;12:00;Enerji Fazlası
16/04/2025;13:00;Enerji Fazlası
16/04/2025;14:00;Enerji Fazlası
16/04/2025;15:00;Enerji Fazlası
16/04/2025;16:00;Enerji Fazlası
16/04/2025;17:00;Enerji Fazlası
16/04/2025;18:00;Enerji Açığı
16/04/2025;19:00;Enerji Açığı
16/04/2025;20:00;Enerji Açığı
16/04/2025;21:00;Enerji Açığı
16/04/2025;22:00;Enerji Açığı
16/04/2025;23:00;Enerji Açığı
17/04/2025;00:00;Enerji Fazlası
17/04/2025;01:00;Enerji Fazlası
17/04/2025;02:00;Enerji Fazlası
17/04/2025;03:00;Enerji Fazlası
17/04/2025;04:00;Enerji Fazlası
17/04/2025;05:00;Enerji Fazlası
17/04/2025;06:00;Enerji Fazlası
17/04/2025;07:00;Enerji Fazlası
17/04/2025;08:00;Enerji Fazlası
17/04/2025;09:00;Enerji Fazlası
17/04/2025;10:00;Enerji Fazlası
17/04/2025;11:00;Enerji Fazlası
17/04/2025;12:00;Enerji Fazlası
17/04/2025;13:00;Enerji Fazlası
17/04/2025;14:00;Enerji Fazlası
17/04/2025;15:00;Enerji Fazlası
17/04/2025;16:00;Enerji Fazlası
17/04/2025;17:00;Enerji Fazlası
17/04/2025;18:00;Enerji Açığı
17/04/2025;19:00;Enerji Açığı
17/04/2025;20:00;Enerji Açığı
17/04/2025;21:00;Enerji Açığı
17/04/2025;22:00;Enerji Açığı
17/04/2025;23:00;Enerji Açığı
18/04/2025;00:00;Enerji Açığı
18/04/2025;01:00;Enerji Fazlası
18/04/2025;02:00;Enerji Fazlası
18/04/2025;03:00;Enerji Fazlası
18/04/2025;04:00;Dengede
18/04/2025;05:00;Enerji Açığı
18/04/2025;06:00;Enerji Açığı
18/04/2025;07:00;Enerji Fazlası
18/04/2025;08:00;Enerji Fazlası
18/04/2025;09:00;Enerji Fazlası
18/04/2025;10:00;Enerji Fazlası
18/04/2025;11:00;Enerji Fazlası
18/04/2025;12:00;Enerji Fazlası
18/04/2025;13:00;Enerji Fazlası
18/04/2025;14:00;Enerji Açığı
18/04/2025;15:00;Enerji Fazlası
18/04/2025;16:00;Enerji Fazlası
18/04/2025;17:00;Enerji Fazlası
18/04/2025;18:00;Enerji Fazlası
18/04/2025;19:00;Enerji Açığı
18/04/2025;20:00;Enerji Açığı
18/04/2025;21:00;Enerji Açığı
18/04/2025;22:00;Enerji Açığı
18/04/2025;23:00;Enerji Fazlası
19/04/2025;00:00;Enerji Fazlası
19/04/2025;01:00;Enerji Fazlası
19/04/2025;02:00;Enerji Açığı
19/04/2025;03:00;Enerji Açığı
19/04/2025;04:00;Enerji Fazlası
19/04/2025;05:00;Enerji Fazlası
19/04/2025;06:00;Enerji Fazlası
19/04/2025;07:00;Enerji Fazlası
19/04/2025;08:00;Enerji Fazlası
19/04/2025;09:00;Enerji Açığı
19/04/2025;10:00;Enerji Açığı
19/04/2025;11:00;Enerji Açığı
19/04/2025;12:00;Enerji Açığı
19/04/2025;13:00;Enerji Açığı
19/04/2025;14:00;Enerji Açığı
19/04/2025;15:00;Enerji Açığı
19/04/2025;16:00;Enerji Fazlası
19/04/2025;17:00;Enerji Açığı
19/04/2025;18:00;Enerji Fazlası
19/04/2025;19:00;Enerji Açığı
19/04/2025;20:00;Enerji Açığı
19/04/2025;21:00;Enerji Açığı
19/04/2025;22:00;Enerji Açığı
19/04/2025;23:00;Enerji Açığı
20/04/2025;00:00;Enerji Açığı
20/04/2025;01:00;Enerji Açığı
20/04/2025;02:00;Enerji Açığı
20/04/2025;03:00;Enerji Açığı
20/04/2025;04:00;Enerji Açığı
20/04/2025;05:00;Enerji Açığı
20/04/2025;06:00;Enerji Fazlası
20/04/2025;07:00;Enerji Fazlası
20/04/2025;08:00;Enerji Fazlası
20/04/2025;09:00;Enerji Fazlası
20/04/2025;10:00;Enerji Fazlası
20/04/2025;11:00;Enerji Fazlası
20/04/2025;12:00;Enerji Fazlası
20/04/2025;13:00;Enerji Fazlası
20/04/2025;14:00;Enerji Fazlası
20/04/2025;15:00;Enerji Fazlası
20/04/2025;16:00;Enerji Fazlası
20/04/2025;17:00;Enerji Fazlası
20/04/2025;18:00;Enerji Açığı
20/04/2025;19:00;Enerji Açığı
20/04/2025;20:00;Enerji Açığı
20/04/2025;21:00;Enerji Açığı
20/04/2025;22:00;Enerji Açığı
20/04/2025;23:00;Enerji Açığı
21/04/2025;00:00;Enerji Fazlası
21/04/2025;01:00;Enerji Açığı
21/04/2025;02:00;Enerji Açığı
21/04/2025;03:00;Enerji Açığı
21/04/2025;04:00;Enerji Açığı
21/04/2025;05:00;Enerji Açığı
21/04/2025;06:00;Enerji Fazlası
21/04/2025;07:00;Enerji Fazlası
21/04/2025;08:00;Enerji Fazlası
21/04/2025;09:00;Enerji Fazlası
21/04/2025;10:00;Enerji Fazlası
21/04/2025;11:00;Enerji Fazlası
21/04/2025;12:00;Enerji Fazlası
21/04/2025;13:00;Enerji Fazlası
21/04/2025;14:00;Enerji Fazlası
21/04/2025;15:00;Enerji Fazlası
21/04/2025;16:00;Enerji Açığı
21/04/2025;17:00;Enerji Açığı
21/04/2025;18:00;Enerji Açığı
21/04/2025;19:00;Enerji Açığı
21/04/2025;20:00;Enerji Açığı
21/04/2025;21:00;Enerji Açığı
21/04/2025;22:00;Enerji Açığı
21/04/2025;23:00;Enerji Fazlası
22/04/2025;00:00;Enerji Fazlası
22/04/2025;01:00;Enerji Açığı
22/04/2025;02:00;Dengede
22/04/2025;03:00;Dengede
22/04/2025;04:00;Enerji Fazlası
22/04/2025;05:00;Dengede
22/04/2025;06:00;Enerji Açığı
22/04/2025;07:00;Enerji Açığı
22/04/2025;08:00;Enerji Açığı
22/04/2025;09:00;Enerji Açığı
22/04/2025;10:00;Enerji Fazlası
22/04/2025;11:00;Enerji Fazlası
22/04/2025;12:00;Enerji Fazlası
22/04/2025;13:00;Enerji Açığı
22/04/2025;14:00;Enerji Açığı
22/04/2025;15:00;Enerji Açığı
22/04/2025;16:00;Enerji Açığı
22/04/2025;17:00;Enerji Açığı
22/04/2025;18:00;Enerji Açığı
22/04/2025;19:00;Enerji Açığı
22/04/2025;20:00;Enerji Açığı
22/04/2025;21:00;Enerji Açığı
22/04/2025;22:00;Enerji Açığı
22/04/2025;23:00;Enerji Açığı
23/04/2025;00:00;Enerji Açığı
23/04/2025;01:00;Enerji Açığı
23/04/2025;02:00;Enerji Açığı
23/04/2025;03:00;Enerji Açığı
23/04/2025;04:00;Enerji Açığı
23/04/2025;05:00;Enerji Açığı
23/04/2025;06:00;Enerji Fazlası
23/04/2025;07:00;Enerji Fazlası
23/04/2025;08:00;Enerji Fazlası
23/04/2025;09:00;Enerji Fazlası
23/04/2025;10:00;Enerji Fazlası
23/04/2025;11:00;Enerji Fazlası
23/04/2025;12:00;Enerji Fazlası
23/04/2025;13:00;Enerji Fazlası
23/04/2025;14:00;Enerji Fazlası
23/04/2025;15:00;Enerji Fazlası
23/04/2025;16:00;Enerji Fazlası
23/04/2025;17:00;Enerji Fazlası
23/04/2025;18:00;Enerji Fazlası
23/04/2025;19:00;Enerji Fazlası
23/04/2025;20:00;Enerji Açığı
23/04/2025;21:00;Dengede
23/04/2025;22:00;Enerji Fazlası
23/04/2025;23:00;Enerji Fazlası
24/04/2025;00:00;Enerji Fazlası
24/04/2025;01:00;Enerji Fazlası
24/04/2025;02:00;Enerji Fazlası
24/04/2025;03:00;Enerji Fazlası
24/04/2025;04:00;Enerji Fazlası
24/04/2025;05:00;Enerji Fazlası
24/04/2025;06:00;Enerji Fazlası
24/04/2025;07:00;Enerji Fazlası
24/04/2025;08:00;Enerji Açığı
24/04/2025;09:00;Enerji Açığı
24/04/2025;10:00;Enerji Fazlası
24/04/2025;11:00;Enerji Açığı
24/04/2025;12:00;Enerji Açığı
24/04/2025;13:00;Enerji Açığı
24/04/2025;14:00;Enerji Açığı
24/04/2025;15:00;Enerji Açığı
24/04/2025;16:00;Enerji Açığı
24/04/2025;17:00;Enerji Açığı
24/04/2025;18:00;Enerji Açığı
24/04/2025;19:00;Enerji Açığı
24/04/2025;20:00;Enerji Açığı
24/04/2025;21:00;Enerji Açığı
24/04/2025;22:00;Enerji Açığı
24/04/2025;23:00;Enerji Açığı
25/04/2025;00:00;Enerji Açığı
25/04/2025;01:00;Enerji Açığı
25/04/2025;02:00;Enerji Fazlası
25/04/2025;03:00;Enerji Açığı
25/04/2025;04:00;Enerji Açığı
25/04/2025;05:00;Enerji Açığı
25/04/2025;06:00;Enerji Fazlası
25/04/2025;07:00;Enerji Açığı
25/04/2025;08:00;Enerji Açığı
25/04/2025;09:00;Enerji Açığı
25/04/2025;10:00;Enerji Açığı
25/04/2025;11:00;Enerji Açığı
25/04/2025;12:00;Enerji Açığı
25/04/2025;13:00;Enerji Açığı
25/04/2025;14:00;Enerji Açığı
25/04/2025;15:00;Enerji Fazlası
25/04/2025;16:00;Enerji Fazlası
25/04/2025;17:00;Enerji Açığı
25/04/2025;18:00;Enerji Açığı
25/04/2025;19:00;Enerji Açığı
25/04/2025;20:00;Enerji Açığı
25/04/2025;21:00;Enerji Açığı
25/04/2025;22:00;Enerji Açığı
25/04/2025;23:00;Enerji Açığı
26/04/2025;00:00;Enerji Açığı
26/04/2025;01:00;Enerji Açığı
26/04/2025;02:00;Enerji Açığı
26/04/2025;03:00;Enerji Açığı
26/04/2025;04:00;Enerji Açığı
26/04/2025;05:00;Enerji Açığı
26/04/2025;06:00;Enerji Açığı
26/04/2025;07:00;Enerji Açığı
26/04/2025;08:00;Enerji Açığı
26/04/2025;09:00;Enerji Açığı
26/04/2025;10:00;Enerji Açığı
26/04/2025;11:00;Enerji Açığı
26/04/2025;12:00;Enerji Açığı
26/04/2025;13:00;Enerji Açığı
26/04/2025;14:00;Enerji Açığı
26/04/2025;15:00;Enerji Fazlası
26/04/2025;16:00;Enerji Fazlası
26/04/2025;17:00;Enerji Açığı
26/04/2025;18:00;Enerji Açığı
26/04/2025;19:00;Enerji Açığı
26/04/2025;20:00;Enerji Açığı
26/04/2025;21:00;Enerji Açığı
26/04/2025;22:00;Enerji Açığı
26/04/2025;23:00;Enerji Açığı
27/04/2025;00:00;Enerji Fazlası
27/04/2025;01:00;Enerji Fazlası
27/04/2025;02:00;Enerji Fazlası
27/04/2025;03:00;Enerji Fazlası
27/04/2025;04:00;Enerji Fazlası
27/04/2025;05:00;Enerji Fazlası
27/04/2025;06:00;Enerji Fazlası
27/04/2025;07:00;Enerji Fazlası
27/04/2025;08:00;Enerji Fazlası
27/04/2025;09:00;Enerji Fazlası
27/04/2025;10:00;Enerji Fazlası
27/04/2025;11:00;Enerji Fazlası
27/04/2025;12:00;Enerji Fazlası
27/04/2025;13:00;Enerji Fazlası
27/04/2025;14:00;Enerji Fazlası
27/04/2025;15:00;Enerji Fazlası
27/04/2025;16:00;Enerji Fazlası
27/04/2025;17:00;Enerji Fazlası
27/04/2025;18:00;Enerji Fazlası
27/04/2025;19:00;Enerji Açığı
27/04/2025;20:00;Enerji Açığı
27/04/2025;21:00;Enerji Fazlası
27/04/2025;22:00;Enerji Fazlası
27/04/2025;23:00;Enerji Fazlası
28/04/2025;00:00;Enerji Fazlası
28/04/2025;01:00;Enerji Fazlası
28/04/2025;02:00;Enerji Açığı
28/04/2025;03:00;Enerji Fazlası
28/04/2025;04:00;Enerji Fazlası
28/04/2025;05:00;Enerji Fazlası
28/04/2025;06:00;Enerji Fazlası
28/04/2025;07:00;Enerji Fazlası
28/04/2025;08:00;Enerji Fazlası
28/04/2025;09:00;Enerji Fazlası
28/04/2025;10:00;Enerji Fazlası
28/04/2025;11:00;Enerji Fazlası
28/04/2025;12:00;Enerji Fazlası
28/04/2025;13:00;Enerji Fazlası
28/04/2025;14:00;Enerji Fazlası
28/04/2025;15:00;Enerji Fazlası
28/04/2025;16:00;Enerji Fazlası
28/04/2025;17:00;Enerji Fazlası
28/04/2025;18:00;Enerji Açığı
28/04/2025;19:00;Enerji Açığı
28/04/2025;20:00;Enerji Açığı
28/04/2025;21:00;Enerji Açığı
28/04/2025;22:00;Enerji Açığı
28/04/2025;23:00;Enerji Fazlası
29/04/2025;00:00;Enerji Fazlası
29/04/2025;01:00;Enerji Açığı
29/04/2025;02:00;Enerji Açığı
29/04/2025;03:00;Enerji Açığı
29/04/2025;04:00;Enerji Açığı
29/04/2025;05:00;Enerji Açığı
29/04/2025;06:00;Enerji Fazlası
29/04/2025;07:00;Enerji Açığı
29/04/2025;08:00;Enerji Açığı
29/04/2025;09:00;Enerji Açığı
29/04/2025;10:00;Enerji Açığı
29/04/2025;11:00;Enerji Açığı
29/04/2025;12:00;Enerji Açığı
29/04/2025;13:00;Enerji Fazlası
29/04/2025;14:00;Enerji Açığı
29/04/2025;15:00;Enerji Açığı
29/04/2025;16:00;Enerji Açığı
29/04/2025;17:00;Enerji Açığı
29/04/2025;18:00;Enerji Açığı
29/04/2025;19:00;Enerji Açığı
29/04/2025;20:00;Enerji Açığı
29/04/2025;21:00;Enerji Açığı
29/04/2025;22:00;Enerji Açığı
29/04/2025;23:00;Enerji Açığı
30/04/2025;00:00;Enerji Açığı
30/04/2025;01:00;Enerji Açığı
30/04/2025;02:00;Enerji Açığı
30/04/2025;03:00;Enerji Fazlası
30/04/2025;04:00;Enerji Fazlası
30/04/2025;05:00;Enerji Fazlası
30/04/2025;06:00;Enerji Fazlası
30/04/2025;07:00;Enerji Açığı
30/04/2025;08:00;Enerji Açığı
30/04/2025;09:00;Enerji Açığı
30/04/2025;10:00;Enerji Açığı
30/04/2025;11:00;Enerji Fazlası
30/04/2025;12:00;Enerji Fazlası
30/04/2025;13:00;Enerji Fazlası
30/04/2025;14:00;Enerji Fazlası
30/04/2025;15:00;Enerji Açığı
30/04/2025;16:00;Enerji Açığı
30/04/2025;17:00;Enerji Açığı
30/04/2025;18:00;Enerji Fazlası
30/04/2025;19:00;Enerji Fazlası
30/04/2025;20:00;Enerji Açığı
30/04/2025;21:00;Enerji Fazlası
30/04/2025;22:00;Enerji Fazlası
30/04/2025;23:00;Enerji Fazlası
01/05/2025;00:00;Enerji Fazlası
01/05/2025;01:00;Enerji Açığı
01/05/2025;02:00;Enerji Açığı
01/05/2025;03:00;Dengede
01/05/2025;04:00;Dengede
01/05/2025;05:00;Enerji Fazlası
01/05/2025;06:00;Enerji Fazlası
01/05/2025;07:00;Enerji Fazlası
01/05/2025;08:00;Enerji Fazlası
01/05/2025;09:00;Enerji Fazlası
01/05/2025;10:00;Enerji Fazlası
01/05/2025;11:00;Enerji Fazlası
01/05/2025;12:00;Enerji Fazlası
01/05/2025;13:00;Enerji Fazlası
01/05/2025;14:00;Enerji Fazlası
01/05/2025;15:00;Enerji Fazlası
01/05/2025;16:00;Enerji Fazlası
01/05/2025;17:00;Enerji Fazlası
01/05/2025;18:00;Enerji Fazlası
01/05/2025;19:00;Enerji Açığı
01/05/2025;20:00;Enerji Açığı
01/05/2025;21:00;Enerji Açığı
01/05/2025;22:00;Enerji Fazlası
01/05/2025;23:00;Enerji Fazlası
02/05/2025;00:00;Enerji Fazlası
02/05/2025;01:00;Enerji Fazlası
02/05/2025;02:00;Enerji Fazlası
02/05/2025;03:00;Enerji Fazlası
02/05/2025;04:00;Enerji Fazlası
02/05/2025;05:00;Enerji Fazlası
02/05/2025;06:00;Enerji Fazlası
02/05/2025;07:00;Enerji Fazlası
02/05/2025;08:00;Enerji Açığı
02/05/2025;09:00;Enerji Açığı
02/05/2025;10:00;Enerji Açığı
02/05/2025;11:00;Enerji Açığı
02/05/2025;12:00;Enerji Açığı
02/05/2025;13:00;Enerji Fazlası
02/05/2025;14:00;Enerji Açığı
02/05/2025;15:00;Enerji Açığı
02/05/2025;16:00;Enerji Açığı
02/05/2025;17:00;Enerji Açığı
02/05/2025;18:00;Enerji Açığı
02/05/2025;19:00;Enerji Açığı
02/05/2025;20:00;Enerji Açığı
02/05/2025;21:00;Enerji Açığı
02/05/2025;22:00;Enerji Açığı
02/05/2025;23:00;Enerji Açığı
03/05/2025;00:00;Enerji Açığı
03/05/2025;01:00;Enerji Açığı
03/05/2025;02:00;Enerji Açığı
03/05/2025;03:00;Enerji Açığı
03/05/2025;04:00;Enerji Açığı
03/05/2025;05:00;Enerji Açığı
03/05/2025;06:00;Enerji Açığı
03/05/2025;07:00;Enerji Fazlası
03/05/2025;08:00;Enerji Açığı
03/05/2025;09:00;Enerji Fazlası
03/05/2025;10:00;Enerji Fazlası
03/05/2025;11:00;Enerji Fazlası
03/05/2025;12:00;Enerji Fazlası
03/05/2025;13:00;Enerji Fazlası
03/05/2025;14:00;Enerji Fazlası
03/05/2025;15:00;Enerji Fazlası
03/05/2025;16:00;Enerji Fazlası
03/05/2025;17:00;Enerji Açığı
03/05/2025;18:00;Enerji Fazlası
03/05/2025;19:00;Enerji Açığı
03/05/2025;20:00;Enerji Açığı
03/05/2025;21:00;Enerji Açığı
03/05/2025;22:00;Enerji Açığı
03/05/2025;23:00;Enerji Açığı
04/05/2025;00:00;Enerji Açığı
04/05/2025;01:00;Enerji Açığı
04/05/2025;02:00;Enerji Açığı
04/05/2025;03:00;Enerji Fazlası
04/05/2025;04:00;Enerji Fazlası
04/05/2025;05:00;Enerji Fazlası
04/05/2025;06:00;Enerji Fazlası
04/05/2025;07:00;Enerji Fazlası
04/05/2025;08:00;Enerji Fazlası
04/05/2025;09:00;Enerji Fazlası
04/05/2025;10:00;Enerji Fazlası
04/05/2025;11:00;Enerji Fazlası
04/05/2025;12:00;Enerji Fazlası
04/05/2025;13:00;Enerji Fazlası
04/05/2025;14:00;Enerji Fazlası
04/05/2025;15:00;Enerji Fazlası
04/05/2025;16:00;Enerji Fazlası
04/05/2025;17:00;Enerji Fazlası
04/05/2025;18:00;Enerji Açığı
04/05/2025;19:00;Enerji Açığı
04/05/2025;20:00;Enerji Açığı
04/05/2025;21:00;Enerji Açığı
04/05/2025;22:00;Enerji Açığı
04/05/2025;23:00;Enerji Açığı
05/05/2025;00:00;Enerji Açığı
05/05/2025;01:00;Enerji Açığı
05/05/2025;02:00;Enerji Fazlası
05/05/2025;03:00;Enerji Fazlası
05/05/2025;04:00;Enerji Fazlası
05/05/2025;05:00;Enerji Fazlası
05/05/2025;06:00;Enerji Fazlası
05/05/2025;07:00;Enerji Fazlası
05/05/2025;08:00;Enerji Açığı
05/05/2025;09:00;Enerji Açığı
05/05/2025;10:00;Enerji Fazlası
05/05/2025;11:00;Enerji Fazlası
05/05/2025;12:00;Enerji Fazlası
05/05/2025;13:00;Enerji Fazlası
05/05/2025;14:00;Enerji Fazlası
05/05/2025;15:00;Enerji Fazlası
05/05/2025;16:00;Enerji Fazlası
05/05/2025;17:00;Enerji Açığı
05/05/2025;18:00;Enerji Açığı
05/05/2025;19:00;Enerji Açığı
05/05/2025;20:00;Enerji Açığı
05/05/2025;21:00;Enerji Açığı
05/05/2025;22:00;Enerji Açığı
05/05/2025;23:00;Enerji Açığı
06/05/2025;00:00;Enerji Fazlası
06/05/2025;01:00;Enerji Fazlası
06/05/2025;02:00;Dengede
06/05/2025;03:00;Dengede
06/05/2025;04:00;Enerji Açığı
06/05/2025;05:00;Enerji Fazlası
06/05/2025;06:00;Enerji Fazlası
06/05/2025;07:00;Dengede
06/05/2025;08:00;Enerji Açığı
06/05/2025;09:00;Enerji Açığı
06/05/2025;10:00;Enerji Fazlası
06/05/2025;11:00;Enerji Fazlası
06/05/2025;12:00;Enerji Fazlası
06/05/2025;13:00;Enerji Fazlası
06/05/2025;14:00;Enerji Fazlası
06/05/2025;15:00;Enerji Açığı
06/05/2025;16:00;Enerji Açığı
06/05/2025;17:00;Enerji Fazlası
06/05/2025;18:00;Enerji Açığı
06/05/2025;19:00;Enerji Açığı
06/05/2025;20:00;Enerji Açığı
06/05/2025;21:00;Enerji Açığı
06/05/2025;22:00;Enerji Açığı
06/05/2025;23:00;Enerji Açığı
07/05/2025;00:00;Enerji Açığı
07/05/2025;01:00;Enerji Açığı
07/05/2025;02:00;Enerji Açığı
07/05/2025;03:00;Enerji Açığı
07/05/2025;04:00;Enerji Açığı
07/05/2025;05:00;Enerji Açığı
07/05/2025;06:00;Enerji Açığı
07/05/2025;07:00;Enerji Fazlası
07/05/2025;08:00;Enerji Açığı
07/05/2025;09:00;Enerji Açığı
07/05/2025;10:00;Enerji Açığı
07/05/2025;11:00;Enerji Açığı
07/05/2025;12:00;Enerji Açığı
07/05/2025;13:00;Enerji Açığı
07/05/2025;14:00;Enerji Açığı
07/05/2025;15:00;Enerji Açığı
07/05/2025;16:00;Enerji Açığı
07/05/2025;17:00;Enerji Açığı
07/05/2025;18:00;Enerji Açığı
07/05/2025;19:00;Enerji Açığı
07/05/2025;20:00;Enerji Açığı
07/05/2025;21:00;Enerji Açığı
07/05/2025;22:00;Enerji Açığı
07/05/2025;23:00;Enerji Açığı
08/05/2025;00:00;Enerji Açığı
08/05/2025;01:00;Enerji Açığı
08/05/2025;02:00;Enerji Açığı
08/05/2025;03:00;Enerji Açığı
08/05/2025;04:00;Enerji Açığı
08/05/2025;05:00;Enerji Açığı
08/05/2025;06:00;Enerji Fazlası
08/05/2025;07:00;Enerji Açığı
08/05/2025;08:00;Enerji Açığı
08/05/2025;09:00;Enerji Açığı
08/05/2025;10:00;Enerji Açığı
08/05/2025;11:00;Enerji Açığı
08/05/2025;12:00;Enerji Açığı
08/05/2025;13:00;Enerji Açığı
08/05/2025;14:00;Enerji Açığı
08/05/2025;15:00;Enerji Fazlası
08/05/2025;16:00;Enerji Açığı
08/05/2025;17:00;Enerji Fazlası
08/05/2025;18:00;Enerji Açığı
08/05/2025;19:00;Enerji Açığı
08/05/2025;20:00;Enerji Açığı
08/05/2025;21:00;Enerji Açığı
08/05/2025;22:00;Enerji Açığı
08/05/2025;23:00;Enerji Fazlası
09/05/2025;00:00;Enerji Açığı
09/05/2025;01:00;Enerji Açığı
09/05/2025;02:00;Enerji Açığı
09/05/2025;03:00;Enerji Açığı
09/05/2025;04:00;Enerji Açığı
09/05/2025;05:00;Enerji Açığı
09/05/2025;06:00;Enerji Açığı
09/05/2025;07:00;Enerji Fazlası
09/05/2025;08:00;Enerji Açığı
09/05/2025;09:00;Enerji Açığı
09/05/2025;10:00;Enerji Açığı
09/05/2025;11:00;Enerji Açığı
09/05/2025;12:00;Enerji Açığı
09/05/2025;13:00;Enerji Fazlası
09/05/2025;14:00;Enerji Açığı
09/05/2025;15:00;Enerji Açığı
09/05/2025;16:00;Enerji Açığı
09/05/2025;17:00;Enerji Açığı
09/05/2025;18:00;Enerji Açığı
09/05/2025;19:00;Enerji Açığı
09/05/2025;20:00;Enerji Açığı
09/05/2025;21:00;Enerji Açığı
09/05/2025;22:00;Enerji Açığı
09/05/2025;23:00;Enerji Fazlası
10/05/2025;00:00;Enerji Fazlası
10/05/2025;01:00;Enerji Fazlası
10/05/2025;02:00;Enerji Fazlası
10/05/2025;03:00;Enerji Fazlası
10/05/2025;04:00;Enerji Açığı
10/05/2025;05:00;Enerji Açığı
10/05/2025;06:00;Enerji Fazlası
10/05/2025;07:00;Enerji Fazlası
10/05/2025;08:00;Enerji Açığı
10/05/2025;09:00;Enerji Açığı
10/05/2025;10:00;Enerji Açığı
10/05/2025;11:00;Enerji Açığı
10/05/2025;12:00;Enerji Açığı
10/05/2025;13:00;Enerji Açığı
10/05/2025;14:00;Enerji Açığı
10/05/2025;15:00;Enerji Açığı
10/05/2025;16:00;Enerji Açığı
10/05/2025;17:00;Enerji Açığı
10/05/2025;18:00;Enerji Açığı
10/05/2025;19:00;Enerji Açığı
10/05/2025;20:00;Enerji Açığı
10/05/2025;21:00;Enerji Açığı
10/05/2025;22:00;Enerji Açığı
10/05/2025;23:00;Enerji Fazlası
11/05/2025;00:00;Enerji Fazlası
11/05/2025;01:00;Enerji Fazlası
11/05/2025;02:00;Enerji Fazlası
11/05/2025;03:00;Enerji Fazlası
11/05/2025;04:00;Enerji Açığı
11/05/2025;05:00;Enerji Fazlası
11/05/2025;06:00;Enerji Fazlası
11/05/2025;07:00;Enerji Fazlası
11/05/2025;08:00;Enerji Fazlası
11/05/2025;09:00;Enerji Fazlası
11/05/2025;10:00;Enerji Fazlası
11/05/2025;11:00;Enerji Fazlası
11/05/2025;12:00;Enerji Fazlası
11/05/2025;13:00;Enerji Fazlası
11/05/2025;14:00;Enerji Fazlası
11/05/2025;15:00;Enerji Fazlası
11/05/2025;16:00;Enerji Fazlası
11/05/2025;17:00;Enerji Fazlası
11/05/2025;18:00;Enerji Açığı
11/05/2025;19:00;Enerji Açığı
11/05/2025;20:00;Enerji Açığı
11/05/2025;21:00;Enerji Açığı
11/05/2025;22:00;Enerji Açığı
11/05/2025;23:00;Enerji Açığı
12/05/2025;00:00;Enerji Fazlası
12/05/2025;01:00;Enerji Fazlası
12/05/2025;02:00;Enerji Fazlası
12/05/2025;03:00;Enerji Fazlası
12/05/2025;04:00;Enerji Fazlası
12/05/2025;05:00;Enerji Fazlası
12/05/2025;06:00;Enerji Fazlası
12/05/2025;07:00;Enerji Fazlası
12/05/2025;08:00;Enerji Açığı
12/05/2025;09:00;Enerji Açığı
12/05/2025;10:00;Enerji Açığı
12/05/2025;11:00;Enerji Fazlası
12/05/2025;12:00;Enerji Fazlası
12/05/2025;13:00;Enerji Açığı
12/05/2025;14:00;Enerji Açığı
12/05/2025;15:00;Enerji Açığı
12/05/2025;16:00;Enerji Açığı
12/05/2025;17:00;Enerji Açığı
12/05/2025;18:00;Enerji Açığı
12/05/2025;19:00;Enerji Açığı
12/05/2025;20:00;Enerji Açığı
12/05/2025;21:00;Enerji Açığı
12/05/2025;22:00;Enerji Fazlası
12/05/2025;23:00;Enerji Fazlası
13/05/2025;00:00;Enerji Fazlası
13/05/2025;01:00;Enerji Fazlası
13/05/2025;02:00;Enerji Fazlası
13/05/2025;03:00;Enerji Fazlası
13/05/2025;04:00;Enerji Fazlası
13/05/2025;05:00;Enerji Fazlası
13/05/2025;06:00;Enerji Fazlası
13/05/2025;07:00;Enerji Fazlası
13/05/2025;08:00;Enerji Açığı
13/05/2025;09:00;Enerji Fazlası
13/05/2025;10:00;Enerji Fazlası
13/05/2025;11:00;Enerji Fazlası
13/05/2025;12:00;Enerji Fazlası
13/05/2025;13:00;Enerji Fazlası
13/05/2025;14:00;Enerji Açığı
13/05/2025;15:00;Enerji Açığı
13/05/2025;16:00;Enerji Açığı
13/05/2025;17:00;Enerji Açığı
13/05/2025;18:00;Enerji Açığı
13/05/2025;19:00;Enerji Fazlası
13/05/2025;20:00;Enerji Açığı
13/05/2025;21:00;Enerji Açığı
13/05/2025;22:00;Enerji Açığı
13/05/2025;23:00;Enerji Fazlası
14/05/2025;00:00;Enerji Fazlası
14/05/2025;01:00;Enerji Açığı
14/05/2025;02:00;Dengede
14/05/2025;03:00;Enerji Fazlası
14/05/2025;04:00;Enerji Açığı
14/05/2025;05:00;Enerji Açığı
14/05/2025;06:00;Enerji Açığı
14/05/2025;07:00;Enerji Fazlası
14/05/2025;08:00;Enerji Açığı
14/05/2025;09:00;Enerji Açığı
14/05/2025;10:00;Enerji Fazlası
14/05/2025;11:00;Enerji Açığı
14/05/2025;12:00;Enerji Açığı
14/05/2025;13:00;Enerji Açığı
14/05/2025;14:00;Enerji Açığı
14/05/2025;15:00;Enerji Açığı
14/05/2025;16:00;Enerji Açığı
14/05/2025;17:00;Enerji Açığı
14/05/2025;18:00;Enerji Fazlası
14/05/2025;19:00;Enerji Açığı
14/05/2025;20:00;Enerji Açığı
14/05/2025;21:00;Enerji Açığı
14/05/2025;22:00;Enerji Açığı
14/05/2025;23:00;Enerji Fazlası
15/05/2025;00:00;Enerji Fazlası
15/05/2025;01:00;Enerji Fazlası
15/05/2025;02:00;Enerji Fazlası
15/05/2025;03:00;Enerji Fazlası
15/05/2025;04:00;Dengede
15/05/2025;05:00;Enerji Fazlası
15/05/2025;06:00;Enerji Fazlası
15/05/2025;07:00;Enerji Fazlası
15/05/2025;08:00;Enerji Fazlası
15/05/2025;09:00;Enerji Fazlası
15/05/2025;10:00;Enerji Fazlası
15/05/2025;11:00;Enerji Fazlası
15/05/2025;12:00;Enerji Fazlası
15/05/2025;13:00;Enerji Fazlası
15/05/2025;14:00;Enerji Fazlası
15/05/2025;15:00;Enerji Fazlası
15/05/2025;16:00;Enerji Fazlası
15/05/2025;17:00;Enerji Fazlası
15/05/2025;18:00;Enerji Açığı
15/05/2025;19:00;Enerji Açığı
15/05/2025;20:00;Enerji Açığı
15/05/2025;21:00;Enerji Açığı
15/05/2025;22:00;Enerji Açığı
15/05/2025;23:00;Enerji Açığı
16/05/2025;00:00;Enerji Fazlası
16/05/2025;01:00;Enerji Fazlası
16/05/2025;02:00;Enerji Açığı
16/05/2025;03:00;Enerji Açığı
16/05/2025;04:00;Enerji Açığı
16/05/2025;05:00;Enerji Açığı
16/05/2025;06:00;Enerji Açığı
16/05/2025;07:00;Dengede
16/05/2025;08:00;Enerji Açığı
16/05/2025;09:00;Enerji Açığı
16/05/2025;10:00;Enerji Açığı
16/05/2025;11:00;Enerji Açığı
16/05/2025;12:00;Enerji Fazlası
16/05/2025;13:00;Enerji Fazlası
16/05/2025;14:00;Enerji Açığı
16/05/2025;15:00;Enerji Açığı
16/05/2025;16:00;Enerji Açığı
16/05/2025;17:00;Enerji Açığı
16/05/2025;18:00;Enerji Açığı
16/05/2025;19:00;Enerji Açığı
16/05/2025;20:00;Enerji Açığı
16/05/2025;21:00;Enerji Açığı
16/05/2025;22:00;Enerji Açığı
16/05/2025;23:00;Enerji Açığı
17/05/2025;00:00;Enerji Fazlası
17/05/2025;01:00;Enerji Açığı
17/05/2025;02:00;Enerji Fazlası
17/05/2025;03:00;Dengede
17/05/2025;04:00;Enerji Açığı
17/05/2025;05:00;Enerji Açığı
17/05/2025;06:00;Enerji Fazlası
17/05/2025;07:00;Enerji Fazlası
17/05/2025;08:00;Enerji Fazlası
17/05/2025;09:00;Enerji Fazlası
17/05/2025;10:00;Enerji Fazlası
17/05/2025;11:00;Enerji Fazlası
17/05/2025;12:00;Enerji Fazlası
17/05/2025;13:00;Enerji Fazlası
17/05/2025;14:00;Enerji Fazlası
17/05/2025;15:00;Enerji Fazlası
17/05/2025;16:00;Enerji Açığı
17/05/2025;17:00;Enerji Açığı
17/05/2025;18:00;Enerji Açığı
17/05/2025;19:00;Enerji Açığı
17/05/2025;20:00;Enerji Açığı
17/05/2025;21:00;Enerji Açığı
17/05/2025;22:00;Enerji Açığı
17/05/2025;23:00;Enerji Açığı
18/05/2025;00:00;Enerji Açığı
18/05/2025;01:00;Enerji Açığı
18/05/2025;02:00;Enerji Açığı
18/05/2025;03:00;Enerji Fazlası
18/05/2025;04:00;Enerji Fazlası
18/05/2025;05:00;Enerji Fazlası
18/05/2025;06:00;Enerji Açığı
18/05/2025;07:00;Enerji Fazlası
18/05/2025;08:00;Enerji Fazlası
18/05/2025;09:00;Enerji Fazlası
18/05/2025;10:00;Enerji Fazlası
18/05/2025;11:00;Enerji Fazlası
18/05/2025;12:00;Enerji Fazlası
18/05/2025;13:00;Enerji Fazlası
18/05/2025;14:00;Enerji Fazlası
18/05/2025;15:00;Enerji Fazlası
18/05/2025;16:00;Enerji Fazlası
18/05/2025;17:00;Enerji Fazlası
18/05/2025;18:00;Enerji Fazlası
18/05/2025;19:00;Enerji Fazlası
18/05/2025;20:00;Enerji Açığı
18/05/2025;21:00;Enerji Açığı
18/05/2025;22:00;Enerji Fazlası
18/05/2025;23:00;Enerji Fazlası
19/05/2025;00:00;Enerji Fazlası
19/05/2025;01:00;Enerji Fazlası
19/05/2025;02:00;Enerji Fazlası
19/05/2025;03:00;Enerji Fazlası
19/05/2025;04:00;Enerji Fazlası
19/05/2025;05:00;Enerji Fazlası
19/05/2025;06:00;Enerji Fazlası
19/05/2025;07:00;Enerji Fazlası
19/05/2025;08:00;Enerji Fazlası
19/05/2025;09:00;Enerji Fazlası
19/05/2025;10:00;Enerji Fazlası
19/05/2025;11:00;Enerji Fazlası
19/05/2025;12:00;Enerji Fazlası
19/05/2025;13:00;Enerji Fazlası
19/05/2025;14:00;Enerji Fazlası
19/05/2025;15:00;Enerji Fazlası
19/05/2025;16:00;Enerji Fazlası
19/05/2025;17:00;Enerji Açığı
19/05/2025;18:00;Enerji Fazlası
19/05/2025;19:00;Enerji Açığı
19/05/2025;20:00;Enerji Açığı
19/05/2025;21:00;Enerji Açığı
19/05/2025;22:00;Enerji Açığı
19/05/2025;23:00;Enerji Fazlası
20/05/2025;00:00;Enerji Fazlası
20/05/2025;01:00;Enerji Fazlası
20/05/2025;02:00;Enerji Fazlası
20/05/2025;03:00;Enerji Fazlası
20/05/2025;04:00;Enerji Açığı
20/05/2025;05:00;Enerji Fazlası
20/05/2025;06:00;Enerji Fazlası
20/05/2025;07:00;Enerji Fazlası
20/05/2025;08:00;Enerji Açığı
20/05/2025;09:00;Enerji Açığı
20/05/2025;10:00;Enerji Açığı
20/05/2025;11:00;Enerji Açığı
20/05/2025;12:00;Enerji Açığı
20/05/2025;13:00;Enerji Açığı
20/05/2025;14:00;Enerji Açığı
20/05/2025;15:00;Enerji Açığı
20/05/2025;16:00;Enerji Açığı
20/05/2025;17:00;Enerji Fazlası
20/05/2025;18:00;Enerji Açığı
20/05/2025;19:00;Enerji Açığı
20/05/2025;20:00;Enerji Açığı
20/05/2025;21:00;Enerji Açığı
20/05/2025;22:00;Enerji Açığı
20/05/2025;23:00;Enerji Açığı
21/05/2025;00:00;Enerji Fazlası
21/05/2025;01:00;Enerji Açığı
21/05/2025;02:00;Enerji Açığı
21/05/2025;03:00;Enerji Açığı
21/05/2025;04:00;Enerji Açığı
21/05/2025;05:00;Enerji Açığı
21/05/2025;06:00;Enerji Açığı
21/05/2025;07:00;Enerji Açığı
21/05/2025;08:00;Enerji Fazlası
21/05/2025;09:00;Enerji Açığı
21/05/2025;10:00;Enerji Fazlası
21/05/2025;11:00;Enerji Fazlası
21/05/2025;12:00;Enerji Fazlası
21/05/2025;13:00;Enerji Fazlası
21/05/2025;14:00;Enerji Açığı
21/05/2025;15:00;Enerji Açığı
21/05/2025;16:00;Enerji Fazlası
21/05/2025;17:00;Enerji Fazlası
21/05/2025;18:00;Enerji Açığı
21/05/2025;19:00;Enerji Açığı
21/05/2025;20:00;Enerji Açığı
21/05/2025;21:00;Enerji Açığı
21/05/2025;22:00;Enerji Açığı
21/05/2025;23:00;Enerji Açığı
22/05/2025;00:00;Enerji Açığı
22/05/2025;01:00;Enerji Açığı
22/05/2025;02:00;Enerji Açığı
22/05/2025;03:00;Enerji Fazlası
22/05/2025;04:00;Enerji Fazlası
22/05/2025;05:00;Enerji Fazlası
22/05/2025;06:00;Enerji Açığı
22/05/2025;07:00;Enerji Fazlası
22/05/2025;08:00;Enerji Fazlası
22/05/2025;09:00;Enerji Fazlası
22/05/2025;10:00;Enerji Fazlası
22/05/2025;11:00;Enerji Fazlası
22/05/2025;12:00;Enerji Fazlası
22/05/2025;13:00;Enerji Fazlası
22/05/2025;14:00;Enerji Açığı
22/05/2025;15:00;Enerji Açığı
22/05/2025;16:00;Enerji Açığı
22/05/2025;17:00;Enerji Açığı
22/05/2025;18:00;Enerji Açığı
22/05/2025;19:00;Enerji Açığı
22/05/2025;20:00;Enerji Açığı
22/05/2025;21:00;Enerji Açığı
22/05/2025;22:00;Enerji Açığı
22/05/2025;23:00;Enerji Açığı
23/05/2025;00:00;Enerji Açığı
23/05/2025;01:00;Enerji Açığı
23/05/2025;02:00;Enerji Fazlası
23/05/2025;03:00;Enerji Fazlası
23/05/2025;04:00;Enerji Fazlası
23/05/2025;05:00;Enerji Fazlası
23/05/2025;06:00;Enerji Fazlası
23/05/2025;07:00;Enerji Fazlası
23/05/2025;08:00;Enerji Açığı
23/05/2025;09:00;Enerji Fazlası
23/05/2025;10:00;Enerji Fazlası
23/05/2025;11:00;Enerji Fazlası
23/05/2025;12:00;Enerji Fazlası
23/05/2025;13:00;Enerji Açığı
23/05/2025;14:00;Enerji Açığı
23/05/2025;15:00;Enerji Açığı
23/05/2025;16:00;Enerji Açığı
23/05/2025;17:00;Enerji Açığı
23/05/2025;18:00;Enerji Açığı
23/05/2025;19:00;Enerji Açığı
23/05/2025;20:00;Enerji Açığı
23/05/2025;21:00;Enerji Açığı
23/05/2025;22:00;Enerji Açığı
23/05/2025;23:00;Enerji Açığı
24/05/2025;00:00;Enerji Açığı
24/05/2025;01:00;Enerji Açığı
24/05/2025;02:00;Enerji Açığı
24/05/2025;03:00;Enerji Açığı
24/05/2025;04:00;Enerji Açığı
24/05/2025;05:00;Enerji Açığı
24/05/2025;06:00;Enerji Açığı
24/05/2025;07:00;Enerji Açığı
24/05/2025;08:00;Enerji Açığı
24/05/2025;09:00;Enerji Açığı
24/05/2025;10:00;Enerji Açığı
24/05/2025;11:00;Enerji Açığı
24/05/2025;12:00;Enerji Açığı
24/05/2025;13:00;Enerji Açığı
24/05/2025;14:00;Enerji Açığı
24/05/2025;15:00;Enerji Açığı
24/05/2025;16:00;Enerji Açığı
24/05/2025;17:00;Enerji Fazlası
24/05/2025;18:00;Enerji Açığı
24/05/2025;19:00;Enerji Açığı
24/05/2025;20:00;Enerji Açığı
24/05/2025;21:00;Enerji Açığı
24/05/2025;22:00;Enerji Açığı
24/05/2025;23:00;Enerji Açığı
25/05/2025;00:00;Enerji Fazlası
25/05/2025;01:00;Enerji Açığı
25/05/2025;02:00;Enerji Açığı
25/05/2025;03:00;Enerji Fazlası
25/05/2025;04:00;Enerji Fazlası
25/05/2025;05:00;Enerji Fazlası
25/05/2025;06:00;Enerji Fazlası
25/05/2025;07:00;Enerji Fazlası
25/05/2025;08:00;Enerji Fazlası
25/05/2025;09:00;Enerji Fazlası
25/05/2025;10:00;Enerji Fazlası
25/05/2025;11:00;Enerji Fazlası
25/05/2025;12:00;Enerji Fazlası
25/05/2025;13:00;Enerji Fazlası
25/05/2025;14:00;Enerji Fazlası
25/05/2025;15:00;Enerji Açığı
25/05/2025;16:00;Enerji Açığı
25/05/2025;17:00;Enerji Açığı
25/05/2025;18:00;Enerji Açığı
25/05/2025;19:00;Enerji Açığı
25/05/2025;20:00;Enerji Açığı
25/05/2025;21:00;Enerji Açığı
25/05/2025;22:00;Enerji Açığı
25/05/2025;23:00;Enerji Fazlası
26/05/2025;00:00;Enerji Fazlası
26/05/2025;01:00;Enerji Fazlası
26/05/2025;02:00;Enerji Fazlası
26/05/2025;03:00;Enerji Açığı
26/05/2025;04:00;Enerji Açığı
26/05/2025;05:00;Enerji Açığı
26/05/2025;06:00;Enerji Açığı
26/05/2025;07:00;Enerji Açığı
26/05/2025;08:00;Enerji Açığı
26/05/2025;09:00;Enerji Açığı
26/05/2025;10:00;Enerji Açığı
26/05/2025;11:00;Enerji Açığı
26/05/2025;12:00;Enerji Açığı
26/05/2025;13:00;Enerji Açığı
26/05/2025;14:00;Enerji Açığı
26/05/2025;15:00;Enerji Açığı
26/05/2025;16:00;Enerji Açığı
26/05/2025;17:00;Enerji Açığı
26/05/2025;18:00;Enerji Açığı
26/05/2025;19:00;Enerji Açığı
26/05/2025;20:00;Enerji Açığı
26/05/2025;21:00;Enerji Açığı
26/05/2025;22:00;Enerji Açığı
26/05/2025;23:00;Enerji Açığı
27/05/2025;00:00;Enerji Açığı
27/05/2025;01:00;Enerji Fazlası
27/05/2025;02:00;Enerji Fazlası
27/05/2025;03:00;Enerji Açığı
27/05/2025;04:00;Enerji Açığı
27/05/2025;05:00;Enerji Açığı
27/05/2025;06:00;Enerji Açığı
27/05/2025;07:00;Enerji Açığı
27/05/2025;08:00;Enerji Açığı
27/05/2025;09:00;Enerji Açığı
27/05/2025;10:00;Enerji Fazlası
27/05/2025;11:00;Enerji Fazlası
27/05/2025;12:00;Enerji Fazlası
27/05/2025;13:00;Enerji Açığı
27/05/2025;14:00;Enerji Açığı
27/05/2025;15:00;Enerji Açığı
27/05/2025;16:00;Enerji Açığı
27/05/2025;17:00;Enerji Açığı
27/05/2025;18:00;Enerji Açığı
27/05/2025;19:00;Enerji Açığı
27/05/2025;20:00;Enerji Açığı
27/05/2025;21:00;Enerji Açığı
27/05/2025;22:00;Enerji Açığı
27/05/2025;23:00;Enerji Fazlası
28/05/2025;00:00;Enerji Fazlası
28/05/2025;01:00;Enerji Fazlası
28/05/2025;02:00;Enerji Fazlası
28/05/2025;03:00;Enerji Fazlası
28/05/2025;04:00;Enerji Fazlası
28/05/2025;05:00;Enerji Fazlası
28/05/2025;06:00;Enerji Fazlası
28/05/2025;07:00;Enerji Fazlası
28/05/2025;08:00;Enerji Fazlası
28/05/2025;09:00;Enerji Fazlası
28/05/2025;10:00;Enerji Fazlası
28/05/2025;11:00;Enerji Fazlası
28/05/2025;12:00;Enerji Fazlası
28/05/2025;13:00;Enerji Fazlası
28/05/2025;14:00;Enerji Fazlası
28/05/2025;15:00;Enerji Fazlası
28/05/2025;16:00;Enerji Açığı
28/05/2025;17:00;Enerji Açığı
28/05/2025;18:00;Enerji Açığı
28/05/2025;19:00;Enerji Açığı
28/05/2025;20:00;Enerji Açığı
28/05/2025;21:00;Enerji Açığı
28/05/2025;22:00;Enerji Açığı
28/05/2025;23:00;Enerji Açığı
29/05/2025;00:00;Enerji Açığı
29/05/2025;01:00;Enerji Açığı
29/05/2025;02:00;Enerji Açığı
29/05/2025;03:00;Enerji Açığı
29/05/2025;04:00;Enerji Açığı
29/05/2025;05:00;Enerji Açığı
29/05/2025;06:00;Enerji Fazlası
29/05/2025;07:00;Enerji Fazlası
29/05/2025;08:00;Enerji Açığı
29/05/2025;09:00;Enerji Açığı
29/05/2025;10:00;Enerji Açığı
29/05/2025;11:00;Enerji Açığı
29/05/2025;12:00;Enerji Açığı
29/05/2025;13:00;Enerji Açığı
29/05/2025;14:00;Enerji Açığı
29/05/2025;15:00;Enerji Açığı
29/05/2025;16:00;Enerji Açığı
29/05/2025;17:00;Enerji Açığı
29/05/2025;18:00;Enerji Fazlası
29/05/2025;19:00;Enerji Fazlası
29/05/2025;20:00;Enerji Fazlası
29/05/2025;21:00;Enerji Fazlası
29/05/2025;22:00;Enerji Fazlası
29/05/2025;23:00;Enerji Fazlası
30/05/2025;00:00;Enerji Fazlası
30/05/2025;01:00;Enerji Fazlası
30/05/2025;02:00;Enerji Açığı
30/05/2025;03:00;Enerji Açığı
30/05/2025;04:00;Enerji Açığı
30/05/2025;05:00;Enerji Açığı
30/05/2025;06:00;Enerji Fazlası
30/05/2025;07:00;Enerji Açığı
30/05/2025;08:00;Enerji Açığı
30/05/2025;09:00;Enerji Açığı
30/05/2025;10:00;Enerji Fazlası
30/05/2025;11:00;Enerji Fazlası
30/05/2025;12:00;Enerji Fazlası
30/05/2025;13:00;Enerji Fazlası
30/05/2025;14:00;Enerji Açığı
30/05/2025;15:00;Enerji Açığı
30/05/2025;16:00;Enerji Açığı
30/05/2025;17:00;Enerji Açığı
30/05/2025;18:00;Enerji Fazlası
30/05/2025;19:00;Enerji Fazlası
30/05/2025;20:00;Enerji Açığı
30/05/2025;21:00;Enerji Açığı
30/05/2025;22:00;Enerji Açığı
30/05/2025;23:00;Enerji Açığı
31/05/2025;00:00;Enerji Açığı
31/05/2025;01:00;Enerji Açığı
31/05/2025;02:00;Enerji Açığı
31/05/2025;03:00;Enerji Fazlası
31/05/2025;04:00;Enerji Açığı
31/05/2025;05:00;Enerji Fazlası
31/05/2025;06:00;Enerji Fazlası
31/05/2025;07:00;Enerji Fazlası
31/05/2025;08:00;Enerji Fazlası
31/05/2025;09:00;Enerji Fazlası
31/05/2025;10:00;Enerji Fazlası
31/05/2025;11:00;Enerji Fazlası
31/05/2025;12:00;Enerji Fazlası
31/05/2025;13:00;Enerji Fazlası
31/05/2025;14:00;Enerji Fazlası
31/05/2025;15:00;Enerji Fazlası
31/05/2025;16:00;Enerji Fazlası
31/05/2025;17:00;Enerji Açığı
31/05/2025;18:00;Enerji Açığı
31/05/2025;19:00;Enerji Açığı
31/05/2025;20:00;Enerji Açığı
31/05/2025;21:00;Enerji Açığı
31/05/2025;22:00;Enerji Açığı
31/05/2025;23:00;Enerji Açığı
01/06/2025;00:00;Enerji Fazlası
01/06/2025;01:00;Enerji Fazlası
01/06/2025;02:00;Enerji Fazlası
01/06/2025;03:00;Enerji Fazlası
01/06/2025;04:00;Enerji Fazlası
01/06/2025;05:00;Enerji Fazlası
01/06/2025;06:00;Enerji Fazlası
01/06/2025;07:00;Enerji Fazlası
01/06/2025;08:00;Enerji Fazlası
01/06/2025;09:00;Enerji Fazlası
01/06/2025;10:00;Enerji Fazlası
01/06/2025;11:00;Enerji Fazlası
01/06/2025;12:00;Enerji Fazlası
01/06/2025;13:00;Enerji Fazlası
01/06/2025;14:00;Enerji Fazlası
01/06/2025;15:00;Enerji Fazlası
01/06/2025;16:00;Enerji Fazlası
01/06/2025;17:00;Enerji Açığı
01/06/2025;18:00;Enerji Açığı
01/06/2025;19:00;Enerji Açığı
01/06/2025;20:00;Enerji Açığı
01/06/2025;21:00;Enerji Açığı
01/06/2025;22:00;Enerji Açığı
01/06/2025;23:00;Enerji Açığı
02/06/2025;00:00;Enerji Fazlası
02/06/2025;01:00;Enerji Fazlası
02/06/2025;02:00;Enerji Fazlası
02/06/2025;03:00;Dengede
02/06/2025;04:00;Enerji Fazlası
02/06/2025;05:00;Enerji Fazlası
02/06/2025;06:00;Enerji Fazlası
02/06/2025;07:00;Enerji Fazlası
02/06/2025;08:00;Enerji Fazlası
02/06/2025;09:00;Enerji Fazlası
02/06/2025;10:00;Enerji Fazlası
02/06/2025;11:00;Enerji Açığı
02/06/2025;12:00;Enerji Fazlası
02/06/2025;13:00;Enerji Açığı
02/06/2025;14:00;Enerji Açığı
02/06/2025;15:00;Enerji Açığı
02/06/2025;16:00;Enerji Açığı
02/06/2025;17:00;Enerji Açığı
02/06/2025;18:00;Enerji Fazlası
02/06/2025;19:00;Enerji Açığı
02/06/2025;20:00;Enerji Açığı
02/06/2025;21:00;Enerji Açığı
02/06/2025;22:00;Enerji Açığı
02/06/2025;23:00;Enerji Açığı
03/06/2025;00:00;Enerji Fazlası
03/06/2025;01:00;Enerji Fazlası
03/06/2025;02:00;Enerji Fazlası
03/06/2025;03:00;Enerji Fazlası
03/06/2025;04:00;Enerji Fazlası
03/06/2025;05:00;Enerji Fazlası
03/06/2025;06:00;Enerji Fazlası
03/06/2025;07:00;Enerji Fazlası
03/06/2025;08:00;Enerji Açığı
03/06/2025;09:00;Enerji Fazlası
03/06/2025;10:00;Enerji Açığı
03/06/2025;11:00;Enerji Açığı
03/06/2025;12:00;Enerji Açığı
03/06/2025;13:00;Enerji Açığı
03/06/2025;14:00;Enerji Açığı
03/06/2025;15:00;Enerji Açığı
03/06/2025;16:00;Enerji Açığı
03/06/2025;17:00;Enerji Fazlası
03/06/2025;18:00;Enerji Fazlası
03/06/2025;19:00;Enerji Fazlası
03/06/2025;20:00;Enerji Açığı
03/06/2025;21:00;Enerji Açığı
03/06/2025;22:00;Enerji Fazlası
03/06/2025;23:00;Enerji Fazlası
04/06/2025;00:00;Enerji Fazlası
04/06/2025;01:00;Enerji Fazlası
04/06/2025;02:00;Enerji Fazlası
04/06/2025;03:00;Enerji Fazlası
04/06/2025;04:00;Enerji Fazlası
04/06/2025;05:00;Enerji Fazlası
04/06/2025;06:00;Enerji Fazlası
04/06/2025;07:00;Enerji Fazlası
04/06/2025;08:00;Enerji Fazlası
04/06/2025;09:00;Enerji Fazlası
04/06/2025;10:00;Enerji Fazlası
04/06/2025;11:00;Enerji Fazlası
04/06/2025;12:00;Enerji Fazlası
04/06/2025;13:00;Enerji Açığı
04/06/2025;14:00;Enerji Fazlası
04/06/2025;15:00;Enerji Açığı
04/06/2025;16:00;Enerji Fazlası
04/06/2025;17:00;Enerji Fazlası
04/06/2025;18:00;Enerji Fazlası
04/06/2025;19:00;Enerji Fazlası
04/06/2025;20:00;Enerji Fazlası
04/06/2025;21:00;Enerji Fazlası
04/06/2025;22:00;Enerji Fazlası
04/06/2025;23:00;Enerji Fazlası
05/06/2025;00:00;Enerji Açığı
05/06/2025;01:00;Enerji Açığı
05/06/2025;02:00;Enerji Açığı
05/06/2025;03:00;Enerji Açığı
05/06/2025;04:00;Enerji Açığı
05/06/2025;05:00;Enerji Açığı
05/06/2025;06:00;Enerji Fazlası
05/06/2025;07:00;Enerji Fazlası
05/06/2025;08:00;Enerji Fazlası
05/06/2025;09:00;Enerji Fazlası
05/06/2025;10:00;Enerji Fazlası
05/06/2025;11:00;Enerji Fazlası
05/06/2025;12:00;Enerji Fazlası
05/06/2025;13:00;Enerji Fazlası
05/06/2025;14:00;Enerji Fazlası
05/06/2025;15:00;Enerji Fazlası
05/06/2025;16:00;Enerji Fazlası
05/06/2025;17:00;Enerji Fazlası
05/06/2025;18:00;Enerji Açığı
05/06/2025;19:00;Enerji Açığı
05/06/2025;20:00;Enerji Açığı
05/06/2025;21:00;Enerji Açığı
05/06/2025;22:00;Enerji Açığı
05/06/2025;23:00;Enerji Açığı
06/06/2025;00:00;Enerji Fazlası
06/06/2025;01:00;Enerji Açığı
06/06/2025;02:00;Enerji Açığı
06/06/2025;03:00;Enerji Açığı
06/06/2025;04:00;Enerji Açığı
06/06/2025;05:00;Enerji Açığı
06/06/2025;06:00;Enerji Açığı
06/06/2025;07:00;Enerji Fazlası
06/06/2025;08:00;Enerji Fazlası
06/06/2025;09:00;Enerji Fazlası
06/06/2025;10:00;Enerji Fazlası
06/06/2025;11:00;Enerji Fazlası
06/06/2025;12:00;Enerji Fazlası
06/06/2025;13:00;Enerji Fazlası
06/06/2025;14:00;Enerji Fazlası
06/06/2025;15:00;Enerji Fazlası
06/06/2025;16:00;Enerji Fazlası
06/06/2025;17:00;Enerji Fazlası
06/06/2025;18:00;Enerji Açığı
06/06/2025;19:00;Enerji Açığı
06/06/2025;20:00;Enerji Açığı
06/06/2025;21:00;Enerji Açığı
06/06/2025;22:00;Enerji Açığı
06/06/2025;23:00;Enerji Açığı
07/06/2025;00:00;Enerji Fazlası
07/06/2025;01:00;Enerji Fazlası
07/06/2025;02:00;Enerji Fazlası
07/06/2025;03:00;Dengede
07/06/2025;04:00;Enerji Açığı
07/06/2025;05:00;Enerji Fazlası
07/06/2025;06:00;Enerji Açığı
07/06/2025;07:00;Enerji Fazlası
07/06/2025;08:00;Enerji Fazlası
07/06/2025;09:00;Enerji Fazlası
07/06/2025;10:00;Enerji Fazlası
07/06/2025;11:00;Enerji Fazlası
07/06/2025;12:00;Enerji Fazlası
07/06/2025;13:00;Enerji Fazlası
07/06/2025;14:00;Enerji Fazlası
07/06/2025;15:00;Enerji Fazlası
07/06/2025;16:00;Enerji Fazlası
07/06/2025;17:00;Enerji Açığı
07/06/2025;18:00;Enerji Açığı
07/06/2025;19:00;Enerji Açığı
07/06/2025;20:00;Enerji Açığı
07/06/2025;21:00;Enerji Açığı
07/06/2025;22:00;Enerji Açığı
07/06/2025;23:00;Enerji Açığı
08/06/2025;00:00;Enerji Açığı
08/06/2025;01:00;Enerji Açığı
08/06/2025;02:00;Enerji Açığı
08/06/2025;03:00;Enerji Açığı
08/06/2025;04:00;Enerji Açığı
08/06/2025;05:00;Enerji Açığı
08/06/2025;06:00;Enerji Açığı
08/06/2025;07:00;Enerji Açığı
08/06/2025;08:00;Enerji Fazlası
08/06/2025;09:00;Enerji Fazlası
08/06/2025;10:00;Enerji Fazlası
08/06/2025;11:00;Enerji Fazlası
08/06/2025;12:00;Enerji Fazlası
08/06/2025;13:00;Enerji Fazlası
08/06/2025;14:00;Enerji Fazlası
08/06/2025;15:00;Enerji Fazlası
08/06/2025;16:00;Enerji Açığı
08/06/2025;17:00;Enerji Açığı
08/06/2025;18:00;Enerji Açığı
08/06/2025;19:00;Enerji Açığı
08/06/2025;20:00;Enerji Açığı
08/06/2025;21:00;Enerji Açığı
08/06/2025;22:00;Enerji Açığı
08/06/2025;23:00;Enerji Açığı
09/06/2025;00:00;Enerji Açığı
09/06/2025;01:00;Enerji Açığı
09/06/2025;02:00;Enerji Açığı
09/06/2025;03:00;Enerji Açığı
09/06/2025;04:00;Enerji Açığı
09/06/2025;05:00;Enerji Fazlası
09/06/2025;06:00;Enerji Fazlası
09/06/2025;07:00;Enerji Fazlası
09/06/2025;08:00;Enerji Fazlası
09/06/2025;09:00;Enerji Fazlası
09/06/2025;10:00;Enerji Fazlası
09/06/2025;11:00;Enerji Fazlası
09/06/2025;12:00;Enerji Fazlası
09/06/2025;13:00;Enerji Fazlası
09/06/2025;14:00;Enerji Fazlası
09/06/2025;15:00;Enerji Fazlası
09/06/2025;16:00;Enerji Fazlası
09/06/2025;17:00;Enerji Fazlası
09/06/2025;18:00;Enerji Fazlası
09/06/2025;19:00;Enerji Açığı
09/06/2025;20:00;Enerji Açığı
09/06/2025;21:00;Enerji Açığı
09/06/2025;22:00;Enerji Fazlası
09/06/2025;23:00;Enerji Fazlası
10/06/2025;00:00;Enerji Fazlası
10/06/2025;01:00;Enerji Açığı
10/06/2025;02:00;Enerji Fazlası
10/06/2025;03:00;Enerji Fazlası
10/06/2025;04:00;Enerji Fazlası
10/06/2025;05:00;Enerji Fazlası
10/06/2025;06:00;Enerji Fazlası
10/06/2025;07:00;Enerji Fazlası
10/06/2025;08:00;Enerji Açığı
10/06/2025;09:00;Enerji Açığı
10/06/2025;10:00;Enerji Açığı
10/06/2025;11:00;Enerji Açığı
10/06/2025;12:00;Enerji Açığı
10/06/2025;13:00;Enerji Açığı
10/06/2025;14:00;Enerji Açığı
10/06/2025;15:00;Enerji Açığı
10/06/2025;16:00;Enerji Açığı
10/06/2025;17:00;Enerji Açığı
10/06/2025;18:00;Enerji Açığı
10/06/2025;19:00;Enerji Açığı
10/06/2025;20:00;Enerji Açığı
10/06/2025;21:00;Enerji Açığı
10/06/2025;22:00;Enerji Açığı
10/06/2025;23:00;Enerji Açığı
11/06/2025;00:00;Enerji Açığı
11/06/2025;01:00;Enerji Açığı
11/06/2025;02:00;Enerji Açığı
11/06/2025;03:00;Enerji Açığı
11/06/2025;04:00;Enerji Açığı
11/06/2025;05:00;Enerji Açığı
11/06/2025;06:00;Enerji Açığı
11/06/2025;07:00;Enerji Açığı
11/06/2025;08:00;Enerji Açığı
11/06/2025;09:00;Enerji Açığı
11/06/2025;10:00;Enerji Açığı
11/06/2025;11:00;Enerji Açığı
11/06/2025;12:00;Enerji Açığı
11/06/2025;13:00;Enerji Açığı
11/06/2025;14:00;Enerji Açığı
11/06/2025;15:00;Enerji Açığı
11/06/2025;16:00;Enerji Açığı
11/06/2025;17:00;Enerji Açığı
11/06/2025;18:00;Enerji Açığı
11/06/2025;19:00;Enerji Açığı
11/06/2025;20:00;Enerji Açığı
11/06/2025;21:00;Enerji Açığı
11/06/2025;22:00;Enerji Açığı
11/06/2025;23:00;Enerji Açığı
12/06/2025;00:00;Enerji Açığı
12/06/2025;01:00;Enerji Açığı
12/06/2025;02:00;Enerji Açığı
12/06/2025;03:00;Enerji Açığı
12/06/2025;04:00;Enerji Açığı
12/06/2025;05:00;Enerji Fazlası
12/06/2025;06:00;Enerji Fazlası
12/06/2025;07:00;Enerji Fazlası
12/06/2025;08:00;Enerji Açığı
12/06/2025;09:00;Enerji Açığı
12/06/2025;10:00;Enerji Açığı
12/06/2025;11:00;Enerji Açığı
12/06/2025;12:00;Enerji Açığı
12/06/2025;13:00;Enerji Açığı
12/06/2025;14:00;Enerji Açığı
12/06/2025;15:00;Enerji Açığı
12/06/2025;16:00;Enerji Açığı
12/06/2025;17:00;Enerji Açığı
12/06/2025;18:00;Enerji Açığı
12/06/2025;19:00;Enerji Açığı
12/06/2025;20:00;Enerji Açığı
12/06/2025;21:00;Enerji Açığı
12/06/2025;22:00;Enerji Açığı
12/06/2025;23:00;Enerji Açığı
13/06/2025;00:00;Enerji Fazlası
13/06/2025;01:00;Enerji Açığı
13/06/2025;02:00;Enerji Açığı
13/06/2025;03:00;Enerji Açığı
13/06/2025;04:00;Enerji Açığı
13/06/2025;05:00;Enerji Açığı
13/06/2025;06:00;Dengede
13/06/2025;07:00;Enerji Fazlası
13/06/2025;08:00;Enerji Açığı
13/06/2025;09:00;Enerji Açığı
13/06/2025;10:00;Enerji Açığı
13/06/2025;11:00;Enerji Açığı
13/06/2025;12:00;Enerji Açığı
13/06/2025;13:00;Enerji Açığı
13/06/2025;14:00;Enerji Açığı
13/06/2025;15:00;Enerji Açığı
13/06/2025;16:00;Enerji Açığı
13/06/2025;17:00;Enerji Açığı
13/06/2025;18:00;Enerji Açığı
13/06/2025;19:00;Enerji Açığı
13/06/2025;20:00;Enerji Açığı
13/06/2025;21:00;Enerji Açığı
13/06/2025;22:00;Enerji Açığı
13/06/2025;23:00;Enerji Açığı
14/06/2025;00:00;Enerji Açığı
14/06/2025;01:00;Enerji Açığı
14/06/2025;02:00;Enerji Açığı
14/06/2025;03:00;Enerji Açığı
14/06/2025;04:00;Enerji Açığı
14/06/2025;05:00;Enerji Açığı
14/06/2025;06:00;Enerji Açığı
14/06/2025;07:00;Enerji Açığı
14/06/2025;08:00;Enerji Fazlası
14/06/2025;09:00;Enerji Fazlası
14/06/2025;10:00;Enerji Fazlası
14/06/2025;11:00;Enerji Açığı
14/06/2025;12:00;Enerji Fazlası
14/06/2025;13:00;Enerji Fazlası
14/06/2025;14:00;Enerji Fazlası
14/06/2025;15:00;Enerji Açığı
14/06/2025;16:00;Enerji Açığı
14/06/2025;17:00;Enerji Açığı
14/06/2025;18:00;Enerji Açığı
14/06/2025;19:00;Enerji Açığı
14/06/2025;20:00;Enerji Açığı
14/06/2025;21:00;Enerji Açığı
14/06/2025;22:00;Enerji Açığı
14/06/2025;23:00;Enerji Fazlası
15/06/2025;00:00;Enerji Açığı
15/06/2025;01:00;Enerji Açığı
15/06/2025;02:00;Enerji Açığı
15/06/2025;03:00;Enerji Açığı
15/06/2025;04:00;Enerji Açığı
15/06/2025;05:00;Enerji Açığı
15/06/2025;06:00;Enerji Fazlası
15/06/2025;07:00;Enerji Fazlası
15/06/2025;08:00;Enerji Fazlası
15/06/2025;09:00;Enerji Fazlası
15/06/2025;10:00;Enerji Fazlası
15/06/2025;11:00;Enerji Fazlası
15/06/2025;12:00;Enerji Fazlası
15/06/2025;13:00;Enerji Fazlası
15/06/2025;14:00;Enerji Fazlası
15/06/2025;15:00;Enerji Fazlası
15/06/2025;16:00;Enerji Açığı
15/06/2025;17:00;Enerji Açığı
15/06/2025;18:00;Enerji Açığı
15/06/2025;19:00;Enerji Açığı
15/06/2025;20:00;Enerji Açığı
15/06/2025;21:00;Enerji Açığı
15/06/2025;22:00;Enerji Açığı
15/06/2025;23:00;Enerji Açığı
16/06/2025;00:00;Enerji Açığı
16/06/2025;01:00;Enerji Açığı
16/06/2025;02:00;Enerji Açığı
16/06/2025;03:00;Enerji Açığı
16/06/2025;04:00;Enerji Açığı
16/06/2025;05:00;Enerji Fazlası
16/06/2025;06:00;Enerji Fazlası
16/06/2025;07:00;Enerji Fazlası
16/06/2025;08:00;Enerji Açığı
16/06/2025;09:00;Enerji Açığı
16/06/2025;10:00;Enerji Fazlası
16/06/2025;11:00;Enerji Açığı
16/06/2025;12:00;Enerji Fazlası
16/06/2025;13:00;Enerji Açığı
16/06/2025;14:00;Enerji Açığı
16/06/2025;15:00;Enerji Açığı
16/06/2025;16:00;Enerji Açığı
16/06/2025;17:00;Enerji Açığı
16/06/2025;18:00;Enerji Açığı
16/06/2025;19:00;Enerji Açığı
16/06/2025;20:00;Enerji Açığı
16/06/2025;21:00;Enerji Açığı
16/06/2025;22:00;Enerji Açığı
16/06/2025;23:00;Enerji Açığı
17/06/2025;00:00;Enerji Açığı
17/06/2025;01:00;Enerji Açığı
17/06/2025;02:00;Enerji Açığı
17/06/2025;03:00;Enerji Açığı
17/06/2025;04:00;Enerji Açığı
17/06/2025;05:00;Enerji Açığı
17/06/2025;06:00;Enerji Açığı
17/06/2025;07:00;Enerji Fazlası
17/06/2025;08:00;Enerji Açığı
17/06/2025;09:00;Enerji Açığı
17/06/2025;10:00;Enerji Fazlası
17/06/2025;11:00;Enerji Fazlası
17/06/2025;12:00;Enerji Fazlası
17/06/2025;13:00;Enerji Açığı
17/06/2025;14:00;Enerji Açığı
17/06/2025;15:00;Enerji Fazlası
17/06/2025;16:00;Enerji Açığı
17/06/2025;17:00;Enerji Açığı
17/06/2025;18:00;Enerji Açığı
17/06/2025;19:00;Enerji Açığı
17/06/2025;20:00;Enerji Açığı
17/06/2025;21:00;Enerji Açığı
17/06/2025;22:00;Enerji Açığı
17/06/2025;23:00;Enerji Açığı
18/06/2025;00:00;Enerji Açığı
18/06/2025;01:00;Enerji Açığı
18/06/2025;02:00;Enerji Açığı
18/06/2025;03:00;Enerji Açığı
18/06/2025;04:00;Enerji Açığı
18/06/2025;05:00;Enerji Açığı
18/06/2025;06:00;Enerji Açığı
18/06/2025;07:00;Enerji Açığı
18/06/2025;08:00;Enerji Açığı
18/06/2025;09:00;Enerji Açığı
18/06/2025;10:00;Enerji Fazlası
18/06/2025;11:00;Enerji Fazlası
18/06/2025;12:00;Enerji Fazlası
18/06/2025;13:00;Enerji Açığı
18/06/2025;14:00;Enerji Fazlası
18/06/2025;15:00;Enerji Fazlası
18/06/2025;16:00;Enerji Açığı
18/06/2025;17:00;Enerji Açığı
18/06/2025;18:00;Enerji Açığı
18/06/2025;19:00;Enerji Açığı
18/06/2025;20:00;Enerji Açığı
18/06/2025;21:00;Enerji Açığı
18/06/2025;22:00;Enerji Açığı
18/06/2025;23:00;Enerji Açığı
19/06/2025;00:00;Enerji Açığı
19/06/2025;01:00;Enerji Açığı
19/06/2025;02:00;Enerji Açığı
19/06/2025;03:00;Enerji Açığı
19/06/2025;04:00;Enerji Açığı
19/06/2025;05:00;Enerji Açığı
19/06/2025;06:00;Enerji Açığı
19/06/2025;07:00;Enerji Açığı
19/06/2025;08:00;Enerji Açığı
19/06/2025;09:00;Enerji Açığı
19/06/2025;10:00;Enerji Açığı
19/06/2025;11:00;Enerji Açığı
19/06/2025;12:00;Enerji Açığı
19/06/2025;13:00;Enerji Açığı
19/06/2025;14:00;Enerji Açığı
19/06/2025;15:00;Enerji Açığı
19/06/2025;16:00;Enerji Açığı
19/06/2025;17:00;Enerji Açığı
19/06/2025;18:00;Enerji Açığı
19/06/2025;19:00;Enerji Açığı
19/06/2025;20:00;Enerji Açığı
19/06/2025;21:00;Enerji Açığı
19/06/2025;22:00;Enerji Açığı
19/06/2025;23:00;Enerji Açığı
20/06/2025;00:00;Enerji Açığı
20/06/2025;01:00;Enerji Açığı
20/06/2025;02:00;Enerji Açığı
20/06/2025;03:00;Enerji Fazlası
20/06/2025;04:00;Enerji Fazlası
20/06/2025;05:00;Enerji Fazlası
20/06/2025;06:00;Enerji Fazlası
20/06/2025;07:00;Dengede
20/06/2025;08:00;Enerji Açığı
20/06/2025;09:00;Enerji Açığı
20/06/2025;10:00;Enerji Açığı
20/06/2025;11:00;Enerji Açığı
20/06/2025;12:00;Enerji Açığı
20/06/2025;13:00;Enerji Fazlası
20/06/2025;14:00;Enerji Açığı
20/06/2025;15:00;Enerji Fazlası
20/06/2025;16:00;Enerji Fazlası
20/06/2025;17:00;Enerji Açığı
20/06/2025;18:00;Enerji Açığı
20/06/2025;19:00;Enerji Açığı
20/06/2025;20:00;Enerji Açığı
20/06/2025;21:00;Enerji Açığı
20/06/2025;22:00;Enerji Açığı
20/06/2025;23:00;Enerji Açığı
21/06/2025;00:00;Enerji Açığı
21/06/2025;01:00;Enerji Açığı
21/06/2025;02:00;Enerji Açığı
21/06/2025;03:00;Enerji Açığı
21/06/2025;04:00;Enerji Açığı
21/06/2025;05:00;Enerji Açığı
21/06/2025;06:00;Enerji Açığı
21/06/2025;07:00;Enerji Açığı
21/06/2025;08:00;Enerji Açığı
21/06/2025;09:00;Enerji Açığı
21/06/2025;10:00;Enerji Açığı
21/06/2025;11:00;Enerji Açığı
21/06/2025;12:00;Enerji Açığı
21/06/2025;13:00;Enerji Açığı
21/06/2025;14:00;Enerji Açığı
21/06/2025;15:00;Enerji Açığı
21/06/2025;16:00;Enerji Açığı
21/06/2025;17:00;Enerji Açığı
21/06/2025;18:00;Enerji Açığı
21/06/2025;19:00;Enerji Açığı
21/06/2025;20:00;Enerji Açığı
21/06/2025;21:00;Enerji Açığı
21/06/2025;22:00;Enerji Açığı
21/06/2025;23:00;Enerji Fazlası
22/06/2025;00:00;Enerji Fazlası
22/06/2025;01:00;Enerji Açığı
22/06/2025;02:00;Enerji Açığı
22/06/2025;03:00;Enerji Açığı
22/06/2025;04:00;Enerji Açığı
22/06/2025;05:00;Enerji Açığı
22/06/2025;06:00;Enerji Açığı
22/06/2025;07:00;Enerji Açığı
22/06/2025;08:00;Enerji Fazlası
22/06/2025;09:00;Enerji Fazlası
22/06/2025;10:00;Enerji Fazlası
22/06/2025;11:00;Enerji Fazlası
22/06/2025;12:00;Enerji Fazlası
22/06/2025;13:00;Enerji Fazlası
22/06/2025;14:00;Enerji Fazlası
22/06/2025;15:00;Enerji Fazlası
22/06/2025;16:00;Enerji Fazlası
22/06/2025;17:00;Enerji Açığı
22/06/2025;18:00;Enerji Açığı
22/06/2025;19:00;Enerji Açığı
22/06/2025;20:00;Enerji Açığı
22/06/2025;21:00;Enerji Açığı
22/06/2025;22:00;Enerji Açığı
22/06/2025;23:00;Enerji Fazlası
23/06/2025;00:00;Enerji Açığı
23/06/2025;01:00;Enerji Fazlası
23/06/2025;02:00;Enerji Fazlası
23/06/2025;03:00;Dengede
23/06/2025;04:00;Enerji Fazlası
23/06/2025;05:00;Enerji Fazlası
23/06/2025;06:00;Enerji Açığı
23/06/2025;07:00;Enerji Fazlası
23/06/2025;08:00;Enerji Açığı
23/06/2025;09:00;Enerji Açığı
23/06/2025;10:00;Enerji Fazlası
23/06/2025;11:00;Enerji Açığı
23/06/2025;12:00;Enerji Fazlası
23/06/2025;13:00;Enerji Açığı
23/06/2025;14:00;Enerji Açığı
23/06/2025;15:00;Enerji Açığı
23/06/2025;16:00;Enerji Açığı
23/06/2025;17:00;Enerji Açığı
23/06/2025;18:00;Enerji Açığı
23/06/2025;19:00;Enerji Açığı
23/06/2025;20:00;Enerji Açığı
23/06/2025;21:00;Enerji Açığı
23/06/2025;22:00;Enerji Açığı
23/06/2025;23:00;Enerji Açığı
24/06/2025;00:00;Enerji Açığı
24/06/2025;01:00;Enerji Açığı
24/06/2025;02:00;Enerji Fazlası
24/06/2025;03:00;Enerji Fazlası
24/06/2025;04:00;Dengede
24/06/2025;05:00;Enerji Açığı
24/06/2025;06:00;Enerji Fazlası
24/06/2025;07:00;Enerji Fazlası
24/06/2025;08:00;Enerji Fazlası
24/06/2025;09:00;Enerji Açığı
24/06/2025;10:00;Enerji Açığı
24/06/2025;11:00;Enerji Açığı
24/06/2025;12:00;Enerji Fazlası
24/06/2025;13:00;Enerji Açığı
24/06/2025;14:00;Enerji Açığı
24/06/2025;15:00;Enerji Açığı
24/06/2025;16:00;Enerji Açığı
24/06/2025;17:00;Enerji Açığı
24/06/2025;18:00;Enerji Açığı
24/06/2025;19:00;Enerji Açığı
24/06/2025;20:00;Enerji Açığı
24/06/2025;21:00;Enerji Açığı
24/06/2025;22:00;Enerji Açığı
24/06/2025;23:00;Enerji Açığı
25/06/2025;00:00;Enerji Açığı
25/06/2025;01:00;Enerji Açığı
25/06/2025;02:00;Enerji Açığı
25/06/2025;03:00;Enerji Açığı
25/06/2025;04:00;Enerji Açığı
25/06/2025;05:00;Enerji Açığı
25/06/2025;06:00;Enerji Açığı
25/06/2025;07:00;Enerji Açığı
25/06/2025;08:00;Enerji Açığı
25/06/2025;09:00;Enerji Açığı
25/06/2025;10:00;Enerji Açığı
25/06/2025;11:00;Enerji Açığı
25/06/2025;12:00;Enerji Açığı
25/06/2025;13:00;Enerji Açığı
25/06/2025;14:00;Enerji Açığı
25/06/2025;15:00;Enerji Açığı
25/06/2025;16:00;Enerji Açığı
25/06/2025;17:00;Enerji Açığı
25/06/2025;18:00;Enerji Açığı
25/06/2025;19:00;Enerji Açığı
25/06/2025;20:00;Enerji Açığı
25/06/2025;21:00;Enerji Açığı
25/06/2025;22:00;Enerji Açığı
25/06/2025;23:00;Enerji Açığı
26/06/2025;00:00;Enerji Açığı
26/06/2025;01:00;Enerji Açığı
26/06/2025;02:00;Enerji Açığı
26/06/2025;03:00;Enerji Açığı
26/06/2025;04:00;Enerji Açığı
26/06/2025;05:00;Enerji Açığı
26/06/2025;06:00;Enerji Açığı
26/06/2025;07:00;Enerji Açığı
26/06/2025;08:00;Enerji Açığı
26/06/2025;09:00;Enerji Açığı
26/06/2025;10:00;Enerji Açığı
26/06/2025;11:00;Enerji Açığı
26/06/2025;12:00;Enerji Açığı
26/06/2025;13:00;Enerji Açığı
26/06/2025;14:00;Enerji Açığı
26/06/2025;15:00;Enerji Açığı
26/06/2025;16:00;Enerji Açığı
26/06/2025;17:00;Enerji Açığı
26/06/2025;18:00;Enerji Açığı
26/06/2025;19:00;Enerji Açığı
26/06/2025;20:00;Enerji Açığı
26/06/2025;21:00;Enerji Açığı
26/06/2025;22:00;Enerji Açığı
26/06/2025;23:00;Enerji Açığı
27/06/2025;00:00;Enerji Açığı
27/06/2025;01:00;Enerji Açığı
27/06/2025;02:00;Enerji Açığı
27/06/2025;03:00;Enerji Açığı
27/06/2025;04:00;Enerji Açığı
27/06/2025;05:00;Enerji Açığı
27/06/2025;06:00;Enerji Açığı
27/06/2025;07:00;Enerji Açığı
27/06/2025;08:00;Enerji Açığı
27/06/2025;09:00;Enerji Açığı
27/06/2025;10:00;Enerji Açığı
27/06/2025;11:00;Enerji Açığı
27/06/2025;12:00;Enerji Açığı
27/06/2025;13:00;Enerji Açığı
27/06/2025;14:00;Enerji Açığı
27/06/2025;15:00;Enerji Açığı
27/06/2025;16:00;Enerji Açığı
27/06/2025;17:00;Enerji Açığı
27/06/2025;18:00;Enerji Açığı
27/06/2025;19:00;Enerji Açığı
27/06/2025;20:00;Enerji Açığı
27/06/2025;21:00;Enerji Açığı
27/06/2025;22:00;Enerji Açığı
27/06/2025;23:00;Enerji Açığı
28/06/2025;00:00;Enerji Açığı
28/06/2025;01:00;Enerji Açığı
28/06/2025;02:00;Enerji Açığı
28/06/2025;03:00;Enerji Açığı
28/06/2025;04:00;Enerji Açığı
28/06/2025;05:00;Enerji Fazlası
28/06/2025;06:00;Enerji Fazlası
28/06/2025;07:00;Enerji Fazlası
28/06/2025;08:00;Enerji Fazlası
28/06/2025;09:00;Enerji Fazlası
28/06/2025;10:00;Enerji Fazlası
28/06/2025;11:00;Enerji Fazlası
28/06/2025;12:00;Dengede
28/06/2025;13:00;Enerji Açığı
28/06/2025;14:00;Enerji Açığı
28/06/2025;15:00;Enerji Açığı
28/06/2025;16:00;Enerji Açığı
28/06/2025;17:00;Enerji Açığı
28/06/2025;18:00;Enerji Açığı
28/06/2025;19:00;Enerji Açığı
28/06/2025;20:00;Enerji Açığı
28/06/2025;21:00;Enerji Açığı
28/06/2025;22:00;Enerji Açığı
28/06/2025;23:00;Enerji Açığı
29/06/2025;00:00;Enerji Açığı
29/06/2025;01:00;Enerji Açığı
29/06/2025;02:00;Enerji Açığı
29/06/2025;03:00;Enerji Açığı
29/06/2025;04:00;Enerji Açığı
29/06/2025;05:00;Enerji Açığı
29/06/2025;06:00;Enerji Açığı
29/06/2025;07:00;Enerji Açığı
29/06/2025;08:00;Enerji Fazlası
29/06/2025;09:00;Enerji Fazlası
29/06/2025;10:00;Enerji Fazlası
29/06/2025;11:00;Enerji Fazlası
29/06/2025;12:00;Enerji Fazlası
29/06/2025;13:00;Enerji Fazlası
29/06/2025;14:00;Enerji Fazlası
29/06/2025;15:00;Enerji Açığı
29/06/2025;16:00;Enerji Açığı
29/06/2025;17:00;Enerji Açığı
29/06/2025;18:00;Enerji Açığı
29/06/2025;19:00;Enerji Açığı
29/06/2025;20:00;Enerji Açığı
29/06/2025;21:00;Enerji Açığı
29/06/2025;22:00;Enerji Açığı
29/06/2025;23:00;Enerji Açığı
30/06/2025;00:00;Enerji Açığı
30/06/2025;01:00;Enerji Açığı
30/06/2025;02:00;Enerji Açığı
30/06/2025;03:00;Enerji Açığı
30/06/2025;04:00;Enerji Açığı
30/06/2025;05:00;Enerji Açığı
30/06/2025;06:00;Enerji Fazlası
30/06/2025;07:00;Enerji Fazlası
30/06/2025;08:00;Enerji Açığı
30/06/2025;09:00;Enerji Açığı
30/06/2025;10:00;Enerji Açığı
30/06/2025;11:00;Enerji Açığı
30/06/2025;12:00;Enerji Açığı
30/06/2025;13:00;Enerji Açığı
30/06/2025;14:00;Enerji Açığı
30/06/2025;15:00;Enerji Fazlası
30/06/2025;16:00;Enerji Fazlası
30/06/2025;17:00;Enerji Fazlası
30/06/2025;18:00;Enerji Açığı
30/06/2025;19:00;Enerji Açığı
30/06/2025;20:00;Enerji Açığı
30/06/2025;21:00;Enerji Açığı
30/06/2025;22:00;Enerji Açığı
30/06/2025;23:00;Enerji Açığı
01/07/2025;00:00;Enerji Açığı
01/07/2025;01:00;Enerji Açığı
01/07/2025;02:00;Enerji Açığı
01/07/2025;03:00;Enerji Açığı
01/07/2025;04:00;Enerji Açığı
01/07/2025;05:00;Enerji Açığı
01/07/2025;06:00;Enerji Açığı
01/07/2025;07:00;Enerji Açığı
01/07/2025;08:00;Enerji Açığı
01/07/2025;09:00;Enerji Açığı
01/07/2025;10:00;Enerji Açığı
01/07/2025;11:00;Enerji Açığı
01/07/2025;12:00;Enerji Açığı
01/07/2025;13:00;Enerji Açığı
01/07/2025;14:00;Enerji Açığı
01/07/2025;15:00;Enerji Açığı
01/07/2025;16:00;Enerji Fazlası
01/07/2025;17:00;Enerji Açığı
01/07/2025;18:00;Enerji Açığı
01/07/2025;19:00;Enerji Açığı
01/07/2025;20:00;Enerji Açığı
01/07/2025;21:00;Enerji Açığı
01/07/2025;22:00;Enerji Açığı
01/07/2025;23:00;Enerji Fazlası
02/07/2025;00:00;Enerji Fazlası
02/07/2025;01:00;Enerji Açığı
02/07/2025;02:00;Enerji Açığı
02/07/2025;03:00;Enerji Fazlası
02/07/2025;04:00;Enerji Fazlası
02/07/2025;05:00;Enerji Açığı
02/07/2025;06:00;Enerji Açığı
02/07/2025;07:00;Enerji Açığı
02/07/2025;08:00;Enerji Açığı
02/07/2025;09:00;Enerji Açığı
02/07/2025;10:00;Enerji Açığı
02/07/2025;11:00;Enerji Açığı
02/07/2025;12:00;Dengede
02/07/2025;13:00;Enerji Fazlası
02/07/2025;14:00;Enerji Açığı
02/07/2025;15:00;Enerji Açığı
02/07/2025;16:00;Enerji Fazlası
02/07/2025;17:00;Enerji Açığı
02/07/2025;18:00;Enerji Açığı
02/07/2025;19:00;Enerji Açığı
02/07/2025;20:00;Enerji Açığı
02/07/2025;21:00;Enerji Açığı
02/07/2025;22:00;Enerji Açığı
02/07/2025;23:00;Enerji Açığı
03/07/2025;00:00;Enerji Açığı
03/07/2025;01:00;Enerji Açığı
03/07/2025;02:00;Enerji Açığı
03/07/2025;03:00;Enerji Açığı
03/07/2025;04:00;Enerji Açığı
03/07/2025;05:00;Enerji Açığı
03/07/2025;06:00;Enerji Açığı
03/07/2025;07:00;Enerji Açığı
03/07/2025;08:00;Enerji Açığı
03/07/2025;09:00;Enerji Açığı
03/07/2025;10:00;Enerji Fazlası
03/07/2025;11:00;Enerji Açığı
03/07/2025;12:00;Enerji Fazlası
03/07/2025;13:00;Enerji Fazlası
03/07/2025;14:00;Enerji Fazlası
03/07/2025;15:00;Enerji Fazlası
03/07/2025;16:00;Enerji Açığı
03/07/2025;17:00;Enerji Açığı
03/07/2025;18:00;Enerji Açığı
03/07/2025;19:00;Enerji Açığı
03/07/2025;20:00;Enerji Açığı
03/07/2025;21:00;Enerji Açığı
03/07/2025;22:00;Enerji Açığı
03/07/2025;23:00;Enerji Açığı
04/07/2025;00:00;Enerji Açığı
04/07/2025;01:00;Enerji Açığı
04/07/2025;02:00;Enerji Açığı
04/07/2025;03:00;Enerji Açığı
04/07/2025;04:00;Enerji Açığı
04/07/2025;05:00;Enerji Açığı
04/07/2025;06:00;Enerji Açığı
04/07/2025;07:00;Enerji Açığı
04/07/2025;08:00;Enerji Açığı
04/07/2025;09:00;Enerji Açığı
04/07/2025;10:00;Enerji Açığı
04/07/2025;11:00;Enerji Açığı
04/07/2025;12:00;Enerji Açığı
04/07/2025;13:00;Enerji Fazlası
04/07/2025;14:00;Enerji Açığı
04/07/2025;15:00;Enerji Açığı
04/07/2025;16:00;Enerji Açığı
04/07/2025;17:00;Enerji Açığı
04/07/2025;18:00;Enerji Açığı
04/07/2025;19:00;Enerji Açığı
04/07/2025;20:00;Enerji Açığı
04/07/2025;21:00;Enerji Açığı
04/07/2025;22:00;Enerji Açığı
04/07/2025;23:00;Enerji Açığı
05/07/2025;00:00;Enerji Açığı
05/07/2025;01:00;Enerji Açığı
05/07/2025;02:00;Enerji Açığı
05/07/2025;03:00;Enerji Açığı
05/07/2025;04:00;Enerji Açığı
05/07/2025;05:00;Enerji Açığı
05/07/2025;06:00;Enerji Fazlası
05/07/2025;07:00;Enerji Açığı
05/07/2025;08:00;Enerji Fazlası
05/07/2025;09:00;Enerji Fazlası
05/07/2025;10:00;Enerji Fazlası
05/07/2025;11:00;Enerji Fazlası
05/07/2025;12:00;Enerji Fazlası
05/07/2025;13:00;Enerji Fazlası
05/07/2025;14:00;Enerji Fazlası
05/07/2025;15:00;Enerji Fazlası
05/07/2025;16:00;Enerji Fazlası
05/07/2025;17:00;Enerji Açığı
05/07/2025;18:00;Enerji Fazlası
05/07/2025;19:00;Enerji Açığı
05/07/2025;20:00;Enerji Açığı
05/07/2025;21:00;Enerji Açığı
05/07/2025;22:00;Enerji Fazlası
05/07/2025;23:00;Enerji Fazlası
06/07/2025;00:00;Enerji Fazlası
06/07/2025;01:00;Enerji Fazlası
06/07/2025;02:00;Enerji Fazlası
06/07/2025;03:00;Enerji Fazlası
06/07/2025;04:00;Enerji Fazlası
06/07/2025;05:00;Enerji Fazlası
06/07/2025;06:00;Enerji Fazlası
06/07/2025;07:00;Enerji Açığı
06/07/2025;08:00;Enerji Fazlası
06/07/2025;09:00;Enerji Açığı
06/07/2025;10:00;Dengede
06/07/2025;11:00;Enerji Fazlası
06/07/2025;12:00;Enerji Fazlası
06/07/2025;13:00;Enerji Açığı
06/07/2025;14:00;Enerji Açığı
06/07/2025;15:00;Enerji Açığı
06/07/2025;16:00;Enerji Açığı
06/07/2025;17:00;Enerji Açığı
06/07/2025;18:00;Enerji Açığı
06/07/2025;19:00;Enerji Açığı
06/07/2025;20:00;Enerji Açığı
06/07/2025;21:00;Enerji Açığı
06/07/2025;22:00;Enerji Açığı
06/07/2025;23:00;Enerji Açığı
07/07/2025;00:00;Enerji Açığı
07/07/2025;01:00;Enerji Açığı
07/07/2025;02:00;Enerji Açığı
07/07/2025;03:00;Enerji Açığı
07/07/2025;04:00;Enerji Açığı
07/07/2025;05:00;Enerji Açığı
07/07/2025;06:00;Enerji Fazlası
07/07/2025;07:00;Enerji Fazlası
07/07/2025;08:00;Enerji Açığı
07/07/2025;09:00;Enerji Açığı
07/07/2025;10:00;Enerji Açığı
07/07/2025;11:00;Enerji Açığı
07/07/2025;12:00;Enerji Açığı
07/07/2025;13:00;Enerji Açığı
07/07/2025;14:00;Enerji Açığı
07/07/2025;15:00;Enerji Açığı
07/07/2025;16:00;Enerji Açığı
07/07/2025;17:00;Enerji Açığı
07/07/2025;18:00;Enerji Açığı
07/07/2025;19:00;Enerji Açığı
07/07/2025;20:00;Enerji Açığı
07/07/2025;21:00;Enerji Açığı
07/07/2025;22:00;Enerji Açığı
07/07/2025;23:00;Enerji Açığı
08/07/2025;00:00;Enerji Açığı
08/07/2025;01:00;Enerji Açığı
08/07/2025;02:00;Enerji Açığı
08/07/2025;03:00;Enerji Açığı
08/07/2025;04:00;Enerji Açığı
08/07/2025;05:00;Enerji Açığı
08/07/2025;06:00;Enerji Açığı
08/07/2025;07:00;Enerji Açığı
08/07/2025;08:00;Enerji Açığı
08/07/2025;09:00;Enerji Açığı
08/07/2025;10:00;Enerji Açığı
08/07/2025;11:00;Enerji Açığı
08/07/2025;12:00;Enerji Açığı
08/07/2025;13:00;Enerji Açığı
08/07/2025;14:00;Enerji Açığı
08/07/2025;15:00;Enerji Açığı
08/07/2025;16:00;Enerji Açığı
08/07/2025;17:00;Enerji Açığı
08/07/2025;18:00;Enerji Açığı
08/07/2025;19:00;Enerji Açığı
08/07/2025;20:00;Enerji Açığı
08/07/2025;21:00;Enerji Açığı
08/07/2025;22:00;Enerji Açığı
08/07/2025;23:00;Enerji Açığı
09/07/2025;00:00;Enerji Açığı
09/07/2025;01:00;Enerji Açığı
09/07/2025;02:00;Enerji Açığı
09/07/2025;03:00;Enerji Açığı
09/07/2025;04:00;Enerji Açığı
09/07/2025;05:00;Enerji Açığı
09/07/2025;06:00;Enerji Fazlası
09/07/2025;07:00;Enerji Fazlası
09/07/2025;08:00;Enerji Açığı
09/07/2025;09:00;Enerji Açığı
09/07/2025;10:00;Enerji Açığı
09/07/2025;11:00;Enerji Açığı
09/07/2025;12:00;Enerji Fazlası
09/07/2025;13:00;Enerji Fazlası
09/07/2025;14:00;Enerji Açığı
09/07/2025;15:00;Enerji Açığı
09/07/2025;16:00;Enerji Açığı
09/07/2025;17:00;Enerji Açığı
09/07/2025;18:00;Enerji Açığı
09/07/2025;19:00;Enerji Açığı
09/07/2025;20:00;Enerji Açığı
09/07/2025;21:00;Enerji Açığı
09/07/2025;22:00;Enerji Açığı
09/07/2025;23:00;Enerji Açığı
10/07/2025;00:00;Enerji Açığı
10/07/2025;01:00;Enerji Açığı
10/07/2025;02:00;Enerji Açığı
10/07/2025;03:00;Enerji Açığı
10/07/2025;04:00;Enerji Açığı
10/07/2025;05:00;Enerji Açığı
10/07/2025;06:00;Enerji Açığı
10/07/2025;07:00;Enerji Açığı
10/07/2025;08:00;Enerji Açığı
10/07/2025;09:00;Enerji Açığı
10/07/2025;10:00;Enerji Açığı
10/07/2025;11:00;Enerji Açığı
10/07/2025;12:00;Enerji Açığı
10/07/2025;13:00;Enerji Açığı
10/07/2025;14:00;Enerji Açığı
10/07/2025;15:00;Enerji Açığı
10/07/2025;16:00;Enerji Açığı
10/07/2025;17:00;Enerji Açığı
10/07/2025;18:00;Enerji Açığı
10/07/2025;19:00;Enerji Açığı
10/07/2025;20:00;Enerji Açığı
10/07/2025;21:00;Enerji Açığı
10/07/2025;22:00;Enerji Açığı
10/07/2025;23:00;Enerji Açığı
11/07/2025;00:00;Enerji Açığı
11/07/2025;01:00;Enerji Açığı
11/07/2025;02:00;Enerji Açığı
11/07/2025;03:00;Enerji Fazlası
11/07/2025;04:00;Enerji Fazlası
11/07/2025;05:00;Enerji Açığı
11/07/2025;06:00;Enerji Açığı
11/07/2025;07:00;Enerji Açığı
11/07/2025;08:00;Enerji Açığı
11/07/2025;09:00;Enerji Açığı
11/07/2025;10:00;Enerji Açığı
11/07/2025;11:00;Enerji Açığı
11/07/2025;12:00;Dengede
11/07/2025;13:00;Enerji Açığı
11/07/2025;14:00;Enerji Açığı
11/07/2025;15:00;Enerji Açığı
11/07/2025;16:00;Enerji Açığı
11/07/2025;17:00;Enerji Açığı
11/07/2025;18:00;Enerji Açığı
11/07/2025;19:00;Enerji Açığı
11/07/2025;20:00;Enerji Açığı
11/07/2025;21:00;Enerji Açığı
11/07/2025;22:00;Enerji Açığı
11/07/2025;23:00;Enerji Açığı
12/07/2025;00:00;Enerji Açığı
12/07/2025;01:00;Enerji Açığı
12/07/2025;02:00;Enerji Açığı
12/07/2025;03:00;Enerji Açığı
12/07/2025;04:00;Enerji Açığı
12/07/2025;05:00;Enerji Açığı
12/07/2025;06:00;Enerji Açığı
12/07/2025;07:00;Enerji Açığı
12/07/2025;08:00;Enerji Açığı
12/07/2025;09:00;Enerji Açığı
12/07/2025;10:00;Enerji Açığı
12/07/2025;11:00;Enerji Açığı
12/07/2025;12:00;Enerji Açığı
12/07/2025;13:00;Enerji Açığı
12/07/2025;14:00;Enerji Açığı
12/07/2025;15:00;Enerji Açığı
12/07/2025;16:00;Enerji Açığı
12/07/2025;17:00;Enerji Açığı
12/07/2025;18:00;Enerji Açığı
12/07/2025;19:00;Enerji Açığı
12/07/2025;20:00;Enerji Açığı
12/07/2025;21:00;Enerji Açığı
12/07/2025;22:00;Enerji Açığı
12/07/2025;23:00;Enerji Açığı
13/07/2025;00:00;Enerji Açığı
13/07/2025;01:00;Enerji Açığı
13/07/2025;02:00;Enerji Açığı
13/07/2025;03:00;Enerji Açığı
13/07/2025;04:00;Enerji Açığı
13/07/2025;05:00;Enerji Açığı
13/07/2025;06:00;Enerji Açığı
13/07/2025;07:00;Enerji Fazlası
13/07/2025;08:00;Enerji Fazlası
13/07/2025;09:00;Enerji Fazlası
13/07/2025;10:00;Enerji Fazlası
13/07/2025;11:00;Enerji Fazlası
13/07/2025;12:00;Enerji Fazlası
13/07/2025;13:00;Enerji Fazlası
13/07/2025;14:00;Enerji Fazlası
13/07/2025;15:00;Enerji Fazlası
13/07/2025;16:00;Enerji Açığı
13/07/2025;17:00;Enerji Fazlası
13/07/2025;18:00;Enerji Açığı
13/07/2025;19:00;Enerji Açığı
13/07/2025;20:00;Enerji Açığı
13/07/2025;21:00;Enerji Açığı
13/07/2025;22:00;Enerji Açığı
13/07/2025;23:00;Enerji Açığı
14/07/2025;00:00;Enerji Açığı
14/07/2025;01:00;Enerji Açığı
14/07/2025;02:00;Enerji Açığı
14/07/2025;03:00;Enerji Açığı
14/07/2025;04:00;Enerji Açığı
14/07/2025;05:00;Enerji Açığı
14/07/2025;06:00;Enerji Açığı
14/07/2025;07:00;Enerji Fazlası
14/07/2025;08:00;Enerji Fazlası
14/07/2025;09:00;Enerji Açığı
14/07/2025;10:00;Enerji Açığı
14/07/2025;11:00;Enerji Açığı
14/07/2025;12:00;Enerji Fazlası
14/07/2025;13:00;Enerji Açığı
14/07/2025;14:00;Enerji Açığı
14/07/2025;15:00;Enerji Açığı
14/07/2025;16:00;Enerji Açığı
14/07/2025;17:00;Enerji Açığı
14/07/2025;18:00;Enerji Açığı
14/07/2025;19:00;Enerji Açığı
14/07/2025;20:00;Enerji Açığı
14/07/2025;21:00;Enerji Açığı
14/07/2025;22:00;Enerji Açığı
14/07/2025;23:00;Enerji Fazlası
15/07/2025;00:00;Enerji Açığı
15/07/2025;01:00;Enerji Açığı
15/07/2025;02:00;Enerji Açığı
15/07/2025;03:00;Enerji Açığı
15/07/2025;04:00;Enerji Açığı
15/07/2025;05:00;Enerji Açığı
15/07/2025;06:00;Enerji Açığı
15/07/2025;07:00;Enerji Açığı
15/07/2025;08:00;Enerji Fazlası
15/07/2025;09:00;Enerji Fazlası
15/07/2025;10:00;Enerji Açığı
15/07/2025;11:00;Enerji Açığı
15/07/2025;12:00;Enerji Açığı
15/07/2025;13:00;Enerji Açığı
15/07/2025;14:00;Enerji Açığı
15/07/2025;15:00;Enerji Açığı
15/07/2025;16:00;Enerji Açığı
15/07/2025;17:00;Enerji Açığı
15/07/2025;18:00;Enerji Açığı
15/07/2025;19:00;Enerji Açığı
15/07/2025;20:00;Enerji Açığı
15/07/2025;21:00;Enerji Açığı
15/07/2025;22:00;Enerji Açığı
15/07/2025;23:00;Enerji Fazlası
16/07/2025;00:00;Enerji Fazlası
16/07/2025;01:00;Enerji Fazlası
16/07/2025;02:00;Enerji Fazlası
16/07/2025;03:00;Enerji Fazlası
16/07/2025;04:00;Enerji Fazlası
16/07/2025;05:00;Enerji Fazlası
16/07/2025;06:00;Enerji Fazlası
16/07/2025;07:00;Enerji Açığı
16/07/2025;08:00;Enerji Açığı
16/07/2025;09:00;Enerji Açığı
16/07/2025;10:00;Enerji Açığı
16/07/2025;11:00;Enerji Açığı
16/07/2025;12:00;Enerji Açığı
16/07/2025;13:00;Enerji Açığı
16/07/2025;14:00;Enerji Açığı
16/07/2025;15:00;Enerji Açığı
16/07/2025;16:00;Enerji Açığı
16/07/2025;17:00;Enerji Açığı
16/07/2025;18:00;Enerji Açığı
16/07/2025;19:00;Enerji Açığı
16/07/2025;20:00;Enerji Açığı
16/07/2025;21:00;Enerji Açığı
16/07/2025;22:00;Enerji Açığı
16/07/2025;23:00;Enerji Açığı
17/07/2025;00:00;Enerji Açığı
17/07/2025;01:00;Enerji Açığı
17/07/2025;02:00;Enerji Açığı
17/07/2025;03:00;Enerji Açığı
17/07/2025;04:00;Enerji Fazlası
17/07/2025;05:00;Enerji Açığı
17/07/2025;06:00;Enerji Fazlası
17/07/2025;07:00;Enerji Fazlası
17/07/2025;08:00;Enerji Açığı
17/07/2025;09:00;Enerji Açığı
17/07/2025;10:00;Enerji Açığı
17/07/2025;11:00;Enerji Açığı
17/07/2025;12:00;Enerji Açığı
17/07/2025;13:00;Enerji Açığı
17/07/2025;14:00;Enerji Açığı
17/07/2025;15:00;Enerji Açığı
17/07/2025;16:00;Enerji Açığı
17/07/2025;17:00;Enerji Açığı
17/07/2025;18:00;Enerji Açığı
17/07/2025;19:00;Enerji Açığı
17/07/2025;20:00;Enerji Açığı
17/07/2025;21:00;Enerji Açığı
17/07/2025;22:00;Enerji Açığı
17/07/2025;23:00;Enerji Açığı
18/07/2025;00:00;Enerji Açığı
18/07/2025;01:00;Enerji Açığı
18/07/2025;02:00;Enerji Açığı
18/07/2025;03:00;Enerji Açığı
18/07/2025;04:00;Enerji Açığı
18/07/2025;05:00;Enerji Açığı
18/07/2025;06:00;Enerji Açığı
18/07/2025;07:00;Enerji Açığı
18/07/2025;08:00;Enerji Açığı
18/07/2025;09:00;Enerji Açığı
18/07/2025;10:00;Enerji Açığı
18/07/2025;11:00;Enerji Açığı
18/07/2025;12:00;Enerji Açığı
18/07/2025;13:00;Enerji Açığı
18/07/2025;14:00;Enerji Açığı
18/07/2025;15:00;Enerji Açığı
18/07/2025;16:00;Enerji Açığı
18/07/2025;17:00;Enerji Açığı
18/07/2025;18:00;Enerji Açığı
18/07/2025;19:00;Enerji Açığı
18/07/2025;20:00;Enerji Açığı
18/07/2025;21:00;Enerji Açığı
18/07/2025;22:00;Enerji Açığı
18/07/2025;23:00;Enerji Açığı
19/07/2025;00:00;Enerji Açığı
19/07/2025;01:00;Enerji Fazlası
19/07/2025;02:00;Enerji Açığı
19/07/2025;03:00;Enerji Fazlası
19/07/2025;04:00;Enerji Fazlası
19/07/2025;05:00;Enerji Fazlası
19/07/2025;06:00;Dengede
19/07/2025;07:00;Enerji Açığı
19/07/2025;08:00;Enerji Fazlası
19/07/2025;09:00;Enerji Açığı
19/07/2025;10:00;Enerji Açığı
19/07/2025;11:00;Enerji Açığı
19/07/2025;12:00;Enerji Açığı
19/07/2025;13:00;Enerji Açığı
19/07/2025;14:00;Enerji Açığı
19/07/2025;15:00;Enerji Açığı
19/07/2025;16:00;Enerji Açığı
19/07/2025;17:00;Enerji Açığı
19/07/2025;18:00;Enerji Açığı
19/07/2025;19:00;Enerji Açığı
19/07/2025;20:00;Enerji Açığı
19/07/2025;21:00;Enerji Açığı
19/07/2025;22:00;Enerji Açığı
19/07/2025;23:00;Enerji Açığı
20/07/2025;00:00;Enerji Açığı
20/07/2025;01:00;Enerji Fazlası
20/07/2025;02:00;Enerji Fazlası
20/07/2025;03:00;Enerji Açığı
20/07/2025;04:00;Enerji Açığı
20/07/2025;05:00;Enerji Açığı
20/07/2025;06:00;Enerji Açığı
20/07/2025;07:00;Enerji Açığı
20/07/2025;08:00;Enerji Fazlası
20/07/2025;09:00;Enerji Fazlası
20/07/2025;10:00;Enerji Fazlası
20/07/2025;11:00;Enerji Fazlası
20/07/2025;12:00;Enerji Fazlası
20/07/2025;13:00;Enerji Açığı
20/07/2025;14:00;Enerji Açığı
20/07/2025;15:00;Enerji Açığı
20/07/2025;16:00;Enerji Açığı
20/07/2025;17:00;Enerji Açığı
20/07/2025;18:00;Enerji Açığı
20/07/2025;19:00;Enerji Açığı
20/07/2025;20:00;Enerji Açığı
20/07/2025;21:00;Enerji Açığı
20/07/2025;22:00;Enerji Açığı
20/07/2025;23:00;Enerji Açığı
21/07/2025;00:00;Enerji Açığı
21/07/2025;01:00;Enerji Açığı
21/07/2025;02:00;Enerji Açığı
21/07/2025;03:00;Enerji Açığı
21/07/2025;04:00;Enerji Açığı
21/07/2025;05:00;Enerji Açığı
21/07/2025;06:00;Enerji Fazlası
21/07/2025;07:00;Enerji Fazlası
21/07/2025;08:00;Enerji Açığı
21/07/2025;09:00;Enerji Açığı
21/07/2025;10:00;Enerji Açığı
21/07/2025;11:00;Enerji Açığı
21/07/2025;12:00;Enerji Açığı
21/07/2025;13:00;Enerji Açığı
21/07/2025;14:00;Enerji Açığı
21/07/2025;15:00;Enerji Açığı
21/07/2025;16:00;Enerji Açığı
21/07/2025;17:00;Enerji Açığı
21/07/2025;18:00;Enerji Açığı
21/07/2025;19:00;Enerji Açığı
21/07/2025;20:00;Enerji Açığı
21/07/2025;21:00;Enerji Açığı
21/07/2025;22:00;Enerji Açığı
21/07/2025;23:00;Enerji Açığı
22/07/2025;00:00;Enerji Açığı
22/07/2025;01:00;Enerji Açığı
22/07/2025;02:00;Enerji Açığı
22/07/2025;03:00;Enerji Açığı
22/07/2025;04:00;Enerji Açığı
22/07/2025;05:00;Enerji Açığı
22/07/2025;06:00;Enerji Açığı
22/07/2025;07:00;Enerji Açığı
22/07/2025;08:00;Enerji Açığı
22/07/2025;09:00;Enerji Açığı
22/07/2025;10:00;Enerji Açığı
22/07/2025;11:00;Enerji Açığı
22/07/2025;12:00;Enerji Açığı
22/07/2025;13:00;Enerji Açığı
22/07/2025;14:00;Enerji Açığı
22/07/2025;15:00;Enerji Açığı
22/07/2025;16:00;Enerji Açığı
22/07/2025;17:00;Enerji Açığı
22/07/2025;18:00;Enerji Açığı
22/07/2025;19:00;Enerji Açığı
22/07/2025;20:00;Enerji Açığı
22/07/2025;21:00;Enerji Açığı
22/07/2025;22:00;Enerji Açığı
22/07/2025;23:00;Enerji Açığı
23/07/2025;00:00;Enerji Açığı
23/07/2025;01:00;Enerji Açığı
23/07/2025;02:00;Enerji Açığı
23/07/2025;03:00;Enerji Açığı
23/07/2025;04:00;Enerji Açığı
23/07/2025;05:00;Enerji Açığı
23/07/2025;06:00;Enerji Açığı
23/07/2025;07:00;Enerji Açığı
23/07/2025;08:00;Enerji Açığı
23/07/2025;09:00;Enerji Açığı
23/07/2025;10:00;Enerji Açığı
23/07/2025;11:00;Enerji Açığı
23/07/2025;12:00;Enerji Açığı
23/07/2025;13:00;Enerji Açığı
23/07/2025;14:00;Enerji Açığı
23/07/2025;15:00;Enerji Açığı
23/07/2025;16:00;Enerji Açığı
23/07/2025;17:00;Enerji Açığı
23/07/2025;18:00;Enerji Açığı
23/07/2025;19:00;Enerji Açığı
23/07/2025;20:00;Enerji Açığı
23/07/2025;21:00;Enerji Açığı
23/07/2025;22:00;Enerji Açığı
23/07/2025;23:00;Enerji Açığı
24/07/2025;00:00;Enerji Açığı
24/07/2025;01:00;Enerji Açığı
24/07/2025;02:00;Enerji Açığı
24/07/2025;03:00;Enerji Açığı
24/07/2025;04:00;Enerji Açığı
24/07/2025;05:00;Enerji Açığı
24/07/2025;06:00;Enerji Açığı
24/07/2025;07:00;Enerji Açığı
24/07/2025;08:00;Enerji Açığı
24/07/2025;09:00;Enerji Açığı
24/07/2025;10:00;Enerji Açığı
24/07/2025;11:00;Enerji Açığı
24/07/2025;12:00;Enerji Açığı
24/07/2025;13:00;Enerji Açığı
24/07/2025;14:00;Enerji Açığı
24/07/2025;15:00;Enerji Açığı
24/07/2025;16:00;Enerji Açığı
24/07/2025;17:00;Enerji Açığı
24/07/2025;18:00;Enerji Açığı
24/07/2025;19:00;Enerji Açığı
24/07/2025;20:00;Enerji Açığı
24/07/2025;21:00;Enerji Açığı
24/07/2025;22:00;Enerji Açığı
24/07/2025;23:00;Enerji Açığı
25/07/2025;00:00;Enerji Açığı
25/07/2025;01:00;Enerji Açığı
25/07/2025;02:00;Enerji Açığı
25/07/2025;03:00;Enerji Açığı
25/07/2025;04:00;Enerji Açığı
25/07/2025;05:00;Enerji Açığı
25/07/2025;06:00;Enerji Açığı
25/07/2025;07:00;Enerji Açığı
25/07/2025;08:00;Enerji Açığı
25/07/2025;09:00;Enerji Açığı
25/07/2025;10:00;Enerji Açığı
25/07/2025;11:00;Enerji Açığı
25/07/2025;12:00;Enerji Açığı
25/07/2025;13:00;Enerji Açığı
25/07/2025;14:00;Enerji Açığı
25/07/2025;15:00;Enerji Açığı
25/07/2025;16:00;Enerji Açığı
25/07/2025;17:00;Enerji Açığı
25/07/2025;18:00;Enerji Açığı
25/07/2025;19:00;Enerji Açığı
25/07/2025;20:00;Enerji Açığı
25/07/2025;21:00;Enerji Açığı
25/07/2025;22:00;Enerji Açığı
25/07/2025;23:00;Enerji Açığı
26/07/2025;00:00;Enerji Açığı
26/07/2025;01:00;Enerji Açığı
26/07/2025;02:00;Enerji Açığı
26/07/2025;03:00;Enerji Açığı
26/07/2025;04:00;Enerji Açığı
26/07/2025;05:00;Enerji Açığı
26/07/2025;06:00;Enerji Açığı
26/07/2025;07:00;Enerji Açığı
26/07/2025;08:00;Enerji Açığı
26/07/2025;09:00;Enerji Açığı
26/07/2025;10:00;Enerji Açığı
26/07/2025;11:00;Enerji Açığı
26/07/2025;12:00;Enerji Açığı
26/07/2025;13:00;Enerji Açığı
26/07/2025;14:00;Enerji Açığı
26/07/2025;15:00;Enerji Açığı
26/07/2025;16:00;Enerji Açığı
26/07/2025;17:00;Enerji Açığı
26/07/2025;18:00;Enerji Açığı
26/07/2025;19:00;Enerji Açığı
26/07/2025;20:00;Enerji Açığı
26/07/2025;21:00;Enerji Açığı
26/07/2025;22:00;Enerji Açığı
26/07/2025;23:00;Enerji Açığı
27/07/2025;00:00;Enerji Açığı
27/07/2025;01:00;Enerji Açığı
27/07/2025;02:00;Enerji Açığı
27/07/2025;03:00;Enerji Açığı
27/07/2025;04:00;Enerji Açığı
27/07/2025;05:00;Enerji Açığı
27/07/2025;06:00;Enerji Açığı
27/07/2025;07:00;Enerji Açığı
27/07/2025;08:00;Enerji Açığı
27/07/2025;09:00;Enerji Açığı
27/07/2025;10:00;Enerji Açığı
27/07/2025;11:00;Enerji Açığı
27/07/2025;12:00;Enerji Açığı
27/07/2025;13:00;Enerji Açığı
27/07/2025;14:00;Enerji Fazlası
27/07/2025;15:00;Enerji Fazlası
27/07/2025;16:00;Enerji Fazlası
27/07/2025;17:00;Enerji Açığı
27/07/2025;18:00;Enerji Açığı
27/07/2025;19:00;Enerji Açığı
27/07/2025;20:00;Enerji Açığı
27/07/2025;21:00;Enerji Açığı
27/07/2025;22:00;Enerji Açığı
27/07/2025;23:00;Enerji Açığı
28/07/2025;00:00;Enerji Açığı
28/07/2025;01:00;Enerji Açığı
28/07/2025;02:00;Enerji Açığı
28/07/2025;03:00;Enerji Açığı
28/07/2025;04:00;Enerji Açığı
28/07/2025;05:00;Enerji Açığı
28/07/2025;06:00;Enerji Açığı
28/07/2025;07:00;Enerji Açığı
28/07/2025;08:00;Enerji Açığı
28/07/2025;09:00;Enerji Açığı
28/07/2025;10:00;Enerji Açığı
28/07/2025;11:00;Enerji Açığı
28/07/2025;12:00;Enerji Açığı
28/07/2025;13:00;Enerji Açığı
28/07/2025;14:00;Enerji Açığı
28/07/2025;15:00;Enerji Açığı
28/07/2025;16:00;Enerji Açığı
28/07/2025;17:00;Enerji Açığı
28/07/2025;18:00;Enerji Açığı
28/07/2025;19:00;Enerji Açığı
28/07/2025;20:00;Enerji Açığı
28/07/2025;21:00;Enerji Açığı
28/07/2025;22:00;Enerji Açığı
28/07/2025;23:00;Enerji Açığı
29/07/2025;00:00;Enerji Açığı
29/07/2025;01:00;Enerji Açığı
29/07/2025;02:00;Enerji Açığı
29/07/2025;03:00;Enerji Açığı
29/07/2025;04:00;Enerji Açığı
29/07/2025;05:00;Enerji Açığı
29/07/2025;06:00;Enerji Açığı
29/07/2025;07:00;Enerji Açığı
29/07/2025;08:00;Enerji Açığı
29/07/2025;09:00;Enerji Açığı
29/07/2025;10:00;Enerji Açığı
29/07/2025;11:00;Enerji Açığı
29/07/2025;12:00;Enerji Açığı
29/07/2025;13:00;Enerji Açığı
29/07/2025;14:00;Enerji Açığı
29/07/2025;15:00;Enerji Açığı
29/07/2025;16:00;Enerji Açığı
29/07/2025;17:00;Enerji Açığı
29/07/2025;18:00;Enerji Açığı
29/07/2025;19:00;Enerji Açığı
29/07/2025;20:00;Enerji Açığı
29/07/2025;21:00;Enerji Açığı
29/07/2025;22:00;Enerji Açığı
29/07/2025;23:00;Enerji Açığı
30/07/2025;00:00;Enerji Açığı
30/07/2025;01:00;Enerji Açığı
30/07/2025;02:00;Enerji Açığı
30/07/2025;03:00;Enerji Açığı
30/07/2025;04:00;Enerji Açığı
30/07/2025;05:00;Enerji Açığı
30/07/2025;06:00;Enerji Açığı
30/07/2025;07:00;Enerji Açığı
30/07/2025;08:00;Enerji Açığı
30/07/2025;09:00;Enerji Açığı
30/07/2025;10:00;Enerji Açığı
30/07/2025;11:00;Enerji Açığı
30/07/2025;12:00;Enerji Açığı
30/07/2025;13:00;Enerji Açığı
30/07/2025;14:00;Enerji Açığı
30/07/2025;15:00;Enerji Açığı
30/07/2025;16:00;Enerji Açığı
30/07/2025;17:00;Enerji Açığı
30/07/2025;18:00;Enerji Açığı
30/07/2025;19:00;Enerji Açığı
30/07/2025;20:00;Enerji Açığı
30/07/2025;21:00;Enerji Açığı
30/07/2025;22:00;Enerji Açığı
30/07/2025;23:00;Enerji Fazlası
31/07/2025;00:00;Enerji Açığı
31/07/2025;01:00;Enerji Açığı
31/07/2025;02:00;Enerji Fazlası
31/07/2025;03:00;Enerji Fazlası
31/07/2025;04:00;Enerji Fazlası
31/07/2025;05:00;Enerji Fazlası
31/07/2025;06:00;Enerji Fazlası
31/07/2025;07:00;Enerji Açığı
31/07/2025;08:00;Enerji Açığı
31/07/2025;09:00;Enerji Açığı
31/07/2025;10:00;Enerji Açığı
31/07/2025;11:00;Enerji Açığı
31/07/2025;12:00;Enerji Açığı
31/07/2025;13:00;Enerji Açığı
31/07/2025;14:00;Enerji Açığı
31/07/2025;15:00;Enerji Açığı
31/07/2025;16:00;Enerji Açığı
31/07/2025;17:00;Enerji Açığı
31/07/2025;18:00;Enerji Açığı
31/07/2025;19:00;Enerji Açığı
31/07/2025;20:00;Enerji Açığı
31/07/2025;21:00;Enerji Açığı
31/07/2025;22:00;Enerji Açığı
31/07/2025;23:00;Enerji Fazlası
01/08/2025;00:00;Enerji Açığı
01/08/2025;01:00;Enerji Açığı
01/08/2025;02:00;Enerji Açığı
01/08/2025;03:00;Enerji Açığı
01/08/2025;04:00;Enerji Açığı
01/08/2025;05:00;Enerji Fazlası
01/08/2025;06:00;Enerji Açığı
01/08/2025;07:00;Enerji Açığı
01/08/2025;08:00;Enerji Açığı
01/08/2025;09:00;Enerji Açığı
01/08/2025;10:00;Enerji Açığı
01/08/2025;11:00;Enerji Açığı
01/08/2025;12:00;Enerji Fazlası
01/08/2025;13:00;Enerji Fazlası
01/08/2025;14:00;Enerji Fazlası
01/08/2025;15:00;Enerji Fazlası
01/08/2025;16:00;Enerji Açığı
01/08/2025;17:00;Enerji Açığı
01/08/2025;18:00;Enerji Fazlası
01/08/2025;19:00;Enerji Fazlası
01/08/2025;20:00;Enerji Açığı
01/08/2025;21:00;Enerji Açığı
01/08/2025;22:00;Enerji Fazlası
01/08/2025;23:00;Enerji Fazlası
02/08/2025;00:00;Enerji Fazlası
02/08/2025;01:00;Enerji Fazlası
02/08/2025;02:00;Enerji Açığı
02/08/2025;03:00;Enerji Fazlası
02/08/2025;04:00;Enerji Açığı
02/08/2025;05:00;Enerji Açığı
02/08/2025;06:00;Enerji Açığı
02/08/2025;07:00;Enerji Açığı
02/08/2025;08:00;Enerji Açığı
02/08/2025;09:00;Enerji Açığı
02/08/2025;10:00;Enerji Açığı
02/08/2025;11:00;Enerji Açığı
02/08/2025;12:00;Enerji Açığı
02/08/2025;13:00;Enerji Açığı
02/08/2025;14:00;Enerji Açığı
02/08/2025;15:00;Enerji Açığı
02/08/2025;16:00;Enerji Açığı
02/08/2025;17:00;Enerji Açığı
02/08/2025;18:00;Enerji Açığı
02/08/2025;19:00;Enerji Açığı
02/08/2025;20:00;Enerji Açığı
02/08/2025;21:00;Enerji Açığı
02/08/2025;22:00;Enerji Açığı
02/08/2025;23:00;Enerji Açığı
03/08/2025;00:00;Enerji Açığı
03/08/2025;01:00;Enerji Açığı
03/08/2025;02:00;Enerji Açığı
03/08/2025;03:00;Enerji Açığı
03/08/2025;04:00;Enerji Açığı
03/08/2025;05:00;Enerji Açığı
03/08/2025;06:00;Enerji Açığı
03/08/2025;07:00;Enerji Fazlası
03/08/2025;08:00;Enerji Açığı
03/08/2025;09:00;Enerji Fazlası
03/08/2025;10:00;Enerji Fazlası
03/08/2025;11:00;Enerji Fazlası
03/08/2025;12:00;Enerji Fazlası
03/08/2025;13:00;Enerji Açığı
03/08/2025;14:00;Enerji Açığı
03/08/2025;15:00;Enerji Açığı
03/08/2025;16:00;Enerji Açığı
03/08/2025;17:00;Enerji Fazlası
03/08/2025;18:00;Enerji Açığı
03/08/2025;19:00;Enerji Açığı
03/08/2025;20:00;Enerji Açığı
03/08/2025;21:00;Enerji Açığı
03/08/2025;22:00;Enerji Açığı
03/08/2025;23:00;Enerji Açığı
04/08/2025;00:00;Enerji Açığı
04/08/2025;01:00;Enerji Açığı
04/08/2025;02:00;Enerji Açığı
04/08/2025;03:00;Enerji Açığı
04/08/2025;04:00;Enerji Fazlası
04/08/2025;05:00;Enerji Fazlası
04/08/2025;06:00;Enerji Açığı
04/08/2025;07:00;Enerji Fazlası
04/08/2025;08:00;Enerji Açığı
04/08/2025;09:00;Enerji Açığı
04/08/2025;10:00;Enerji Açığı
04/08/2025;11:00;Enerji Fazlası
04/08/2025;12:00;Enerji Fazlası
04/08/2025;13:00;Enerji Fazlası
04/08/2025;14:00;Enerji Açığı
04/08/2025;15:00;Enerji Açığı
04/08/2025;16:00;Enerji Açığı
04/08/2025;17:00;Enerji Açığı
04/08/2025;18:00;Enerji Açığı
04/08/2025;19:00;Enerji Açığı
04/08/2025;20:00;Enerji Açığı
04/08/2025;21:00;Enerji Açığı
04/08/2025;22:00;Enerji Açığı
04/08/2025;23:00;Enerji Açığı
05/08/2025;00:00;Enerji Açığı
05/08/2025;01:00;Enerji Açığı
05/08/2025;02:00;Enerji Açığı
05/08/2025;03:00;Enerji Fazlası
05/08/2025;04:00;Enerji Fazlası
05/08/2025;05:00;Enerji Fazlası
05/08/2025;06:00;Enerji Fazlası
05/08/2025;07:00;Enerji Fazlası
05/08/2025;08:00;Enerji Fazlası
05/08/2025;09:00;Enerji Fazlası
05/08/2025;10:00;Enerji Fazlası
05/08/2025;11:00;Enerji Fazlası
05/08/2025;12:00;Enerji Fazlası
05/08/2025;13:00;Enerji Açığı
05/08/2025;14:00;Enerji Açığı
05/08/2025;15:00;Enerji Açığı
05/08/2025;16:00;Enerji Açığı
05/08/2025;17:00;Enerji Açığı
05/08/2025;18:00;Enerji Açığı
05/08/2025;19:00;Enerji Açığı
05/08/2025;20:00;Enerji Açığı
05/08/2025;21:00;Enerji Açığı
05/08/2025;22:00;Enerji Açığı
05/08/2025;23:00;Enerji Açığı
06/08/2025;00:00;Enerji Açığı
06/08/2025;01:00;Enerji Açığı
06/08/2025;02:00;Enerji Açığı
06/08/2025;03:00;Enerji Açığı
06/08/2025;04:00;Enerji Açığı
06/08/2025;05:00;Enerji Açığı
06/08/2025;06:00;Enerji Açığı
06/08/2025;07:00;Enerji Açığı
06/08/2025;08:00;Enerji Açığı
06/08/2025;09:00;Enerji Açığı
06/08/2025;10:00;Enerji Açığı
06/08/2025;11:00;Enerji Açığı
06/08/2025;12:00;Enerji Açığı
06/08/2025;13:00;Enerji Açığı
06/08/2025;14:00;Enerji Açığı
06/08/2025;15:00;Enerji Açığı
06/08/2025;16:00;Enerji Açığı
06/08/2025;17:00;Enerji Açığı
06/08/2025;18:00;Enerji Açığı
06/08/2025;19:00;Enerji Açığı
06/08/2025;20:00;Enerji Açığı
06/08/2025;21:00;Enerji Açığı
06/08/2025;22:00;Enerji Açığı
06/08/2025;23:00;Enerji Açığı
07/08/2025;00:00;Enerji Açığı
07/08/2025;01:00;Enerji Açığı
07/08/2025;02:00;Enerji Açığı
07/08/2025;03:00;Enerji Fazlası
07/08/2025;04:00;Enerji Fazlası
07/08/2025;05:00;Enerji Fazlası
07/08/2025;06:00;Enerji Açığı
07/08/2025;07:00;Enerji Açığı
07/08/2025;08:00;Enerji Fazlası
07/08/2025;09:00;Enerji Açığı
07/08/2025;10:00;Enerji Açığı
07/08/2025;11:00;Enerji Açığı
07/08/2025;12:00;Enerji Açığı
07/08/2025;13:00;Enerji Açığı
07/08/2025;14:00;Enerji Açığı
07/08/2025;15:00;Enerji Açığı
07/08/2025;16:00;Enerji Açığı
07/08/2025;17:00;Enerji Açığı
07/08/2025;18:00;Enerji Açığı
07/08/2025;19:00;Enerji Açığı
07/08/2025;20:00;Enerji Açığı
07/08/2025;21:00;Enerji Açığı
07/08/2025;22:00;Enerji Fazlası
07/08/2025;23:00;Enerji Fazlası
08/08/2025;00:00;Enerji Açığı
08/08/2025;01:00;Enerji Açığı
08/08/2025;02:00;Enerji Açığı
08/08/2025;03:00;Enerji Açığı
08/08/2025;04:00;Enerji Açığı
08/08/2025;05:00;Enerji Açığı
08/08/2025;06:00;Enerji Açığı
08/08/2025;07:00;Enerji Açığı
08/08/2025;08:00;Enerji Açığı
08/08/2025;09:00;Enerji Açığı
08/08/2025;10:00;Enerji Açığı
08/08/2025;11:00;Enerji Açığı
08/08/2025;12:00;Enerji Açığı
08/08/2025;13:00;Enerji Açığı
08/08/2025;14:00;Enerji Açığı
08/08/2025;15:00;Enerji Açığı
08/08/2025;16:00;Enerji Açığı
08/08/2025;17:00;Enerji Açığı
08/08/2025;18:00;Enerji Açığı
08/08/2025;19:00;Enerji Açığı
08/08/2025;20:00;Enerji Açığı
08/08/2025;21:00;Enerji Açığı
08/08/2025;22:00;Enerji Açığı
08/08/2025;23:00;Enerji Açığı
09/08/2025;00:00;Enerji Açığı
09/08/2025;01:00;Enerji Açığı
09/08/2025;02:00;Enerji Açığı
09/08/2025;03:00;Enerji Açığı
09/08/2025;04:00;Enerji Açığı
09/08/2025;05:00;Enerji Açığı
09/08/2025;06:00;Enerji Açığı
09/08/2025;07:00;Enerji Açığı
09/08/2025;08:00;Enerji Açığı
09/08/2025;09:00;Enerji Açığı
09/08/2025;10:00;Enerji Açığı
09/08/2025;11:00;Enerji Açığı
09/08/2025;12:00;Enerji Açığı
09/08/2025;13:00;Enerji Açığı
09/08/2025;14:00;Enerji Açığı
09/08/2025;15:00;Enerji Açığı
09/08/2025;16:00;Enerji Açığı
09/08/2025;17:00;Enerji Açığı
09/08/2025;18:00;Enerji Açığı
09/08/2025;19:00;Enerji Açığı
09/08/2025;20:00;Enerji Açığı
09/08/2025;21:00;Enerji Açığı
09/08/2025;22:00;Enerji Açığı
09/08/2025;23:00;Enerji Açığı
10/08/2025;00:00;Enerji Açığı
10/08/2025;01:00;Enerji Açığı
10/08/2025;02:00;Enerji Açığı
10/08/2025;03:00;Enerji Açığı
10/08/2025;04:00;Enerji Açığı
10/08/2025;05:00;Enerji Açığı
10/08/2025;06:00;Enerji Fazlası
10/08/2025;07:00;Enerji Açığı
10/08/2025;08:00;Enerji Fazlası
10/08/2025;09:00;Enerji Fazlası
10/08/2025;10:00;Enerji Fazlası
10/08/2025;11:00;Enerji Fazlası
10/08/2025;12:00;Enerji Fazlası
10/08/2025;13:00;Enerji Açığı
10/08/2025;14:00;Enerji Açığı
10/08/2025;15:00;Enerji Açığı
10/08/2025;16:00;Enerji Açığı
10/08/2025;17:00;Enerji Açığı
10/08/2025;18:00;Enerji Açığı
10/08/2025;19:00;Enerji Açığı
10/08/2025;20:00;Enerji Açığı
10/08/2025;21:00;Enerji Açığı
10/08/2025;22:00;Enerji Açığı
10/08/2025;23:00;Enerji Açığı
11/08/2025;00:00;Enerji Açığı
11/08/2025;01:00;Enerji Açığı
11/08/2025;02:00;Enerji Açığı
11/08/2025;03:00;Enerji Açığı
11/08/2025;04:00;Enerji Fazlası
11/08/2025;05:00;Enerji Fazlası
11/08/2025;06:00;Enerji Fazlası
11/08/2025;07:00;Enerji Fazlası
11/08/2025;08:00;Enerji Açığı
11/08/2025;09:00;Enerji Açığı
11/08/2025;10:00;Enerji Fazlası
11/08/2025;11:00;Enerji Fazlası
11/08/2025;12:00;Enerji Fazlası
11/08/2025;13:00;Enerji Açığı
11/08/2025;14:00;Enerji Açığı
11/08/2025;15:00;Enerji Açığı
11/08/2025;16:00;Enerji Açığı
11/08/2025;17:00;Enerji Açığı
11/08/2025;18:00;Enerji Açığı
11/08/2025;19:00;Enerji Açığı
11/08/2025;20:00;Enerji Açığı
11/08/2025;21:00;Enerji Açığı
11/08/2025;22:00;Enerji Açığı
11/08/2025;23:00;Enerji Açığı
12/08/2025;00:00;Enerji Fazlası
12/08/2025;01:00;Enerji Fazlası
12/08/2025;02:00;Enerji Fazlası
12/08/2025;03:00;Enerji Fazlası
12/08/2025;04:00;Enerji Fazlası
12/08/2025;05:00;Enerji Fazlası
12/08/2025;06:00;Enerji Fazlası
12/08/2025;07:00;Enerji Fazlası
12/08/2025;08:00;Enerji Fazlası
12/08/2025;09:00;Enerji Fazlası
12/08/2025;10:00;Enerji Fazlası
12/08/2025;11:00;Enerji Açığı
12/08/2025;12:00;Enerji Fazlası
12/08/2025;13:00;Enerji Fazlası
12/08/2025;14:00;Enerji Açığı
12/08/2025;15:00;Enerji Açığı
12/08/2025;16:00;Enerji Açığı
12/08/2025;17:00;Enerji Açığı
12/08/2025;18:00;Enerji Açığı
12/08/2025;19:00;Enerji Açığı
12/08/2025;20:00;Enerji Açığı
12/08/2025;21:00;Enerji Açığı
12/08/2025;22:00;Enerji Açığı
12/08/2025;23:00;Enerji Açığı
13/08/2025;00:00;Enerji Açığı
13/08/2025;01:00;Enerji Açığı
13/08/2025;02:00;Enerji Açığı
13/08/2025;03:00;Enerji Fazlası
13/08/2025;04:00;Enerji Açığı
13/08/2025;05:00;Enerji Açığı
13/08/2025;06:00;Enerji Açığı
13/08/2025;07:00;Enerji Fazlası
13/08/2025;08:00;Enerji Fazlası
13/08/2025;09:00;Enerji Fazlası
13/08/2025;10:00;Enerji Fazlası
13/08/2025;11:00;Enerji Açığı
13/08/2025;12:00;Enerji Açığı
13/08/2025;13:00;Enerji Açığı
13/08/2025;14:00;Enerji Açığı
13/08/2025;15:00;Enerji Fazlası
13/08/2025;16:00;Enerji Açığı
13/08/2025;17:00;Enerji Açığı
13/08/2025;18:00;Enerji Açığı
13/08/2025;19:00;Enerji Açığı
13/08/2025;20:00;Enerji Açığı
13/08/2025;21:00;Enerji Açığı
13/08/2025;22:00;Enerji Açığı
13/08/2025;23:00;Enerji Açığı
14/08/2025;00:00;Enerji Açığı
14/08/2025;01:00;Enerji Açığı
14/08/2025;02:00;Enerji Açığı
14/08/2025;03:00;Enerji Fazlası
14/08/2025;04:00;Enerji Fazlası
14/08/2025;05:00;Enerji Açığı
14/08/2025;06:00;Enerji Açığı
14/08/2025;07:00;Enerji Fazlası
14/08/2025;08:00;Enerji Açığı
14/08/2025;09:00;Enerji Açığı
14/08/2025;10:00;Enerji Fazlası
14/08/2025;11:00;Enerji Açığı
14/08/2025;12:00;Enerji Açığı
14/08/2025;13:00;Enerji Açığı
14/08/2025;14:00;Enerji Açığı
14/08/2025;15:00;Enerji Açığı
14/08/2025;16:00;Enerji Açığı
14/08/2025;17:00;Enerji Açığı
14/08/2025;18:00;Enerji Açığı
14/08/2025;19:00;Enerji Açığı
14/08/2025;20:00;Enerji Açığı
14/08/2025;21:00;Enerji Açığı
14/08/2025;22:00;Enerji Açığı
14/08/2025;23:00;Enerji Açığı
15/08/2025;00:00;Enerji Açığı
15/08/2025;01:00;Enerji Açığı
15/08/2025;02:00;Enerji Açığı
15/08/2025;03:00;Enerji Fazlası
15/08/2025;04:00;Dengede
15/08/2025;05:00;Enerji Fazlası
15/08/2025;06:00;Enerji Açığı
15/08/2025;07:00;Enerji Açığı
15/08/2025;08:00;Enerji Açığı
15/08/2025;09:00;Enerji Açığı
15/08/2025;10:00;Enerji Fazlası
15/08/2025;11:00;Enerji Açığı
15/08/2025;12:00;Enerji Açığı
15/08/2025;13:00;Enerji Açığı
15/08/2025;14:00;Enerji Açığı
15/08/2025;15:00;Enerji Açığı
15/08/2025;16:00;Enerji Fazlası
15/08/2025;17:00;Enerji Açığı
15/08/2025;18:00;Enerji Açığı
15/08/2025;19:00;Enerji Açığı
15/08/2025;20:00;Enerji Açığı
15/08/2025;21:00;Enerji Açığı
15/08/2025;22:00;Enerji Açığı
15/08/2025;23:00;Enerji Açığı
16/08/2025;00:00;Enerji Açığı
16/08/2025;01:00;Enerji Açığı
16/08/2025;02:00;Enerji Fazlası
16/08/2025;03:00;Enerji Açığı
16/08/2025;04:00;Enerji Açığı
16/08/2025;05:00;Enerji Açığı
16/08/2025;06:00;Enerji Açığı
16/08/2025;07:00;Enerji Açığı
16/08/2025;08:00;Enerji Açığı
16/08/2025;09:00;Enerji Açığı
16/08/2025;10:00;Enerji Açığı
16/08/2025;11:00;Enerji Açığı
16/08/2025;12:00;Enerji Fazlası
16/08/2025;13:00;Enerji Açığı
16/08/2025;14:00;Enerji Fazlası
16/08/2025;15:00;Enerji Fazlası
16/08/2025;16:00;Enerji Fazlası
16/08/2025;17:00;Enerji Açığı
16/08/2025;18:00;Enerji Açığı
16/08/2025;19:00;Enerji Açığı
16/08/2025;20:00;Enerji Açığı
16/08/2025;21:00;Enerji Açığı
16/08/2025;22:00;Enerji Açığı
16/08/2025;23:00;Enerji Açığı
17/08/2025;00:00;Enerji Açığı
17/08/2025;01:00;Enerji Açığı
17/08/2025;02:00;Enerji Fazlası
17/08/2025;03:00;Enerji Fazlası
17/08/2025;04:00;Enerji Fazlası
17/08/2025;05:00;Enerji Açığı
17/08/2025;06:00;Enerji Fazlası
17/08/2025;07:00;Enerji Fazlası
17/08/2025;08:00;Enerji Fazlası
17/08/2025;09:00;Enerji Fazlası
17/08/2025;10:00;Enerji Fazlası
17/08/2025;11:00;Enerji Fazlası
17/08/2025;12:00;Enerji Fazlası
17/08/2025;13:00;Enerji Fazlası
17/08/2025;14:00;Enerji Fazlası
17/08/2025;15:00;Enerji Fazlası
17/08/2025;16:00;Enerji Fazlası
17/08/2025;17:00;Enerji Fazlası
17/08/2025;18:00;Enerji Açığı
17/08/2025;19:00;Enerji Açığı
17/08/2025;20:00;Enerji Açığı
17/08/2025;21:00;Enerji Açığı
17/08/2025;22:00;Enerji Açığı
17/08/2025;23:00;Enerji Açığı
18/08/2025;00:00;Enerji Açığı
18/08/2025;01:00;Enerji Açığı
18/08/2025;02:00;Enerji Açığı
18/08/2025;03:00;Enerji Açığı
18/08/2025;04:00;Dengede
18/08/2025;05:00;Enerji Fazlası
18/08/2025;06:00;Enerji Açığı
18/08/2025;07:00;Enerji Açığı
18/08/2025;08:00;Enerji Açığı
18/08/2025;09:00;Enerji Açığı
18/08/2025;10:00;Enerji Açığı
18/08/2025;11:00;Enerji Açığı
18/08/2025;12:00;Enerji Açığı
18/08/2025;13:00;Enerji Açığı
18/08/2025;14:00;Enerji Açığı
18/08/2025;15:00;Enerji Açığı
18/08/2025;16:00;Enerji Açığı
18/08/2025;17:00;Enerji Açığı
18/08/2025;18:00;Enerji Açığı
18/08/2025;19:00;Enerji Açığı
18/08/2025;20:00;Enerji Açığı
18/08/2025;21:00;Enerji Açığı
18/08/2025;22:00;Enerji Açığı
18/08/2025;23:00;Enerji Açığı
19/08/2025;00:00;Enerji Açığı
19/08/2025;01:00;Enerji Açığı
19/08/2025;02:00;Enerji Fazlası
19/08/2025;03:00;Enerji Fazlası
19/08/2025;04:00;Enerji Fazlası
19/08/2025;05:00;Enerji Fazlası
19/08/2025;06:00;Enerji Fazlası
19/08/2025;07:00;Enerji Fazlası
19/08/2025;08:00;Enerji Fazlası
19/08/2025;09:00;Dengede
19/08/2025;10:00;Enerji Fazlası
19/08/2025;11:00;Enerji Fazlası
19/08/2025;12:00;Enerji Fazlası
19/08/2025;13:00;Enerji Açığı
19/08/2025;14:00;Enerji Açığı
19/08/2025;15:00;Enerji Açığı
19/08/2025;16:00;Enerji Açığı
19/08/2025;17:00;Enerji Açığı
19/08/2025;18:00;Enerji Açığı
19/08/2025;19:00;Enerji Açığı
19/08/2025;20:00;Enerji Açığı
19/08/2025;21:00;Enerji Açığı
19/08/2025;22:00;Enerji Fazlası
19/08/2025;23:00;Enerji Fazlası
20/08/2025;00:00;Enerji Fazlası
20/08/2025;01:00;Enerji Açığı
20/08/2025;02:00;Enerji Açığı
20/08/2025;03:00;Enerji Açığı
20/08/2025;04:00;Enerji Fazlası
20/08/2025;05:00;Enerji Fazlası
20/08/2025;06:00;Enerji Açığı
20/08/2025;07:00;Enerji Açığı
20/08/2025;08:00;Enerji Açığı
20/08/2025;09:00;Enerji Açığı
20/08/2025;10:00;Enerji Açığı
20/08/2025;11:00;Enerji Açığı
20/08/2025;12:00;Enerji Açığı
20/08/2025;13:00;Enerji Açığı
20/08/2025;14:00;Enerji Açığı
20/08/2025;15:00;Enerji Açığı
20/08/2025;16:00;Enerji Açığı
20/08/2025;17:00;Enerji Açığı
20/08/2025;18:00;Enerji Açığı
20/08/2025;19:00;Enerji Açığı
20/08/2025;20:00;Enerji Açığı
20/08/2025;21:00;Enerji Açığı
20/08/2025;22:00;Enerji Açığı
20/08/2025;23:00;Enerji Açığı
21/08/2025;00:00;Enerji Açığı
21/08/2025;01:00;Enerji Fazlası
21/08/2025;02:00;Enerji Fazlası
21/08/2025;03:00;Enerji Fazlası
21/08/2025;04:00;Dengede
21/08/2025;05:00;Enerji Fazlası
21/08/2025;06:00;Enerji Açığı
21/08/2025;07:00;Enerji Açığı
21/08/2025;08:00;Enerji Açığı
21/08/2025;09:00;Enerji Açığı
21/08/2025;10:00;Enerji Açığı
21/08/2025;11:00;Enerji Açığı
21/08/2025;12:00;Enerji Fazlası
21/08/2025;13:00;Enerji Fazlası
21/08/2025;14:00;Enerji Açığı
21/08/2025;15:00;Enerji Açığı
21/08/2025;16:00;Enerji Fazlası
21/08/2025;17:00;Enerji Açığı
21/08/2025;18:00;Enerji Açığı
21/08/2025;19:00;Enerji Açığı
21/08/2025;20:00;Enerji Açığı
21/08/2025;21:00;Enerji Açığı
21/08/2025;22:00;Enerji Açığı
21/08/2025;23:00;Enerji Açığı
22/08/2025;00:00;Enerji Açığı
22/08/2025;01:00;Enerji Açığı
22/08/2025;02:00;Enerji Açığı
22/08/2025;03:00;Enerji Açığı
22/08/2025;04:00;Enerji Açığı
22/08/2025;05:00;Enerji Açığı
22/08/2025;06:00;Enerji Açığı
22/08/2025;07:00;Enerji Fazlası
22/08/2025;08:00;Enerji Fazlası
22/08/2025;09:00;Enerji Fazlası
22/08/2025;10:00;Enerji Fazlası
22/08/2025;11:00;Enerji Fazlası
22/08/2025;12:00;Enerji Fazlası
22/08/2025;13:00;Enerji Açığı
22/08/2025;14:00;Enerji Fazlası
22/08/2025;15:00;Enerji Açığı
22/08/2025;16:00;Enerji Açığı
22/08/2025;17:00;Enerji Açığı
22/08/2025;18:00;Enerji Açığı
22/08/2025;19:00;Enerji Açığı
22/08/2025;20:00;Enerji Açığı
22/08/2025;21:00;Enerji Açığı
22/08/2025;22:00;Enerji Açığı
22/08/2025;23:00;Enerji Açığı
23/08/2025;00:00;Enerji Açığı
23/08/2025;01:00;Enerji Açığı
23/08/2025;02:00;Enerji Açığı
23/08/2025;03:00;Enerji Açığı
23/08/2025;04:00;Enerji Açığı
23/08/2025;05:00;Enerji Fazlası
23/08/2025;06:00;Enerji Fazlası
23/08/2025;07:00;Enerji Fazlası
23/08/2025;08:00;Enerji Fazlası
23/08/2025;09:00;Enerji Açığı
23/08/2025;10:00;Enerji Açığı
23/08/2025;11:00;Enerji Açığı
23/08/2025;12:00;Enerji Açığı
23/08/2025;13:00;Enerji Açığı
23/08/2025;14:00;Enerji Açığı
23/08/2025;15:00;Enerji Açığı
23/08/2025;16:00;Enerji Açığı
23/08/2025;17:00;Enerji Açığı
23/08/2025;18:00;Enerji Açığı
23/08/2025;19:00;Enerji Açığı
23/08/2025;20:00;Enerji Açığı
23/08/2025;21:00;Enerji Açığı
23/08/2025;22:00;Enerji Açığı
23/08/2025;23:00;Enerji Açığı
24/08/2025;00:00;Enerji Açığı
24/08/2025;01:00;Enerji Açığı
24/08/2025;02:00;Enerji Açığı
24/08/2025;03:00;Enerji Açığı
24/08/2025;04:00;Enerji Fazlası
24/08/2025;05:00;Enerji Fazlası
24/08/2025;06:00;Dengede
24/08/2025;07:00;Enerji Açığı
24/08/2025;08:00;Enerji Açığı
24/08/2025;09:00;Enerji Açığı
24/08/2025;10:00;Enerji Açığı
24/08/2025;11:00;Enerji Açığı
24/08/2025;12:00;Enerji Açığı
24/08/2025;13:00;Enerji Açığı
24/08/2025;14:00;Enerji Açığı
24/08/2025;15:00;Enerji Açığı
24/08/2025;16:00;Enerji Açığı
24/08/2025;17:00;Enerji Açığı
24/08/2025;18:00;Enerji Açığı
24/08/2025;19:00;Enerji Açığı
24/08/2025;20:00;Enerji Açığı
24/08/2025;21:00;Enerji Açığı
24/08/2025;22:00;Enerji Fazlası
24/08/2025;23:00;Enerji Fazlası
25/08/2025;00:00;Enerji Fazlası
25/08/2025;01:00;Enerji Fazlası
25/08/2025;02:00;Enerji Fazlası
25/08/2025;03:00;Enerji Fazlası
25/08/2025;04:00;Dengede
25/08/2025;05:00;Dengede
25/08/2025;06:00;Enerji Açığı
25/08/2025;07:00;Enerji Açığı
25/08/2025;08:00;Enerji Açığı
25/08/2025;09:00;Enerji Açığı
25/08/2025;10:00;Enerji Açığı
25/08/2025;11:00;Enerji Açığı
25/08/2025;12:00;Enerji Fazlası
25/08/2025;13:00;Enerji Açığı
25/08/2025;14:00;Enerji Fazlası
25/08/2025;15:00;Enerji Fazlası
25/08/2025;16:00;Enerji Açığı
25/08/2025;17:00;Enerji Açığı
25/08/2025;18:00;Enerji Fazlası
25/08/2025;19:00;Enerji Açığı
25/08/2025;20:00;Enerji Açığı
25/08/2025;21:00;Enerji Açığı
25/08/2025;22:00;Enerji Açığı
25/08/2025;23:00;Enerji Fazlası
26/08/2025;00:00;Enerji Açığı
26/08/2025;01:00;Enerji Açığı
26/08/2025;02:00;Enerji Fazlası
26/08/2025;03:00;Enerji Fazlası
26/08/2025;04:00;Enerji Fazlası
26/08/2025;05:00;Enerji Fazlası
26/08/2025;06:00;Enerji Açığı
26/08/2025;07:00;Enerji Açığı
26/08/2025;08:00;Enerji Açığı
26/08/2025;09:00;Enerji Açığı
26/08/2025;10:00;Enerji Açığı
26/08/2025;11:00;Enerji Fazlası
26/08/2025;12:00;Enerji Fazlası
26/08/2025;13:00;Enerji Açığı
26/08/2025;14:00;Enerji Açığı
26/08/2025;15:00;Enerji Açığı
26/08/2025;16:00;Enerji Açığı
26/08/2025;17:00;Enerji Açığı
26/08/2025;18:00;Enerji Açığı
26/08/2025;19:00;Enerji Açığı
26/08/2025;20:00;Enerji Açığı
26/08/2025;21:00;Enerji Açığı
26/08/2025;22:00;Enerji Açığı
26/08/2025;23:00;Enerji Fazlası
27/08/2025;00:00;Enerji Fazlası
27/08/2025;01:00;Enerji Fazlası
27/08/2025;02:00;Enerji Fazlası
27/08/2025;03:00;Enerji Fazlası
27/08/2025;04:00;Enerji Fazlası
27/08/2025;05:00;Enerji Fazlası
27/08/2025;06:00;Enerji Fazlası
27/08/2025;07:00;Enerji Fazlası
27/08/2025;08:00;Enerji Fazlası
27/08/2025;09:00;Enerji Fazlası
27/08/2025;10:00;Enerji Fazlası
27/08/2025;11:00;Enerji Fazlası
27/08/2025;12:00;Enerji Fazlası
27/08/2025;13:00;Enerji Fazlası
27/08/2025;14:00;Enerji Fazlası
27/08/2025;15:00;Enerji Fazlası
27/08/2025;16:00;Enerji Açığı
27/08/2025;17:00;Enerji Açığı
27/08/2025;18:00;Enerji Fazlası
27/08/2025;19:00;Enerji Fazlası
27/08/2025;20:00;Enerji Fazlası
27/08/2025;21:00;Enerji Fazlası
27/08/2025;22:00;Enerji Fazlası
27/08/2025;23:00;Enerji Fazlası
28/08/2025;00:00;Enerji Fazlası
28/08/2025;01:00;Enerji Fazlası
28/08/2025;02:00;Enerji Fazlası
28/08/2025;03:00;Enerji Fazlası
28/08/2025;04:00;Enerji Fazlası
28/08/2025;05:00;Enerji Fazlası
28/08/2025;06:00;Enerji Fazlası
28/08/2025;07:00;Enerji Fazlası
28/08/2025;08:00;Enerji Açığı
28/08/2025;09:00;Enerji Açığı
28/08/2025;10:00;Enerji Fazlası
28/08/2025;11:00;Dengede
28/08/2025;12:00;Enerji Fazlası
28/08/2025;13:00;Enerji Fazlası
28/08/2025;14:00;Enerji Açığı
28/08/2025;15:00;Enerji Açığı
28/08/2025;16:00;Enerji Fazlası
28/08/2025;17:00;Enerji Açığı
28/08/2025;18:00;Enerji Açığı
28/08/2025;19:00;Enerji Açığı
28/08/2025;20:00;Enerji Açığı
28/08/2025;21:00;Enerji Açığı
28/08/2025;22:00;Enerji Açığı
28/08/2025;23:00;Enerji Açığı
29/08/2025;00:00;Enerji Açığı
29/08/2025;01:00;Enerji Açığı
29/08/2025;02:00;Enerji Açığı
29/08/2025;03:00;Enerji Fazlası
29/08/2025;04:00;Enerji Açığı
29/08/2025;05:00;Enerji Fazlası
29/08/2025;06:00;Enerji Açığı
29/08/2025;07:00;Enerji Açığı
29/08/2025;08:00;Enerji Açığı
29/08/2025;09:00;Enerji Açığı
29/08/2025;10:00;Enerji Açığı
29/08/2025;11:00;Enerji Açığı
29/08/2025;12:00;Enerji Açığı
29/08/2025;13:00;Enerji Açığı
29/08/2025;14:00;Enerji Açığı
29/08/2025;15:00;Enerji Açığı
29/08/2025;16:00;Enerji Açığı
29/08/2025;17:00;Enerji Açığı
29/08/2025;18:00;Enerji Açığı
29/08/2025;19:00;Enerji Açığı
29/08/2025;20:00;Enerji Açığı
29/08/2025;21:00;Enerji Açığı
29/08/2025;22:00;Enerji Açığı
29/08/2025;23:00;Enerji Açığı
30/08/2025;00:00;Enerji Açığı
30/08/2025;01:00;Enerji Açığı
30/08/2025;02:00;Enerji Açığı
30/08/2025;03:00;Enerji Açığı
30/08/2025;04:00;Dengede
30/08/2025;05:00;Enerji Fazlası
30/08/2025;06:00;Enerji Açığı
30/08/2025;07:00;Enerji Fazlası
30/08/2025;08:00;Enerji Fazlası
30/08/2025;09:00;Enerji Fazlası
30/08/2025;10:00;Enerji Fazlası
30/08/2025;11:00;Enerji Fazlası
30/08/2025;12:00;Enerji Fazlası
30/08/2025;13:00;Enerji Açığı
30/08/2025;14:00;Enerji Fazlası
30/08/2025;15:00;Enerji Fazlası
30/08/2025;16:00;Enerji Fazlası
30/08/2025;17:00;Enerji Fazlası
30/08/2025;18:00;Enerji Açığı
30/08/2025;19:00;Enerji Açığı
30/08/2025;20:00;Enerji Açığı
30/08/2025;21:00;Enerji Fazlası
30/08/2025;22:00;Enerji Fazlası
30/08/2025;23:00;Enerji Fazlası
31/08/2025;00:00;Enerji Fazlası
31/08/2025;01:00;Enerji Fazlası
31/08/2025;02:00;Enerji Fazlası
31/08/2025;03:00;Enerji Fazlası
31/08/2025;04:00;Enerji Fazlası
31/08/2025;05:00;Enerji Fazlası
31/08/2025;06:00;Enerji Fazlası
31/08/2025;07:00;Enerji Fazlası
31/08/2025;08:00;Enerji Fazlası
31/08/2025;09:00;Enerji Fazlası
31/08/2025;10:00;Enerji Fazlası
31/08/2025;11:00;Enerji Fazlası
31/08/2025;12:00;Enerji Fazlası
31/08/2025;13:00;Enerji Fazlası
31/08/2025;14:00;Enerji Fazlası
31/08/2025;15:00;Enerji Açığı
31/08/2025;16:00;Enerji Açığı
31/08/2025;17:00;Enerji Açığı
31/08/2025;18:00;Enerji Açığı
31/08/2025;19:00;Enerji Açığı
31/08/2025;20:00;Enerji Açığı
31/08/2025;21:00;Enerji Açığı
31/08/2025;22:00;Enerji Açığı
31/08/2025;23:00;Enerji Açığı
01/09/2025;00:00;Enerji Açığı
01/09/2025;01:00;Enerji Açığı
01/09/2025;02:00;Enerji Açığı
01/09/2025;03:00;Enerji Açığı
01/09/2025;04:00;Enerji Açığı
01/09/2025;05:00;Enerji Açığı
01/09/2025;06:00;Enerji Açığı
01/09/2025;07:00;Enerji Açığı
01/09/2025;08:00;Enerji Açığı
01/09/2025;09:00;Enerji Açığı
01/09/2025;10:00;Enerji Açığı
01/09/2025;11:00;Enerji Açığı
01/09/2025;12:00;Enerji Açığı
01/09/2025;13:00;Enerji Açığı
01/09/2025;14:00;Enerji Açığı
01/09/2025;15:00;Enerji Açığı
01/09/2025;16:00;Enerji Açığı
01/09/2025;17:00;Enerji Açığı
01/09/2025;18:00;Enerji Açığı
01/09/2025;19:00;Enerji Açığı
01/09/2025;20:00;Enerji Açığı
01/09/2025;21:00;Enerji Açığı
01/09/2025;22:00;Enerji Açığı
01/09/2025;23:00;Enerji Açığı
02/09/2025;00:00;Enerji Açığı
02/09/2025;01:00;Enerji Açığı
02/09/2025;02:00;Enerji Açığı
02/09/2025;03:00;Enerji Açığı
02/09/2025;04:00;Enerji Açığı
02/09/2025;05:00;Enerji Açığı
02/09/2025;06:00;Enerji Açığı
02/09/2025;07:00;Enerji Açığı
02/09/2025;08:00;Enerji Açığı
02/09/2025;09:00;Enerji Açığı
02/09/2025;10:00;Enerji Açığı
02/09/2025;11:00;Enerji Açığı
02/09/2025;12:00;Enerji Açığı
02/09/2025;13:00;Enerji Açığı
02/09/2025;14:00;Enerji Açığı
02/09/2025;15:00;Enerji Açığı
02/09/2025;16:00;Enerji Açığı
02/09/2025;17:00;Enerji Açığı
02/09/2025;18:00;Enerji Açığı
02/09/2025;19:00;Enerji Açığı
02/09/2025;20:00;Enerji Açığı
02/09/2025;21:00;Enerji Açığı
02/09/2025;22:00;Enerji Fazlası
02/09/2025;23:00;Enerji Fazlası
03/09/2025;00:00;Enerji Açığı
03/09/2025;01:00;Enerji Açığı
03/09/2025;02:00;Enerji Açığı
03/09/2025;03:00;Enerji Açığı
03/09/2025;04:00;Enerji Açığı
03/09/2025;05:00;Enerji Açığı
03/09/2025;06:00;Enerji Açığı
03/09/2025;07:00;Enerji Açığı
03/09/2025;08:00;Enerji Açığı
03/09/2025;09:00;Enerji Açığı
03/09/2025;10:00;Enerji Açığı
03/09/2025;11:00;Enerji Açığı
03/09/2025;12:00;Enerji Açığı
03/09/2025;13:00;Enerji Açığı
03/09/2025;14:00;Enerji Açığı
03/09/2025;15:00;Enerji Açığı
03/09/2025;16:00;Enerji Açığı
03/09/2025;17:00;Enerji Açığı
03/09/2025;18:00;Enerji Açığı
03/09/2025;19:00;Enerji Açığı
03/09/2025;20:00;Enerji Açığı
03/09/2025;21:00;Enerji Açığı
03/09/2025;22:00;Enerji Açığı
03/09/2025;23:00;Enerji Açığı
04/09/2025;00:00;Enerji Açığı
04/09/2025;01:00;Enerji Açığı
04/09/2025;02:00;Enerji Açığı
04/09/2025;03:00;Enerji Açığı
04/09/2025;04:00;Enerji Açığı
04/09/2025;05:00;Enerji Açığı
04/09/2025;06:00;Enerji Açığı
04/09/2025;07:00;Enerji Açığı
04/09/2025;08:00;Enerji Açığı
04/09/2025;09:00;Enerji Açığı
04/09/2025;10:00;Enerji Açığı
04/09/2025;11:00;Enerji Açığı
04/09/2025;12:00;Enerji Açığı
04/09/2025;13:00;Enerji Açığı
04/09/2025;14:00;Enerji Açığı
04/09/2025;15:00;Enerji Açığı
04/09/2025;16:00;Enerji Açığı
04/09/2025;17:00;Enerji Açığı
04/09/2025;18:00;Enerji Açığı
04/09/2025;19:00;Enerji Açığı
04/09/2025;20:00;Enerji Açığı
04/09/2025;21:00;Enerji Açığı
04/09/2025;22:00;Enerji Açığı
04/09/2025;23:00;Enerji Açığı
05/09/2025;00:00;Enerji Açığı
05/09/2025;01:00;Enerji Açığı
05/09/2025;02:00;Enerji Açığı
05/09/2025;03:00;Enerji Açığı
05/09/2025;04:00;Enerji Açığı
05/09/2025;05:00;Enerji Açığı
05/09/2025;06:00;Enerji Açığı
05/09/2025;07:00;Enerji Açığı
05/09/2025;08:00;Enerji Açığı
05/09/2025;09:00;Enerji Açığı
05/09/2025;10:00;Enerji Fazlası
05/09/2025;11:00;Enerji Açığı
05/09/2025;12:00;Enerji Açığı
05/09/2025;13:00;Enerji Açığı
05/09/2025;14:00;Enerji Açığı
05/09/2025;15:00;Enerji Açığı
05/09/2025;16:00;Enerji Fazlası
05/09/2025;17:00;Enerji Açığı
05/09/2025;18:00;Enerji Açığı
05/09/2025;19:00;Enerji Açığı
05/09/2025;20:00;Enerji Açığı
05/09/2025;21:00;Enerji Açığı
05/09/2025;22:00;Enerji Açığı
05/09/2025;23:00;Enerji Açığı
06/09/2025;00:00;Enerji Açığı
06/09/2025;01:00;Enerji Açığı
06/09/2025;02:00;Enerji Açığı
06/09/2025;03:00;Enerji Açığı
06/09/2025;04:00;Enerji Açığı
06/09/2025;05:00;Enerji Açığı
06/09/2025;06:00;Enerji Açığı
06/09/2025;07:00;Enerji Açığı
06/09/2025;08:00;Enerji Açığı
06/09/2025;09:00;Enerji Fazlası
06/09/2025;10:00;Enerji Fazlası
06/09/2025;11:00;Enerji Fazlası
06/09/2025;12:00;Enerji Fazlası
06/09/2025;13:00;Enerji Fazlası
06/09/2025;14:00;Enerji Fazlası
06/09/2025;15:00;Enerji Açığı
06/09/2025;16:00;Enerji Açığı
06/09/2025;17:00;Enerji Açığı
06/09/2025;18:00;Enerji Fazlası
06/09/2025;19:00;Dengede
06/09/2025;20:00;Enerji Fazlası
06/09/2025;21:00;Enerji Fazlası
06/09/2025;22:00;Enerji Fazlası
06/09/2025;23:00;Enerji Fazlası
07/09/2025;00:00;Enerji Fazlası
07/09/2025;01:00;Enerji Fazlası
07/09/2025;02:00;Enerji Fazlası
07/09/2025;03:00;Enerji Fazlası
07/09/2025;04:00;Enerji Fazlası
07/09/2025;05:00;Enerji Fazlası
07/09/2025;06:00;Enerji Fazlası
07/09/2025;07:00;Enerji Fazlası
07/09/2025;08:00;Enerji Fazlası
07/09/2025;09:00;Enerji Fazlası
07/09/2025;10:00;Enerji Fazlası
07/09/2025;11:00;Enerji Fazlası
07/09/2025;12:00;Enerji Fazlası
07/09/2025;13:00;Enerji Fazlası
07/09/2025;14:00;Enerji Açığı
07/09/2025;15:00;Enerji Açığı
07/09/2025;16:00;Enerji Açığı
07/09/2025;17:00;Enerji Açığı
07/09/2025;18:00;Enerji Açığı
07/09/2025;19:00;Enerji Açığı
07/09/2025;20:00;Enerji Açığı
07/09/2025;21:00;Enerji Açığı
07/09/2025;22:00;Enerji Açığı
07/09/2025;23:00;Enerji Fazlası
08/09/2025;00:00;Enerji Fazlası
08/09/2025;01:00;Enerji Fazlası
08/09/2025;02:00;Enerji Fazlası
08/09/2025;03:00;Enerji Fazlası
08/09/2025;04:00;Dengede
08/09/2025;05:00;Enerji Fazlası
08/09/2025;06:00;Enerji Açığı
08/09/2025;07:00;Enerji Açığı
08/09/2025;08:00;Enerji Açığı
08/09/2025;09:00;Enerji Açığı
08/09/2025;10:00;Enerji Açığı
08/09/2025;11:00;Enerji Açığı
08/09/2025;12:00;Enerji Fazlası
08/09/2025;13:00;Enerji Fazlası
08/09/2025;14:00;Enerji Fazlası
08/09/2025;15:00;Enerji Açığı
08/09/2025;16:00;Enerji Açığı
08/09/2025;17:00;Enerji Açığı
08/09/2025;18:00;Enerji Açığı
08/09/2025;19:00;Dengede
08/09/2025;20:00;Enerji Açığı
08/09/2025;21:00;Enerji Açığı
08/09/2025;22:00;Enerji Fazlası
08/09/2025;23:00;Enerji Fazlası
09/09/2025;00:00;Enerji Fazlası
09/09/2025;01:00;Enerji Fazlası
09/09/2025;02:00;Enerji Fazlası
09/09/2025;03:00;Enerji Fazlası
09/09/2025;04:00;Enerji Fazlası
09/09/2025;05:00;Enerji Fazlası
09/09/2025;06:00;Enerji Fazlası
09/09/2025;07:00;Dengede
09/09/2025;08:00;Enerji Fazlası
09/09/2025;09:00;Enerji Fazlası
09/09/2025;10:00;Enerji Fazlası
09/09/2025;11:00;Enerji Fazlası
09/09/2025;12:00;Enerji Fazlası
09/09/2025;13:00;Enerji Fazlası
09/09/2025;14:00;Enerji Açığı
09/09/2025;15:00;Enerji Açığı
09/09/2025;16:00;Enerji Açığı
09/09/2025;17:00;Enerji Açığı
09/09/2025;18:00;Enerji Açığı
09/09/2025;19:00;Enerji Açığı
09/09/2025;20:00;Enerji Açığı
09/09/2025;21:00;Enerji Açığı
09/09/2025;22:00;Enerji Açığı
09/09/2025;23:00;Enerji Açığı
10/09/2025;00:00;Enerji Fazlası
10/09/2025;01:00;Enerji Açığı
10/09/2025;02:00;Dengede
10/09/2025;03:00;Enerji Açığı
10/09/2025;04:00;Enerji Açığı
10/09/2025;05:00;Enerji Fazlası
10/09/2025;06:00;Enerji Açığı
10/09/2025;07:00;Enerji Açığı
10/09/2025;08:00;Enerji Açığı
10/09/2025;09:00;Enerji Açığı
10/09/2025;10:00;Enerji Açığı
10/09/2025;11:00;Enerji Açığı
10/09/2025;12:00;Enerji Açığı
10/09/2025;13:00;Enerji Açığı
10/09/2025;14:00;Enerji Açığı
10/09/2025;15:00;Enerji Açığı
10/09/2025;16:00;Enerji Açığı
10/09/2025;17:00;Enerji Açığı
10/09/2025;18:00;Enerji Açığı
10/09/2025;19:00;Enerji Açığı
10/09/2025;20:00;Enerji Açığı
10/09/2025;21:00;Enerji Açığı
10/09/2025;22:00;Enerji Açığı
10/09/2025;23:00;Enerji Açığı
11/09/2025;00:00;Enerji Açığı
11/09/2025;01:00;Enerji Açığı
11/09/2025;02:00;Enerji Açığı
11/09/2025;03:00;Enerji Fazlası
11/09/2025;04:00;Enerji Fazlası
11/09/2025;05:00;Enerji Açığı
11/09/2025;06:00;Enerji Açığı
11/09/2025;07:00;Enerji Açığı
11/09/2025;08:00;Enerji Açığı
11/09/2025;09:00;Enerji Açığı
11/09/2025;10:00;Enerji Fazlası
11/09/2025;11:00;Enerji Açığı
11/09/2025;12:00;Enerji Açığı
11/09/2025;13:00;Enerji Açığı
11/09/2025;14:00;Enerji Açığı
11/09/2025;15:00;Enerji Açığı
11/09/2025;16:00;Enerji Açığı
11/09/2025;17:00;Enerji Açığı
11/09/2025;18:00;Enerji Açığı
11/09/2025;19:00;Enerji Açığı
11/09/2025;20:00;Enerji Açığı
11/09/2025;21:00;Enerji Açığı
11/09/2025;22:00;Enerji Açığı
11/09/2025;23:00;Enerji Açığı
12/09/2025;00:00;Enerji Açığı
12/09/2025;01:00;Enerji Açığı
12/09/2025;02:00;Enerji Açığı
12/09/2025;03:00;Enerji Açığı
12/09/2025;04:00;Enerji Açığı
12/09/2025;05:00;Enerji Açığı
12/09/2025;06:00;Enerji Açığı
12/09/2025;07:00;Enerji Açığı
12/09/2025;08:00;Enerji Açığı
12/09/2025;09:00;Enerji Açığı
12/09/2025;10:00;Enerji Açığı
12/09/2025;11:00;Enerji Açığı
12/09/2025;12:00;Enerji Açığı
12/09/2025;13:00;Enerji Fazlası
12/09/2025;14:00;Enerji Açığı
12/09/2025;15:00;Enerji Açığı
12/09/2025;16:00;Enerji Fazlası
12/09/2025;17:00;Enerji Açığı
12/09/2025;18:00;Enerji Açığı
12/09/2025;19:00;Enerji Açığı
12/09/2025;20:00;Enerji Açığı
12/09/2025;21:00;Enerji Açığı
12/09/2025;22:00;Enerji Açığı
12/09/2025;23:00;Enerji Açığı
13/09/2025;00:00;Enerji Açığı
13/09/2025;01:00;Enerji Açığı
13/09/2025;02:00;Enerji Açığı
13/09/2025;03:00;Enerji Açığı
13/09/2025;04:00;Dengede
13/09/2025;05:00;Enerji Fazlası
13/09/2025;06:00;Enerji Açığı
13/09/2025;07:00;Enerji Açığı
13/09/2025;08:00;Enerji Açığı
13/09/2025;09:00;Enerji Fazlası
13/09/2025;10:00;Enerji Fazlası
13/09/2025;11:00;Enerji Açığı
13/09/2025;12:00;Enerji Fazlası
13/09/2025;13:00;Enerji Açığı
13/09/2025;14:00;Enerji Açığı
13/09/2025;15:00;Enerji Açığı
13/09/2025;16:00;Enerji Açığı
13/09/2025;17:00;Enerji Açığı
13/09/2025;18:00;Enerji Açığı
13/09/2025;19:00;Enerji Açığı
13/09/2025;20:00;Enerji Açığı
13/09/2025;21:00;Enerji Açığı
13/09/2025;22:00;Enerji Açığı
13/09/2025;23:00;Enerji Açığı
14/09/2025;00:00;Enerji Açığı
14/09/2025;01:00;Enerji Açığı
14/09/2025;02:00;Enerji Açığı
14/09/2025;03:00;Enerji Açığı
14/09/2025;04:00;Enerji Açığı
14/09/2025;05:00;Enerji Açığı
14/09/2025;06:00;Enerji Açığı
14/09/2025;07:00;Enerji Açığı
14/09/2025;08:00;Enerji Fazlası
14/09/2025;09:00;Enerji Fazlası
14/09/2025;10:00;Enerji Fazlası
14/09/2025;11:00;Enerji Fazlası
14/09/2025;12:00;Enerji Fazlası
14/09/2025;13:00;Enerji Fazlası
14/09/2025;14:00;Enerji Fazlası
14/09/2025;15:00;Enerji Fazlası
14/09/2025;16:00;Enerji Fazlası
14/09/2025;17:00;Dengede
14/09/2025;18:00;Enerji Açığı
14/09/2025;19:00;Enerji Açığı
14/09/2025;20:00;Enerji Açığı
14/09/2025;21:00;Enerji Açığı
14/09/2025;22:00;Enerji Açığı
14/09/2025;23:00;Enerji Açığı
15/09/2025;00:00;Enerji Fazlası
15/09/2025;01:00;Enerji Fazlası
15/09/2025;02:00;Enerji Açığı
15/09/2025;03:00;Enerji Fazlası
15/09/2025;04:00;Enerji Fazlası
15/09/2025;05:00;Enerji Fazlası
15/09/2025;06:00;Enerji Fazlası
15/09/2025;07:00;Enerji Açığı
15/09/2025;08:00;Enerji Açığı
15/09/2025;09:00;Enerji Açığı
15/09/2025;10:00;Enerji Fazlası
15/09/2025;11:00;Enerji Açığı
15/09/2025;12:00;Enerji Açığı
15/09/2025;13:00;Enerji Açığı
15/09/2025;14:00;Enerji Açığı
15/09/2025;15:00;Enerji Fazlası
15/09/2025;16:00;Enerji Fazlası
15/09/2025;17:00;Enerji Açığı
15/09/2025;18:00;Enerji Açığı
15/09/2025;19:00;Enerji Açığı
15/09/2025;20:00;Enerji Açığı
15/09/2025;21:00;Enerji Açığı
15/09/2025;22:00;Enerji Açığı
15/09/2025;23:00;Enerji Fazlası
16/09/2025;00:00;Enerji Fazlası
16/09/2025;01:00;Enerji Fazlası
16/09/2025;02:00;Enerji Fazlası
16/09/2025;03:00;Enerji Fazlası
16/09/2025;04:00;Enerji Fazlası
16/09/2025;05:00;Enerji Fazlası
16/09/2025;06:00;Enerji Açığı
16/09/2025;07:00;Enerji Açığı
16/09/2025;08:00;Enerji Açığı
16/09/2025;09:00;Enerji Açığı
16/09/2025;10:00;Enerji Açığı
16/09/2025;11:00;Enerji Açığı
16/09/2025;12:00;Enerji Fazlası
16/09/2025;13:00;Enerji Açığı
16/09/2025;14:00;Enerji Açığı
16/09/2025;15:00;Enerji Açığı
16/09/2025;16:00;Enerji Açığı
16/09/2025;17:00;Enerji Açığı
16/09/2025;18:00;Enerji Açığı
16/09/2025;19:00;Enerji Açığı
16/09/2025;20:00;Enerji Açığı
16/09/2025;21:00;Enerji Açığı
16/09/2025;22:00;Enerji Açığı
16/09/2025;23:00;Enerji Açığı
17/09/2025;00:00;Enerji Açığı
17/09/2025;01:00;Enerji Fazlası
17/09/2025;02:00;Enerji Fazlası
17/09/2025;03:00;Enerji Fazlası
17/09/2025;04:00;Dengede
17/09/2025;05:00;Dengede
17/09/2025;06:00;Enerji Açığı
17/09/2025;07:00;Enerji Açığı
17/09/2025;08:00;Enerji Açığı
17/09/2025;09:00;Enerji Açığı
17/09/2025;10:00;Enerji Açığı
17/09/2025;11:00;Enerji Açığı
17/09/2025;12:00;Enerji Açığı
17/09/2025;13:00;Enerji Açığı
17/09/2025;14:00;Enerji Açığı
17/09/2025;15:00;Enerji Açığı
17/09/2025;16:00;Enerji Açığı
17/09/2025;17:00;Enerji Açığı
17/09/2025;18:00;Enerji Açığı
17/09/2025;19:00;Enerji Açığı
17/09/2025;20:00;Enerji Açığı
17/09/2025;21:00;Enerji Açığı
17/09/2025;22:00;Enerji Açığı
17/09/2025;23:00;Enerji Fazlası
18/09/2025;00:00;Enerji Açığı
18/09/2025;01:00;Enerji Açığı
18/09/2025;02:00;Dengede
18/09/2025;03:00;Dengede
18/09/2025;04:00;Enerji Fazlası
18/09/2025;05:00;Enerji Fazlası
18/09/2025;06:00;Enerji Fazlası
18/09/2025;07:00;Enerji Açığı
18/09/2025;08:00;Enerji Açığı
18/09/2025;09:00;Enerji Açığı
18/09/2025;10:00;Enerji Fazlası
18/09/2025;11:00;Enerji Açığı
18/09/2025;12:00;Enerji Fazlası
18/09/2025;13:00;Enerji Açığı
18/09/2025;14:00;Enerji Açığı
18/09/2025;15:00;Enerji Açığı
18/09/2025;16:00;Enerji Açığı
18/09/2025;17:00;Enerji Fazlası
18/09/2025;18:00;Enerji Açığı
18/09/2025;19:00;Enerji Açığı
18/09/2025;20:00;Enerji Açığı
18/09/2025;21:00;Enerji Açığı
18/09/2025;22:00;Enerji Açığı
18/09/2025;23:00;Enerji Açığı
19/09/2025;00:00;Enerji Açığı
19/09/2025;01:00;Enerji Açığı
19/09/2025;02:00;Dengede
19/09/2025;03:00;Dengede
19/09/2025;04:00;Enerji Açığı
19/09/2025;05:00;Enerji Açığı
19/09/2025;06:00;Enerji Açığı
19/09/2025;07:00;Enerji Fazlası
19/09/2025;08:00;Enerji Açığı
19/09/2025;09:00;Enerji Fazlası
19/09/2025;10:00;Enerji Fazlası
19/09/2025;11:00;Enerji Fazlası
19/09/2025;12:00;Enerji Fazlası
19/09/2025;13:00;Enerji Fazlası
19/09/2025;14:00;Enerji Fazlası
19/09/2025;15:00;Enerji Fazlası
19/09/2025;16:00;Enerji Fazlası
19/09/2025;17:00;Enerji Fazlası
19/09/2025;18:00;Enerji Fazlası
19/09/2025;19:00;Enerji Fazlası
19/09/2025;20:00;Enerji Fazlası
19/09/2025;21:00;Enerji Fazlası
19/09/2025;22:00;Enerji Fazlası
19/09/2025;23:00;Enerji Fazlası
20/09/2025;00:00;Enerji Fazlası
20/09/2025;01:00;Enerji Fazlası
20/09/2025;02:00;Enerji Fazlası
20/09/2025;03:00;Dengede
20/09/2025;04:00;Enerji Fazlası
20/09/2025;05:00;Enerji Fazlası
20/09/2025;06:00;Enerji Fazlası
20/09/2025;07:00;Enerji Fazlası
20/09/2025;08:00;Enerji Fazlası
20/09/2025;09:00;Enerji Fazlası
20/09/2025;10:00;Enerji Fazlası
20/09/2025;11:00;Enerji Fazlası
20/09/2025;12:00;Enerji Fazlası
20/09/2025;13:00;Enerji Fazlası
20/09/2025;14:00;Enerji Fazlası
20/09/2025;15:00;Enerji Fazlası
20/09/2025;16:00;Enerji Fazlası
20/09/2025;17:00;Enerji Açığı
20/09/2025;18:00;Enerji Açığı
20/09/2025;19:00;Enerji Açığı
20/09/2025;20:00;Enerji Açığı
20/09/2025;21:00;Enerji Açığı
20/09/2025;22:00;Enerji Açığı
20/09/2025;23:00;Enerji Açığı
21/09/2025;00:00;Enerji Açığı
21/09/2025;01:00;Enerji Açığı
21/09/2025;02:00;Enerji Fazlası
21/09/2025;03:00;Enerji Fazlası
21/09/2025;04:00;Enerji Fazlası
21/09/2025;05:00;Enerji Fazlası
21/09/2025;06:00;Enerji Fazlası
21/09/2025;07:00;Enerji Fazlası
21/09/2025;08:00;Enerji Fazlası
21/09/2025;09:00;Enerji Fazlası
21/09/2025;10:00;Enerji Fazlası
21/09/2025;11:00;Enerji Fazlası
21/09/2025;12:00;Enerji Fazlası
21/09/2025;13:00;Enerji Fazlası
21/09/2025;14:00;Enerji Fazlası
21/09/2025;15:00;Enerji Fazlası
21/09/2025;16:00;Enerji Fazlası
21/09/2025;17:00;Enerji Açığı
21/09/2025;18:00;Enerji Açığı
21/09/2025;19:00;Enerji Açığı
21/09/2025;20:00;Enerji Açığı
21/09/2025;21:00;Enerji Açığı
21/09/2025;22:00;Enerji Açığı
21/09/2025;23:00;Enerji Fazlası
22/09/2025;00:00;Enerji Fazlası
22/09/2025;01:00;Enerji Açığı
22/09/2025;02:00;Enerji Açığı
22/09/2025;03:00;Enerji Fazlası
22/09/2025;04:00;Enerji Fazlası
22/09/2025;05:00;Enerji Fazlası
22/09/2025;06:00;Enerji Açığı
22/09/2025;07:00;Enerji Açığı
22/09/2025;08:00;Enerji Açığı
22/09/2025;09:00;Enerji Açığı
22/09/2025;10:00;Enerji Fazlası
22/09/2025;11:00;Enerji Fazlası
22/09/2025;12:00;Enerji Fazlası
22/09/2025;13:00;Enerji Fazlası
22/09/2025;14:00;Enerji Fazlası
22/09/2025;15:00;Enerji Fazlası
22/09/2025;16:00;Enerji Fazlası
22/09/2025;17:00;Enerji Açığı
22/09/2025;18:00;Enerji Açığı
22/09/2025;19:00;Enerji Açığı
22/09/2025;20:00;Enerji Açığı
22/09/2025;21:00;Enerji Açığı
22/09/2025;22:00;Enerji Açığı
22/09/2025;23:00;Enerji Açığı
23/09/2025;00:00;Enerji Fazlası
23/09/2025;01:00;Enerji Fazlası
23/09/2025;02:00;Enerji Fazlası
23/09/2025;03:00;Enerji Fazlası
23/09/2025;04:00;Enerji Fazlası
23/09/2025;05:00;Enerji Fazlası
23/09/2025;06:00;Enerji Açığı
23/09/2025;07:00;Enerji Açığı
23/09/2025;08:00;Enerji Açığı
23/09/2025;09:00;Enerji Açığı
23/09/2025;10:00;Enerji Açığı
23/09/2025;11:00;Enerji Açığı
23/09/2025;12:00;Enerji Fazlası
23/09/2025;13:00;Enerji Açığı
23/09/2025;14:00;Enerji Açığı
23/09/2025;15:00;Enerji Açığı
23/09/2025;16:00;Enerji Açığı
23/09/2025;17:00;Enerji Açığı
23/09/2025;18:00;Enerji Açığı
23/09/2025;19:00;Enerji Açığı
23/09/2025;20:00;Enerji Açığı
23/09/2025;21:00;Enerji Açığı
23/09/2025;22:00;Enerji Açığı
23/09/2025;23:00;Enerji Açığı
24/09/2025;00:00;Enerji Fazlası
24/09/2025;01:00;Enerji Fazlası
24/09/2025;02:00;Enerji Fazlası
24/09/2025;03:00;Enerji Fazlası
24/09/2025;04:00;Enerji Fazlası
24/09/2025;05:00;Enerji Fazlası
24/09/2025;06:00;Enerji Fazlası
24/09/2025;07:00;Enerji Açığı
24/09/2025;08:00;Enerji Fazlası
24/09/2025;09:00;Enerji Fazlası
24/09/2025;10:00;Enerji Fazlası
24/09/2025;11:00;Enerji Fazlası
24/09/2025;12:00;Enerji Fazlası
24/09/2025;13:00;Enerji Fazlası
24/09/2025;14:00;Enerji Açığı
24/09/2025;15:00;Enerji Açığı
24/09/2025;16:00;Enerji Açığı
24/09/2025;17:00;Enerji Açığı
24/09/2025;18:00;Enerji Açığı
24/09/2025;19:00;Enerji Açığı
24/09/2025;20:00;Enerji Açığı
24/09/2025;21:00;Enerji Fazlası
24/09/2025;22:00;Enerji Fazlası
24/09/2025;23:00;Enerji Fazlası
25/09/2025;00:00;Enerji Fazlası
25/09/2025;01:00;Enerji Açığı
25/09/2025;02:00;Enerji Açığı
25/09/2025;03:00;Enerji Fazlası
25/09/2025;04:00;Enerji Fazlası
25/09/2025;05:00;Enerji Fazlası
25/09/2025;06:00;Enerji Açığı
25/09/2025;07:00;Enerji Açığı
25/09/2025;08:00;Enerji Açığı
25/09/2025;09:00;Enerji Açığı
25/09/2025;10:00;Dengede
25/09/2025;11:00;Dengede
25/09/2025;12:00;Dengede
25/09/2025;13:00;Enerji Açığı
25/09/2025;14:00;Enerji Açığı
25/09/2025;15:00;Enerji Açığı
25/09/2025;16:00;Enerji Açığı
25/09/2025;17:00;Enerji Açığı
25/09/2025;18:00;Enerji Açığı
25/09/2025;19:00;Enerji Açığı
25/09/2025;20:00;Enerji Açığı
25/09/2025;21:00;Enerji Açığı
25/09/2025;22:00;Enerji Açığı
25/09/2025;23:00;Enerji Açığı
26/09/2025;00:00;Enerji Açığı
26/09/2025;01:00;Enerji Açığı
26/09/2025;02:00;Enerji Açığı
26/09/2025;03:00;Enerji Açığı
26/09/2025;04:00;Enerji Açığı
26/09/2025;05:00;Enerji Açığı
26/09/2025;06:00;Enerji Açığı
26/09/2025;07:00;Enerji Açığı
26/09/2025;08:00;Enerji Açığı
26/09/2025;09:00;Enerji Açığı
26/09/2025;10:00;Enerji Açığı
26/09/2025;11:00;Enerji Açığı
26/09/2025;12:00;Enerji Fazlası
26/09/2025;13:00;Enerji Fazlası
26/09/2025;14:00;Enerji Açığı
26/09/2025;15:00;Enerji Açığı
26/09/2025;16:00;Enerji Açığı
26/09/2025;17:00;Enerji Açığı
26/09/2025;18:00;Enerji Açığı
26/09/2025;19:00;Enerji Açığı
26/09/2025;20:00;Enerji Fazlası
26/09/2025;21:00;Enerji Fazlası
26/09/2025;22:00;Enerji Fazlası
26/09/2025;23:00;Enerji Açığı
27/09/2025;00:00;Enerji Açığı
27/09/2025;01:00;Enerji Açığı
27/09/2025;02:00;Enerji Açığı
27/09/2025;03:00;Enerji Açığı
27/09/2025;04:00;Enerji Açığı
27/09/2025;05:00;Enerji Açığı
27/09/2025;06:00;Enerji Açığı
27/09/2025;07:00;Enerji Fazlası
27/09/2025;08:00;Enerji Fazlası
27/09/2025;09:00;Dengede
27/09/2025;10:00;Enerji Açığı
27/09/2025;11:00;Enerji Açığı
27/09/2025;12:00;Enerji Fazlası
27/09/2025;13:00;Enerji Fazlası
27/09/2025;14:00;Enerji Fazlası
27/09/2025;15:00;Enerji Fazlası
27/09/2025;16:00;Enerji Fazlası
27/09/2025;17:00;Enerji Açığı
27/09/2025;18:00;Enerji Açığı
27/09/2025;19:00;Enerji Açığı
27/09/2025;20:00;Enerji Açığı
27/09/2025;21:00;Enerji Açığı
27/09/2025;22:00;Enerji Açığı
27/09/2025;23:00;Enerji Açığı
28/09/2025;00:00;Enerji Fazlası
28/09/2025;01:00;Enerji Açığı
28/09/2025;02:00;Enerji Açığı
28/09/2025;03:00;Enerji Fazlası
28/09/2025;04:00;Dengede
28/09/2025;05:00;Enerji Açığı
28/09/2025;06:00;Enerji Açığı
28/09/2025;07:00;Enerji Açığı
28/09/2025;08:00;Enerji Fazlası
28/09/2025;09:00;Enerji Fazlası
28/09/2025;10:00;Enerji Fazlası
28/09/2025;11:00;Enerji Fazlası
28/09/2025;12:00;Enerji Fazlası
28/09/2025;13:00;Enerji Fazlası
28/09/2025;14:00;Enerji Açığı
28/09/2025;15:00;Enerji Fazlası
28/09/2025;16:00;Enerji Açığı
28/09/2025;17:00;Enerji Açığı
28/09/2025;18:00;Enerji Açığı
28/09/2025;19:00;Enerji Açığı
28/09/2025;20:00;Enerji Açığı
28/09/2025;21:00;Enerji Açığı
28/09/2025;22:00;Enerji Açığı
28/09/2025;23:00;Enerji Açığı
29/09/2025;00:00;Enerji Fazlası
29/09/2025;01:00;Enerji Fazlası
29/09/2025;02:00;Dengede
29/09/2025;03:00;Enerji Fazlası
29/09/2025;04:00;Enerji Fazlası
29/09/2025;05:00;Enerji Fazlası
29/09/2025;06:00;Enerji Fazlası
29/09/2025;07:00;Enerji Fazlası
29/09/2025;08:00;Enerji Açığı
29/09/2025;09:00;Enerji Açığı
29/09/2025;10:00;Enerji Fazlası
29/09/2025;11:00;Enerji Fazlası
29/09/2025;12:00;Enerji Açığı
29/09/2025;13:00;Enerji Açığı
29/09/2025;14:00;Enerji Açığı
29/09/2025;15:00;Enerji Açığı
29/09/2025;16:00;Enerji Açığı
29/09/2025;17:00;Enerji Açığı
29/09/2025;18:00;Enerji Açığı
29/09/2025;19:00;Enerji Açığı
29/09/2025;20:00;Enerji Fazlası
29/09/2025;21:00;Enerji Fazlası
29/09/2025;22:00;Enerji Fazlası
29/09/2025;23:00;Enerji Fazlası
30/09/2025;00:00;Enerji Fazlası
30/09/2025;01:00;Enerji Açığı
30/09/2025;02:00;Enerji Açığı
30/09/2025;03:00;Enerji Fazlası
30/09/2025;04:00;Enerji Fazlası
30/09/2025;05:00;Enerji Fazlası
30/09/2025;06:00;Enerji Fazlası
30/09/2025;07:00;Enerji Fazlası
30/09/2025;08:00;Enerji Açığı
30/09/2025;09:00;Enerji Açığı
30/09/2025;10:00;Enerji Açığı
30/09/2025;11:00;Enerji Açığı
30/09/2025;12:00;Enerji Açığı
30/09/2025;13:00;Enerji Açığı
30/09/2025;14:00;Enerji Açığı
30/09/2025;15:00;Enerji Açığı
30/09/2025;16:00;Enerji Açığı
30/09/2025;17:00;Enerji Açığı
30/09/2025;18:00;Enerji Açığı
30/09/2025;19:00;Enerji Açığı
30/09/2025;20:00;Enerji Fazlası
30/09/2025;21:00;Enerji Açığı
30/09/2025;22:00;Enerji Fazlası
30/09/2025;23:00;Enerji Açığı
01/10/2025;00:00;Enerji Açığı
01/10/2025;01:00;Enerji Açığı
01/10/2025;02:00;Enerji Fazlası
01/10/2025;03:00;Enerji Fazlası
01/10/2025;04:00;Dengede
01/10/2025;05:00;Enerji Açığı
01/10/2025;06:00;Enerji Açığı
01/10/2025;07:00;Enerji Açığı
01/10/2025;08:00;Enerji Açığı
01/10/2025;09:00;Enerji Açığı
01/10/2025;10:00;Enerji Fazlası
01/10/2025;11:00;Enerji Fazlası
01/10/2025;12:00;Enerji Fazlası
01/10/2025;13:00;Enerji Fazlası
01/10/2025;14:00;Enerji Fazlası
01/10/2025;15:00;Enerji Fazlası
01/10/2025;16:00;Enerji Açığı
01/10/2025;17:00;Enerji Açığı
01/10/2025;18:00;Enerji Açığı
01/10/2025;19:00;Enerji Açığı
01/10/2025;20:00;Enerji Açığı
01/10/2025;21:00;Enerji Fazlası
01/10/2025;22:00;Enerji Açığı
01/10/2025;23:00;Enerji Açığı
02/10/2025;00:00;Enerji Açığı
02/10/2025;01:00;Enerji Açığı
02/10/2025;02:00;Enerji Açığı
02/10/2025;03:00;Enerji Açığı
02/10/2025;04:00;Enerji Açığı
02/10/2025;05:00;Enerji Açığı
02/10/2025;06:00;Enerji Açığı
02/10/2025;07:00;Enerji Açığı
02/10/2025;08:00;Enerji Açığı
02/10/2025;09:00;Enerji Fazlası
02/10/2025;10:00;Enerji Fazlası
02/10/2025;11:00;Enerji Fazlası
02/10/2025;12:00;Enerji Fazlası
02/10/2025;13:00;Enerji Açığı
02/10/2025;14:00;Enerji Fazlası
02/10/2025;15:00;Enerji Açığı
02/10/2025;16:00;Enerji Açığı
02/10/2025;17:00;Enerji Açığı
02/10/2025;18:00;Enerji Açığı
02/10/2025;19:00;Enerji Açığı
02/10/2025;20:00;Enerji Açığı
02/10/2025;21:00;Enerji Açığı
02/10/2025;22:00;Enerji Açığı
02/10/2025;23:00;Enerji Fazlası
03/10/2025;00:00;Enerji Fazlası
03/10/2025;01:00;Enerji Fazlası
03/10/2025;02:00;Dengede
03/10/2025;03:00;Enerji Fazlası
03/10/2025;04:00;Enerji Fazlası
03/10/2025;05:00;Enerji Fazlası
03/10/2025;06:00;Enerji Açığı
03/10/2025;07:00;Enerji Açığı
03/10/2025;08:00;Enerji Açığı
03/10/2025;09:00;Enerji Açığı
03/10/2025;10:00;Enerji Açığı
03/10/2025;11:00;Enerji Açığı
03/10/2025;12:00;Enerji Açığı
03/10/2025;13:00;Enerji Açığı
03/10/2025;14:00;Enerji Açığı
03/10/2025;15:00;Enerji Açığı
03/10/2025;16:00;Enerji Açığı
03/10/2025;17:00;Enerji Açığı
03/10/2025;18:00;Enerji Açığı
03/10/2025;19:00;Enerji Açığı
03/10/2025;20:00;Enerji Açığı
03/10/2025;21:00;Enerji Açığı
03/10/2025;22:00;Enerji Açığı
03/10/2025;23:00;Enerji Fazlası
04/10/2025;00:00;Enerji Fazlası
04/10/2025;01:00;Enerji Fazlası
04/10/2025;02:00;Enerji Açığı
04/10/2025;03:00;Dengede
04/10/2025;04:00;Dengede
04/10/2025;05:00;Enerji Fazlası
04/10/2025;06:00;Enerji Fazlası
04/10/2025;07:00;Enerji Fazlası
04/10/2025;08:00;Enerji Fazlası
04/10/2025;09:00;Enerji Fazlası
04/10/2025;10:00;Enerji Fazlası
04/10/2025;11:00;Enerji Fazlası
04/10/2025;12:00;Enerji Fazlası
04/10/2025;13:00;Enerji Açığı
04/10/2025;14:00;Enerji Açığı
04/10/2025;15:00;Enerji Açığı
04/10/2025;16:00;Enerji Açığı
04/10/2025;17:00;Enerji Açığı
04/10/2025;18:00;Enerji Açığı
04/10/2025;19:00;Enerji Açığı
04/10/2025;20:00;Enerji Açığı
04/10/2025;21:00;Enerji Açığı
04/10/2025;22:00;Enerji Açığı
04/10/2025;23:00;Enerji Fazlası
05/10/2025;00:00;Enerji Fazlası
05/10/2025;01:00;Enerji Açığı
05/10/2025;02:00;Enerji Fazlası
05/10/2025;03:00;Enerji Fazlası
05/10/2025;04:00;Enerji Fazlası
05/10/2025;05:00;Enerji Fazlası
05/10/2025;06:00;Enerji Fazlası
05/10/2025;07:00;Enerji Fazlası
05/10/2025;08:00;Enerji Fazlası
05/10/2025;09:00;Enerji Fazlası
05/10/2025;10:00;Enerji Fazlası
05/10/2025;11:00;Enerji Fazlası
05/10/2025;12:00;Enerji Fazlası
05/10/2025;13:00;Enerji Fazlası
05/10/2025;14:00;Enerji Fazlası
05/10/2025;15:00;Enerji Fazlası
05/10/2025;16:00;Enerji Fazlası
05/10/2025;17:00;Enerji Açığı
05/10/2025;18:00;Enerji Açığı
05/10/2025;19:00;Enerji Açığı
05/10/2025;20:00;Enerji Açığı
05/10/2025;21:00;Enerji Açığı
05/10/2025;22:00;Enerji Fazlası
05/10/2025;23:00;Enerji Fazlası
06/10/2025;00:00;Enerji Fazlası
06/10/2025;01:00;Enerji Fazlası
06/10/2025;02:00;Enerji Fazlası
06/10/2025;03:00;Enerji Fazlası
06/10/2025;04:00;Enerji Açığı
06/10/2025;05:00;Enerji Açığı
06/10/2025;06:00;Enerji Açığı
06/10/2025;07:00;Enerji Açığı
06/10/2025;08:00;Enerji Açığı
06/10/2025;09:00;Enerji Fazlası
06/10/2025;10:00;Enerji Fazlası
06/10/2025;11:00;Enerji Fazlası
06/10/2025;12:00;Enerji Fazlası
06/10/2025;13:00;Enerji Açığı
06/10/2025;14:00;Enerji Açığı
06/10/2025;15:00;Enerji Açığı
06/10/2025;16:00;Enerji Açığı
06/10/2025;17:00;Enerji Açığı
06/10/2025;18:00;Enerji Açığı
06/10/2025;19:00;Enerji Açığı
06/10/2025;20:00;Enerji Açığı
06/10/2025;21:00;Enerji Açığı
06/10/2025;22:00;Enerji Açığı
06/10/2025;23:00;Enerji Fazlası
07/10/2025;00:00;Enerji Fazlası
07/10/2025;01:00;Enerji Açığı
07/10/2025;02:00;Enerji Açığı
07/10/2025;03:00;Enerji Açığı
07/10/2025;04:00;Enerji Açığı
07/10/2025;05:00;Enerji Açığı
07/10/2025;06:00;Enerji Açığı
07/10/2025;07:00;Enerji Açığı
07/10/2025;08:00;Enerji Açığı
07/10/2025;09:00;Enerji Açığı
07/10/2025;10:00;Enerji Açığı
07/10/2025;11:00;Enerji Açığı
07/10/2025;12:00;Enerji Açığı
07/10/2025;13:00;Enerji Açığı
07/10/2025;14:00;Enerji Açığı
07/10/2025;15:00;Enerji Açığı
07/10/2025;16:00;Enerji Açığı
07/10/2025;17:00;Enerji Açığı
07/10/2025;18:00;Enerji Açığı
07/10/2025;19:00;Enerji Açığı
07/10/2025;20:00;Enerji Açığı
07/10/2025;21:00;Enerji Açığı
07/10/2025;22:00;Enerji Fazlası
07/10/2025;23:00;Enerji Açığı
08/10/2025;00:00;Enerji Açığı
08/10/2025;01:00;Enerji Açığı
08/10/2025;02:00;Enerji Açığı
08/10/2025;03:00;Dengede
08/10/2025;04:00;Dengede
08/10/2025;05:00;Enerji Açığı
08/10/2025;06:00;Enerji Açığı
08/10/2025;07:00;Enerji Açığı
08/10/2025;08:00;Enerji Açığı
08/10/2025;09:00;Enerji Açığı
08/10/2025;10:00;Enerji Fazlası
08/10/2025;11:00;Enerji Açığı
08/10/2025;12:00;Enerji Açığı
08/10/2025;13:00;Enerji Açığı
08/10/2025;14:00;Enerji Açığı
08/10/2025;15:00;Enerji Açığı
08/10/2025;16:00;Enerji Açığı
08/10/2025;17:00;Enerji Açığı
08/10/2025;18:00;Enerji Açığı
08/10/2025;19:00;Enerji Açığı
08/10/2025;20:00;Enerji Açığı
08/10/2025;21:00;Enerji Açığı
08/10/2025;22:00;Enerji Fazlası
08/10/2025;23:00;Enerji Fazlası
09/10/2025;00:00;Enerji Fazlası
09/10/2025;01:00;Enerji Fazlası
09/10/2025;02:00;Dengede
09/10/2025;03:00;Dengede
09/10/2025;04:00;Enerji Açığı
09/10/2025;05:00;Dengede
09/10/2025;06:00;Enerji Fazlası
09/10/2025;07:00;Enerji Açığı
09/10/2025;08:00;Enerji Açığı
09/10/2025;09:00;Enerji Açığı
09/10/2025;10:00;Enerji Açığı
09/10/2025;11:00;Enerji Açığı
09/10/2025;12:00;Enerji Açığı
09/10/2025;13:00;Enerji Açığı
09/10/2025;14:00;Enerji Açığı
09/10/2025;15:00;Enerji Açığı
09/10/2025;16:00;Enerji Açığı
09/10/2025;17:00;Enerji Açığı
09/10/2025;18:00;Enerji Açığı
09/10/2025;19:00;Enerji Açığı
09/10/2025;20:00;Enerji Açığı
09/10/2025;21:00;Enerji Açığı
09/10/2025;22:00;Enerji Açığı
09/10/2025;23:00;Enerji Açığı
10/10/2025;00:00;Enerji Açığı
10/10/2025;01:00;Enerji Açığı
10/10/2025;02:00;Enerji Açığı
10/10/2025;03:00;Enerji Açığı
10/10/2025;04:00;Enerji Açığı
10/10/2025;05:00;Enerji Açığı
10/10/2025;06:00;Enerji Açığı
10/10/2025;07:00;Enerji Açığı
10/10/2025;08:00;Enerji Açığı
10/10/2025;09:00;Enerji Açığı
10/10/2025;10:00;Enerji Fazlası
10/10/2025;11:00;Enerji Fazlası
10/10/2025;12:00;Enerji Fazlası
10/10/2025;13:00;Enerji Fazlası
10/10/2025;14:00;Enerji Açığı
10/10/2025;15:00;Enerji Fazlası
10/10/2025;16:00;Enerji Açığı
10/10/2025;17:00;Enerji Açığı
10/10/2025;18:00;Enerji Açığı
10/10/2025;19:00;Enerji Açığı
10/10/2025;20:00;Enerji Açığı
10/10/2025;21:00;Enerji Açığı
10/10/2025;22:00;Enerji Açığı
10/10/2025;23:00;Enerji Açığı
11/10/2025;00:00;Enerji Açığı
11/10/2025;01:00;Enerji Açığı
11/10/2025;02:00;Enerji Açığı
11/10/2025;03:00;Enerji Açığı
11/10/2025;04:00;Enerji Fazlası
11/10/2025;05:00;Enerji Fazlası
11/10/2025;06:00;Enerji Açığı
11/10/2025;07:00;Enerji Fazlası
11/10/2025;08:00;Enerji Fazlası
11/10/2025;09:00;Enerji Fazlası
11/10/2025;10:00;Enerji Fazlası
11/10/2025;11:00;Enerji Fazlası
11/10/2025;12:00;Enerji Fazlası
11/10/2025;13:00;Enerji Açığı
11/10/2025;14:00;Enerji Açığı
11/10/2025;15:00;Enerji Açığı
11/10/2025;16:00;Enerji Açığı
11/10/2025;17:00;Enerji Açığı
11/10/2025;18:00;Enerji Açığı
11/10/2025;19:00;Enerji Açığı
11/10/2025;20:00;Enerji Açığı
11/10/2025;21:00;Enerji Açığı
11/10/2025;22:00;Enerji Açığı
11/10/2025;23:00;Enerji Açığı
12/10/2025;00:00;Enerji Açığı
12/10/2025;01:00;Enerji Açığı
12/10/2025;02:00;Enerji Açığı
12/10/2025;03:00;Enerji Açığı
12/10/2025;04:00;Enerji Açığı
12/10/2025;05:00;Enerji Açığı
12/10/2025;06:00;Enerji Açığı
12/10/2025;07:00;Enerji Açığı
12/10/2025;08:00;Enerji Fazlası
12/10/2025;09:00;Enerji Fazlası
12/10/2025;10:00;Enerji Fazlası
12/10/2025;11:00;Enerji Fazlası
12/10/2025;12:00;Enerji Açığı
12/10/2025;13:00;Enerji Açığı
12/10/2025;14:00;Enerji Açığı
12/10/2025;15:00;Enerji Açığı
12/10/2025;16:00;Enerji Açığı
12/10/2025;17:00;Enerji Açığı
12/10/2025;18:00;Enerji Açığı
12/10/2025;19:00;Enerji Açığı
12/10/2025;20:00;Enerji Açığı
12/10/2025;21:00;Enerji Fazlası
12/10/2025;22:00;Enerji Fazlası
12/10/2025;23:00;Enerji Fazlası
13/10/2025;00:00;Enerji Fazlası
13/10/2025;01:00;Enerji Fazlası
13/10/2025;02:00;Enerji Fazlası
13/10/2025;03:00;Enerji Fazlası
13/10/2025;04:00;Enerji Fazlası
13/10/2025;05:00;Enerji Fazlası
13/10/2025;06:00;Enerji Açığı
13/10/2025;07:00;Enerji Açığı
13/10/2025;08:00;Enerji Açığı
13/10/2025;09:00;Enerji Fazlası
13/10/2025;10:00;Enerji Fazlası
13/10/2025;11:00;Enerji Fazlası
13/10/2025;12:00;Enerji Fazlası
13/10/2025;13:00;Enerji Fazlası
13/10/2025;14:00;Enerji Fazlası
13/10/2025;15:00;Enerji Fazlası
13/10/2025;16:00;Enerji Fazlası
13/10/2025;17:00;Enerji Açığı
13/10/2025;18:00;Enerji Açığı
13/10/2025;19:00;Enerji Açığı
13/10/2025;20:00;Enerji Açığı
13/10/2025;21:00;Enerji Açığı
13/10/2025;22:00;Enerji Açığı
13/10/2025;23:00;Enerji Fazlası
14/10/2025;00:00;Enerji Açığı
14/10/2025;01:00;Enerji Açığı
14/10/2025;02:00;Enerji Açığı
14/10/2025;03:00;Enerji Açığı
14/10/2025;04:00;Enerji Açığı
14/10/2025;05:00;Enerji Açığı
14/10/2025;06:00;Enerji Açığı
14/10/2025;07:00;Enerji Açığı
14/10/2025;08:00;Enerji Açığı
14/10/2025;09:00;Enerji Açığı
14/10/2025;10:00;Enerji Açığı
14/10/2025;11:00;Enerji Fazlası
14/10/2025;12:00;Enerji Fazlası
14/10/2025;13:00;Enerji Fazlası
14/10/2025;14:00;Enerji Fazlası
14/10/2025;15:00;Enerji Fazlası
14/10/2025;16:00;Enerji Fazlası
14/10/2025;17:00;Enerji Açığı
14/10/2025;18:00;Enerji Açığı
14/10/2025;19:00;Enerji Açığı
14/10/2025;20:00;Enerji Açığı
14/10/2025;21:00;Enerji Açığı
14/10/2025;22:00;Enerji Açığı
14/10/2025;23:00;Enerji Açığı
15/10/2025;00:00;Enerji Açığı
15/10/2025;01:00;Enerji Açığı
15/10/2025;02:00;Enerji Açığı
15/10/2025;03:00;Enerji Açığı
15/10/2025;04:00;Enerji Açığı
15/10/2025;05:00;Enerji Açığı
15/10/2025;06:00;Enerji Açığı
15/10/2025;07:00;Enerji Açığı
15/10/2025;08:00;Enerji Açığı
15/10/2025;09:00;Dengede
15/10/2025;10:00;Dengede
15/10/2025;11:00;Enerji Fazlası
15/10/2025;12:00;Enerji Fazlası
15/10/2025;13:00;Enerji Fazlası
15/10/2025;14:00;Enerji Fazlası
15/10/2025;15:00;Enerji Fazlası
15/10/2025;16:00;Enerji Fazlası
15/10/2025;17:00;Enerji Açığı
15/10/2025;18:00;Enerji Açığı
15/10/2025;19:00;Enerji Açığı
15/10/2025;20:00;Enerji Açığı
15/10/2025;21:00;Enerji Fazlası
15/10/2025;22:00;Enerji Fazlası
15/10/2025;23:00;Enerji Fazlası
16/10/2025;00:00;Enerji Açığı
16/10/2025;01:00;Enerji Açığı
16/10/2025;02:00;Enerji Açığı
16/10/2025;03:00;Enerji Fazlası
16/10/2025;04:00;Dengede
16/10/2025;05:00;Enerji Fazlası
16/10/2025;06:00;Enerji Fazlası
16/10/2025;07:00;Enerji Açığı
16/10/2025;08:00;Enerji Açığı
16/10/2025;09:00;Enerji Fazlası
16/10/2025;10:00;Enerji Fazlası
16/10/2025;11:00;Enerji Fazlası
16/10/2025;12:00;Enerji Fazlası
16/10/2025;13:00;Enerji Fazlası
16/10/2025;14:00;Enerji Fazlası
16/10/2025;15:00;Enerji Fazlası
16/10/2025;16:00;Enerji Fazlası
16/10/2025;17:00;Enerji Açığı
16/10/2025;18:00;Enerji Açığı
16/10/2025;19:00;Enerji Açığı
16/10/2025;20:00;Enerji Açığı
16/10/2025;21:00;Enerji Açığı
16/10/2025;22:00;Enerji Açığı
16/10/2025;23:00;Enerji Açığı
17/10/2025;00:00;Enerji Açığı
17/10/2025;01:00;Enerji Açığı
17/10/2025;02:00;Dengede
17/10/2025;03:00;Enerji Fazlası
17/10/2025;04:00;Enerji Fazlası
17/10/2025;05:00;Dengede
17/10/2025;06:00;Enerji Açığı
17/10/2025;07:00;Enerji Açığı
17/10/2025;08:00;Enerji Açığı
17/10/2025;09:00;Enerji Açığı
17/10/2025;10:00;Enerji Fazlası
17/10/2025;11:00;Enerji Fazlası
17/10/2025;12:00;Enerji Fazlası
17/10/2025;13:00;Enerji Fazlası
17/10/2025;14:00;Enerji Açığı
17/10/2025;15:00;Enerji Açığı
17/10/2025;16:00;Enerji Açığı
17/10/2025;17:00;Enerji Açığı
17/10/2025;18:00;Enerji Açığı
17/10/2025;19:00;Enerji Açığı
17/10/2025;20:00;Enerji Açığı
17/10/2025;21:00;Enerji Açığı
17/10/2025;22:00;Enerji Açığı
17/10/2025;23:00;Enerji Fazlası
18/10/2025;00:00;Enerji Fazlası
18/10/2025;01:00;Enerji Açığı
18/10/2025;02:00;Enerji Açığı
18/10/2025;03:00;Dengede
18/10/2025;04:00;Dengede
18/10/2025;05:00;Dengede
18/10/2025;06:00;Enerji Açığı
18/10/2025;07:00;Enerji Açığı
18/10/2025;08:00;Enerji Açığı
18/10/2025;09:00;Enerji Açığı
18/10/2025;10:00;Enerji Açığı
18/10/2025;11:00;Enerji Açığı
18/10/2025;12:00;Enerji Fazlası
18/10/2025;13:00;Enerji Açığı
18/10/2025;14:00;Enerji Açığı
18/10/2025;15:00;Enerji Açığı
18/10/2025;16:00;Enerji Açığı
18/10/2025;17:00;Enerji Açığı
18/10/2025;18:00;Enerji Açığı
18/10/2025;19:00;Enerji Açığı
18/10/2025;20:00;Enerji Açığı
18/10/2025;21:00;Enerji Açığı
18/10/2025;22:00;Enerji Açığı
18/10/2025;23:00;Enerji Fazlası
19/10/2025;00:00;Enerji Fazlası
19/10/2025;01:00;Enerji Fazlası
19/10/2025;02:00;Enerji Fazlası
19/10/2025;03:00;Enerji Fazlası
19/10/2025;04:00;Dengede
19/10/2025;05:00;Enerji Fazlası
19/10/2025;06:00;Enerji Fazlası
19/10/2025;07:00;Enerji Fazlası
19/10/2025;08:00;Enerji Fazlası
19/10/2025;09:00;Enerji Fazlası
19/10/2025;10:00;Enerji Fazlası
19/10/2025;11:00;Enerji Fazlası
19/10/2025;12:00;Enerji Fazlası
19/10/2025;13:00;Enerji Açığı
19/10/2025;14:00;Enerji Açığı
19/10/2025;15:00;Enerji Açığı
19/10/2025;16:00;Enerji Açığı
19/10/2025;17:00;Enerji Açığı
19/10/2025;18:00;Enerji Açığı
19/10/2025;19:00;Enerji Açığı
19/10/2025;20:00;Enerji Açığı
19/10/2025;21:00;Enerji Açığı
19/10/2025;22:00;Enerji Açığı
19/10/2025;23:00;Enerji Açığı
20/10/2025;00:00;Enerji Açığı
20/10/2025;01:00;Enerji Açığı
20/10/2025;02:00;Enerji Açığı
20/10/2025;03:00;Dengede
20/10/2025;04:00;Enerji Açığı
20/10/2025;05:00;Enerji Açığı
20/10/2025;06:00;Enerji Açığı
20/10/2025;07:00;Enerji Açığı
20/10/2025;08:00;Enerji Açığı
20/10/2025;09:00;Enerji Açığı
20/10/2025;10:00;Enerji Açığı
20/10/2025;11:00;Enerji Açığı
20/10/2025;12:00;Enerji Açığı
20/10/2025;13:00;Enerji Açığı
20/10/2025;14:00;Enerji Fazlası
20/10/2025;15:00;Enerji Fazlası
20/10/2025;16:00;Enerji Açığı
20/10/2025;17:00;Enerji Açığı
20/10/2025;18:00;Enerji Açığı
20/10/2025;19:00;Enerji Açığı
20/10/2025;20:00;Enerji Açığı
20/10/2025;21:00;Enerji Açığı
20/10/2025;22:00;Enerji Açığı
20/10/2025;23:00;Enerji Açığı
21/10/2025;00:00;Enerji Fazlası
21/10/2025;01:00;Enerji Açığı
21/10/2025;02:00;Enerji Açığı
21/10/2025;03:00;Enerji Açığı
21/10/2025;04:00;Enerji Açığı
21/10/2025;05:00;Enerji Açığı
21/10/2025;06:00;Enerji Açığı
21/10/2025;07:00;Enerji Açığı
21/10/2025;08:00;Enerji Açığı
21/10/2025;09:00;Enerji Açığı
21/10/2025;10:00;Enerji Açığı
21/10/2025;11:00;Enerji Fazlası
21/10/2025;12:00;Enerji Fazlası
21/10/2025;13:00;Enerji Fazlası
21/10/2025;14:00;Enerji Fazlası
21/10/2025;15:00;Enerji Açığı
21/10/2025;16:00;Enerji Açığı
21/10/2025;17:00;Enerji Açığı
21/10/2025;18:00;Enerji Açığı
21/10/2025;19:00;Enerji Açığı
21/10/2025;20:00;Enerji Açığı
21/10/2025;21:00;Enerji Açığı
21/10/2025;22:00;Enerji Açığı
21/10/2025;23:00;Enerji Açığı
22/10/2025;00:00;Enerji Fazlası
22/10/2025;01:00;Enerji Fazlası
22/10/2025;02:00;Enerji Fazlası
22/10/2025;03:00;Enerji Fazlası
22/10/2025;04:00;Enerji Açığı
22/10/2025;05:00;Enerji Açığı
22/10/2025;06:00;Enerji Açığı
22/10/2025;07:00;Enerji Açığı
22/10/2025;08:00;Enerji Açığı
22/10/2025;09:00;Enerji Açığı
22/10/2025;10:00;Enerji Fazlası
22/10/2025;11:00;Enerji Fazlası
22/10/2025;12:00;Enerji Fazlası
22/10/2025;13:00;Enerji Açığı
22/10/2025;14:00;Enerji Açığı
22/10/2025;15:00;Enerji Açığı
22/10/2025;16:00;Enerji Açığı
22/10/2025;17:00;Enerji Açığı
22/10/2025;18:00;Enerji Açığı
22/10/2025;19:00;Enerji Açığı
22/10/2025;20:00;Enerji Açığı
22/10/2025;21:00;Enerji Açığı
22/10/2025;22:00;Enerji Açığı
22/10/2025;23:00;Enerji Açığı
23/10/2025;00:00;Enerji Açığı
23/10/2025;01:00;Enerji Açığı
23/10/2025;02:00;Enerji Açığı
23/10/2025;03:00;Enerji Açığı
23/10/2025;04:00;Enerji Açığı
23/10/2025;05:00;Enerji Açığı
23/10/2025;06:00;Enerji Açığı
23/10/2025;07:00;Enerji Açığı
23/10/2025;08:00;Enerji Açığı
23/10/2025;09:00;Enerji Açığı
23/10/2025;10:00;Enerji Açığı
23/10/2025;11:00;Enerji Açığı
23/10/2025;12:00;Enerji Açığı
23/10/2025;13:00;Enerji Açığı
23/10/2025;14:00;Enerji Açığı
23/10/2025;15:00;Enerji Açığı
23/10/2025;16:00;Enerji Açığı
23/10/2025;17:00;Enerji Açığı
23/10/2025;18:00;Enerji Açığı
23/10/2025;19:00;Enerji Açığı
23/10/2025;20:00;Enerji Açığı
23/10/2025;21:00;Enerji Fazlası
23/10/2025;22:00;Enerji Fazlası
23/10/2025;23:00;Enerji Açığı
24/10/2025;00:00;Enerji Fazlası
24/10/2025;01:00;Enerji Açığı
24/10/2025;02:00;Enerji Açığı
24/10/2025;03:00;Enerji Açığı
24/10/2025;04:00;Enerji Açığı
24/10/2025;05:00;Enerji Açığı
24/10/2025;06:00;Enerji Açığı
24/10/2025;07:00;Enerji Açığı
24/10/2025;08:00;Enerji Açığı
24/10/2025;09:00;Enerji Açığı
24/10/2025;10:00;Enerji Fazlası
24/10/2025;11:00;Enerji Açığı
24/10/2025;12:00;Enerji Fazlası
24/10/2025;13:00;Enerji Fazlası
24/10/2025;14:00;Enerji Açığı
24/10/2025;15:00;Enerji Açığı
24/10/2025;16:00;Enerji Açığı
24/10/2025;17:00;Enerji Açığı
24/10/2025;18:00;Enerji Açığı
24/10/2025;19:00;Enerji Açığı
24/10/2025;20:00;Enerji Açığı
24/10/2025;21:00;Enerji Açığı
24/10/2025;22:00;Enerji Açığı
24/10/2025;23:00;Enerji Açığı
25/10/2025;00:00;Enerji Açığı
25/10/2025;01:00;Enerji Açığı
25/10/2025;02:00;Enerji Fazlası
25/10/2025;03:00;Enerji Fazlası
25/10/2025;04:00;Enerji Fazlası
25/10/2025;05:00;Enerji Fazlası
25/10/2025;06:00;Enerji Fazlası
25/10/2025;07:00;Enerji Açığı
25/10/2025;08:00;Enerji Açığı
25/10/2025;09:00;Enerji Açığı
25/10/2025;10:00;Enerji Açığı
25/10/2025;11:00;Enerji Açığı
25/10/2025;12:00;Enerji Açığı
25/10/2025;13:00;Enerji Açığı
25/10/2025;14:00;Enerji Açığı
25/10/2025;15:00;Enerji Açığı
25/10/2025;16:00;Enerji Açığı
25/10/2025;17:00;Enerji Açığı
25/10/2025;18:00;Enerji Açığı
25/10/2025;19:00;Enerji Açığı
25/10/2025;20:00;Enerji Açığı
25/10/2025;21:00;Enerji Açığı
25/10/2025;22:00;Enerji Açığı
25/10/2025;23:00;Enerji Açığı
26/10/2025;00:00;Enerji Fazlası
26/10/2025;01:00;Enerji Fazlası
26/10/2025;02:00;Enerji Fazlası
26/10/2025;03:00;Enerji Açığı
26/10/2025;04:00;Enerji Açığı
26/10/2025;05:00;Enerji Açığı
26/10/2025;06:00;Enerji Açığı
26/10/2025;07:00;Enerji Açığı
26/10/2025;08:00;Enerji Fazlası
26/10/2025;09:00;Enerji Fazlası
26/10/2025;10:00;Enerji Fazlası
26/10/2025;11:00;Enerji Fazlası
26/10/2025;12:00;Enerji Fazlası
26/10/2025;13:00;Enerji Fazlası
26/10/2025;14:00;Enerji Fazlası
26/10/2025;15:00;Enerji Fazlası
26/10/2025;16:00;Enerji Açığı
26/10/2025;17:00;Enerji Açığı
26/10/2025;18:00;Enerji Açığı
26/10/2025;19:00;Enerji Açığı
26/10/2025;20:00;Enerji Açığı
26/10/2025;21:00;Enerji Fazlası
26/10/2025;22:00;Enerji Fazlası
26/10/2025;23:00;Enerji Fazlası
27/10/2025;00:00;Enerji Fazlası
27/10/2025;01:00;Enerji Fazlası
27/10/2025;02:00;Enerji Fazlası
27/10/2025;03:00;Enerji Fazlası
27/10/2025;04:00;Enerji Fazlası
27/10/2025;05:00;Enerji Fazlası
27/10/2025;06:00;Enerji Fazlası
27/10/2025;07:00;Enerji Fazlası
27/10/2025;08:00;Enerji Fazlası
27/10/2025;09:00;Enerji Fazlası
27/10/2025;10:00;Enerji Fazlası
27/10/2025;11:00;Enerji Fazlası
27/10/2025;12:00;Enerji Fazlası
27/10/2025;13:00;Enerji Fazlası
27/10/2025;14:00;Enerji Fazlası
27/10/2025;15:00;Enerji Fazlası
27/10/2025;16:00;Enerji Açığı
27/10/2025;17:00;Enerji Açığı
27/10/2025;18:00;Enerji Açığı
27/10/2025;19:00;Enerji Açığı
27/10/2025;20:00;Enerji Açığı
27/10/2025;21:00;Enerji Açığı
27/10/2025;22:00;Enerji Açığı
27/10/2025;23:00;Enerji Fazlası
28/10/2025;00:00;Enerji Fazlası
28/10/2025;01:00;Enerji Fazlası
28/10/2025;02:00;Dengede
28/10/2025;03:00;Enerji Açığı
28/10/2025;04:00;Enerji Açığı
28/10/2025;05:00;Enerji Açığı
28/10/2025;06:00;Enerji Açığı
28/10/2025;07:00;Enerji Açığı
28/10/2025;08:00;Enerji Açığı
28/10/2025;09:00;Enerji Fazlası
28/10/2025;10:00;Enerji Fazlası
28/10/2025;11:00;Enerji Açığı
28/10/2025;12:00;Enerji Fazlası
28/10/2025;13:00;Enerji Fazlası
28/10/2025;14:00;Enerji Açığı
28/10/2025;15:00;Enerji Açığı
28/10/2025;16:00;Enerji Açığı
28/10/2025;17:00;Enerji Açığı
28/10/2025;18:00;Enerji Açığı
28/10/2025;19:00;Enerji Fazlası
28/10/2025;20:00;Enerji Fazlası
28/10/2025;21:00;Enerji Fazlası
28/10/2025;22:00;Enerji Fazlası
28/10/2025;23:00;Enerji Fazlası
29/10/2025;00:00;Enerji Fazlası
29/10/2025;01:00;Enerji Fazlası
29/10/2025;02:00;Dengede
29/10/2025;03:00;Dengede
29/10/2025;04:00;Dengede
29/10/2025;05:00;Dengede
29/10/2025;06:00;Enerji Açığı
29/10/2025;07:00;Enerji Açığı
29/10/2025;08:00;Enerji Fazlası
29/10/2025;09:00;Enerji Fazlası
29/10/2025;10:00;Enerji Fazlası
29/10/2025;11:00;Enerji Fazlası
29/10/2025;12:00;Enerji Fazlası
29/10/2025;13:00;Enerji Fazlası
29/10/2025;14:00;Enerji Fazlası
29/10/2025;15:00;Enerji Fazlası
29/10/2025;16:00;Enerji Fazlası
29/10/2025;17:00;Enerji Açığı
29/10/2025;18:00;Enerji Açığı
29/10/2025;19:00;Enerji Açığı
29/10/2025;20:00;Enerji Açığı
29/10/2025;21:00;Enerji Açığı
29/10/2025;22:00;Dengede
29/10/2025;23:00;Enerji Fazlası
30/10/2025;00:00;Enerji Açığı
30/10/2025;01:00;Enerji Açığı
30/10/2025;02:00;Dengede
30/10/2025;03:00;Enerji Fazlası
30/10/2025;04:00;Enerji Fazlası
30/10/2025;05:00;Enerji Fazlası
30/10/2025;06:00;Enerji Açığı
30/10/2025;07:00;Enerji Açığı
30/10/2025;08:00;Enerji Açığı
30/10/2025;09:00;Enerji Açığı
30/10/2025;10:00;Enerji Açığı
30/10/2025;11:00;Enerji Açığı
30/10/2025;12:00;Enerji Fazlası
30/10/2025;13:00;Enerji Fazlası
30/10/2025;14:00;Enerji Açığı
30/10/2025;15:00;Enerji Fazlası
30/10/2025;16:00;Enerji Açığı
30/10/2025;17:00;Enerji Açığı
30/10/2025;18:00;Enerji Açığı
30/10/2025;19:00;Enerji Açığı
30/10/2025;20:00;Enerji Açığı
30/10/2025;21:00;Enerji Açığı
30/10/2025;22:00;Enerji Açığı
30/10/2025;23:00;Enerji Açığı
31/10/2025;00:00;Enerji Fazlası
31/10/2025;01:00;Enerji Fazlası
31/10/2025;02:00;Enerji Fazlası
31/10/2025;03:00;Enerji Fazlası
31/10/2025;04:00;Enerji Fazlası
31/10/2025;05:00;Enerji Fazlası
31/10/2025;06:00;Enerji Açığı
31/10/2025;07:00;Enerji Açığı
31/10/2025;08:00;Enerji Açığı
31/10/2025;09:00;Enerji Açığı
31/10/2025;10:00;Enerji Fazlası
31/10/2025;11:00;Enerji Fazlası
31/10/2025;12:00;Enerji Fazlası
31/10/2025;13:00;Enerji Fazlası
31/10/2025;14:00;Enerji Fazlası
31/10/2025;15:00;Enerji Fazlası
31/10/2025;16:00;Enerji Açığı
31/10/2025;17:00;Enerji Açığı
31/10/2025;18:00;Enerji Açığı
31/10/2025;19:00;Enerji Açığı
31/10/2025;20:00;Enerji Açığı
31/10/2025;21:00;Enerji Açığı
31/10/2025;22:00;Enerji Açığı
31/10/2025;23:00;Enerji Açığı
01/11/2025;00:00;Enerji Açığı
01/11/2025;01:00;Enerji Açığı
01/11/2025;02:00;Enerji Açığı
01/11/2025;03:00;Enerji Açığı
01/11/2025;04:00;Enerji Açığı
01/11/2025;05:00;Enerji Açığı
01/11/2025;06:00;Enerji Açığı
01/11/2025;07:00;Enerji Açığı
01/11/2025;08:00;Enerji Açığı
01/11/2025;09:00;Enerji Açığı
01/11/2025;10:00;Enerji Fazlası
01/11/2025;11:00;Enerji Fazlası
01/11/2025;12:00;Enerji Fazlası
01/11/2025;13:00;Enerji Fazlası
01/11/2025;14:00;Enerji Fazlası
01/11/2025;15:00;Enerji Açığı
01/11/2025;16:00;Enerji Açığı
01/11/2025;17:00;Enerji Açığı
01/11/2025;18:00;Enerji Açığı
01/11/2025;19:00;Enerji Açığı
01/11/2025;20:00;Enerji Açığı
01/11/2025;21:00;Enerji Açığı
01/11/2025;22:00;Enerji Açığı
01/11/2025;23:00;Enerji Açığı
02/11/2025;00:00;Enerji Fazlası
02/11/2025;01:00;Enerji Fazlası
02/11/2025;02:00;Enerji Fazlası
02/11/2025;03:00;Enerji Fazlası
02/11/2025;04:00;Enerji Fazlası
02/11/2025;05:00;Enerji Fazlası
02/11/2025;06:00;Enerji Açığı
02/11/2025;07:00;Enerji Açığı
02/11/2025;08:00;Enerji Fazlası
02/11/2025;09:00;Enerji Fazlası
02/11/2025;10:00;Enerji Fazlası
02/11/2025;11:00;Enerji Fazlası
02/11/2025;12:00;Enerji Fazlası
02/11/2025;13:00;Enerji Açığı
02/11/2025;14:00;Enerji Fazlası
02/11/2025;15:00;Enerji Fazlası
02/11/2025;16:00;Enerji Açığı
02/11/2025;17:00;Enerji Açığı
02/11/2025;18:00;Enerji Açığı
02/11/2025;19:00;Enerji Açığı
02/11/2025;20:00;Enerji Açığı
02/11/2025;21:00;Enerji Açığı
02/11/2025;22:00;Enerji Açığı
02/11/2025;23:00;Enerji Fazlası
03/11/2025;00:00;Enerji Fazlası
03/11/2025;01:00;Enerji Fazlası
03/11/2025;02:00;Enerji Fazlası
03/11/2025;03:00;Enerji Fazlası
03/11/2025;04:00;Enerji Fazlası
03/11/2025;05:00;Enerji Fazlası
03/11/2025;06:00;Enerji Açığı
03/11/2025;07:00;Enerji Açığı
03/11/2025;08:00;Enerji Açığı
03/11/2025;09:00;Enerji Açığı
03/11/2025;10:00;Enerji Fazlası
03/11/2025;11:00;Enerji Fazlası
03/11/2025;12:00;Enerji Fazlası
03/11/2025;13:00;Enerji Fazlası
03/11/2025;14:00;Enerji Fazlası
03/11/2025;15:00;Enerji Açığı
03/11/2025;16:00;Enerji Açığı
03/11/2025;17:00;Enerji Açığı
03/11/2025;18:00;Enerji Açığı
03/11/2025;19:00;Enerji Açığı
03/11/2025;20:00;Enerji Açığı
03/11/2025;21:00;Enerji Açığı
03/11/2025;22:00;Enerji Açığı
03/11/2025;23:00;Enerji Açığı
04/11/2025;00:00;Enerji Açığı
04/11/2025;01:00;Enerji Fazlası
04/11/2025;02:00;Enerji Açığı
04/11/2025;03:00;Enerji Açığı
04/11/2025;04:00;Enerji Açığı
04/11/2025;05:00;Enerji Açığı
04/11/2025;06:00;Enerji Açığı
04/11/2025;07:00;Enerji Açığı
04/11/2025;08:00;Enerji Açığı
04/11/2025;09:00;Enerji Açığı
04/11/2025;10:00;Enerji Açığı
04/11/2025;11:00;Enerji Açığı
04/11/2025;12:00;Enerji Açığı
04/11/2025;13:00;Enerji Açığı
04/11/2025;14:00;Enerji Açığı
04/11/2025;15:00;Enerji Açığı
04/11/2025;16:00;Enerji Açığı
04/11/2025;17:00;Enerji Açığı
04/11/2025;18:00;Enerji Açığı
04/11/2025;19:00;Enerji Açığı
04/11/2025;20:00;Enerji Açığı
04/11/2025;21:00;Enerji Açığı
04/11/2025;22:00;Enerji Açığı
04/11/2025;23:00;Enerji Açığı
05/11/2025;00:00;Enerji Açığı
05/11/2025;01:00;Enerji Açığı
05/11/2025;02:00;Enerji Açığı
05/11/2025;03:00;Enerji Açığı
05/11/2025;04:00;Enerji Açığı
05/11/2025;05:00;Enerji Açığı
05/11/2025;06:00;Enerji Açığı
05/11/2025;07:00;Enerji Açığı
05/11/2025;08:00;Enerji Açığı
05/11/2025;09:00;Enerji Açığı
05/11/2025;10:00;Enerji Fazlası
05/11/2025;11:00;Enerji Fazlası
05/11/2025;12:00;Enerji Fazlası
05/11/2025;13:00;Enerji Fazlası
05/11/2025;14:00;Dengede
05/11/2025;15:00;Enerji Açığı
05/11/2025;16:00;Enerji Açığı
05/11/2025;17:00;Enerji Açığı
05/11/2025;18:00;Enerji Açığı
05/11/2025;19:00;Enerji Açığı
05/11/2025;20:00;Enerji Açığı
05/11/2025;21:00;Enerji Açığı
05/11/2025;22:00;Enerji Açığı
05/11/2025;23:00;Enerji Açığı
06/11/2025;00:00;Enerji Fazlası
06/11/2025;01:00;Enerji Açığı
06/11/2025;02:00;Enerji Fazlası
06/11/2025;03:00;Enerji Fazlası
06/11/2025;04:00;Enerji Fazlası
06/11/2025;05:00;Enerji Fazlası
06/11/2025;06:00;Enerji Fazlası
06/11/2025;07:00;Enerji Açığı
06/11/2025;08:00;Enerji Açığı
06/11/2025;09:00;Enerji Açığı
06/11/2025;10:00;Enerji Açığı
06/11/2025;11:00;Enerji Açığı
06/11/2025;12:00;Dengede
06/11/2025;13:00;Enerji Fazlası
06/11/2025;14:00;Enerji Açığı
06/11/2025;15:00;Enerji Açığı
06/11/2025;16:00;Enerji Açığı
06/11/2025;17:00;Enerji Açığı
06/11/2025;18:00;Enerji Açığı
06/11/2025;19:00;Enerji Açığı
06/11/2025;20:00;Enerji Açığı
06/11/2025;21:00;Enerji Fazlası
06/11/2025;22:00;Enerji Fazlası
06/11/2025;23:00;Enerji Fazlası
07/11/2025;00:00;Enerji Fazlası
07/11/2025;01:00;Enerji Fazlası
07/11/2025;02:00;Enerji Fazlası
07/11/2025;03:00;Dengede
07/11/2025;04:00;Dengede
07/11/2025;05:00;Enerji Açığı
07/11/2025;06:00;Enerji Açığı
07/11/2025;07:00;Enerji Açığı
07/11/2025;08:00;Enerji Açığı
07/11/2025;09:00;Enerji Açığı
07/11/2025;10:00;Enerji Açığı
07/11/2025;11:00;Enerji Açığı
07/11/2025;12:00;Enerji Açığı
07/11/2025;13:00;Enerji Açığı
07/11/2025;14:00;Enerji Açığı
07/11/2025;15:00;Enerji Açığı
07/11/2025;16:00;Enerji Açığı
07/11/2025;17:00;Enerji Açığı
07/11/2025;18:00;Enerji Açığı
07/11/2025;19:00;Enerji Açığı
07/11/2025;20:00;Enerji Açığı
07/11/2025;21:00;Enerji Açığı
07/11/2025;22:00;Enerji Açığı
07/11/2025;23:00;Enerji Fazlası
08/11/2025;00:00;Enerji Fazlası
08/11/2025;01:00;Enerji Fazlası
08/11/2025;02:00;Dengede
08/11/2025;03:00;Enerji Fazlası
08/11/2025;04:00;Enerji Fazlası
08/11/2025;05:00;Enerji Fazlası
08/11/2025;06:00;Enerji Fazlası
08/11/2025;07:00;Enerji Fazlası
08/11/2025;08:00;Enerji Açığı
08/11/2025;09:00;Enerji Açığı
08/11/2025;10:00;Enerji Fazlası
08/11/2025;11:00;Enerji Fazlası
08/11/2025;12:00;Enerji Fazlası
08/11/2025;13:00;Enerji Fazlası
08/11/2025;14:00;Enerji Açığı
08/11/2025;15:00;Enerji Açığı
08/11/2025;16:00;Enerji Açığı
08/11/2025;17:00;Enerji Açığı
08/11/2025;18:00;Enerji Açığı
08/11/2025;19:00;Enerji Açığı
08/11/2025;20:00;Enerji Açığı
08/11/2025;21:00;Enerji Açığı
08/11/2025;22:00;Enerji Fazlası
08/11/2025;23:00;Enerji Fazlası
09/11/2025;00:00;Enerji Fazlası
09/11/2025;01:00;Enerji Fazlası
09/11/2025;02:00;Enerji Fazlası
09/11/2025;03:00;Enerji Fazlası
09/11/2025;04:00;Enerji Fazlası
09/11/2025;05:00;Enerji Fazlası
09/11/2025;06:00;Enerji Fazlası
09/11/2025;07:00;Enerji Açığı
09/11/2025;08:00;Enerji Fazlası
09/11/2025;09:00;Enerji Fazlası
09/11/2025;10:00;Enerji Fazlası
09/11/2025;11:00;Enerji Fazlası
09/11/2025;12:00;Enerji Fazlası
09/11/2025;13:00;Enerji Fazlası
09/11/2025;14:00;Enerji Fazlası
09/11/2025;15:00;Enerji Fazlası
09/11/2025;16:00;Enerji Fazlası
09/11/2025;17:00;Enerji Açığı
09/11/2025;18:00;Enerji Açığı
09/11/2025;19:00;Enerji Açığı
09/11/2025;20:00;Enerji Açığı
09/11/2025;21:00;Enerji Açığı
09/11/2025;22:00;Enerji Açığı
09/11/2025;23:00;Enerji Açığı
10/11/2025;00:00;Enerji Açığı
10/11/2025;01:00;Enerji Fazlası
10/11/2025;02:00;Enerji Fazlası
10/11/2025;03:00;Dengede
10/11/2025;04:00;Dengede
10/11/2025;05:00;Dengede
10/11/2025;06:00;Enerji Fazlası
10/11/2025;07:00;Enerji Fazlası
10/11/2025;08:00;Enerji Açığı
10/11/2025;09:00;Enerji Açığı
10/11/2025;10:00;Enerji Fazlası
10/11/2025;11:00;Enerji Fazlası
10/11/2025;12:00;Enerji Fazlası
10/11/2025;13:00;Enerji Fazlası
10/11/2025;14:00;Enerji Açığı
10/11/2025;15:00;Enerji Açığı
10/11/2025;16:00;Enerji Açığı
10/11/2025;17:00;Enerji Açığı
10/11/2025;18:00;Enerji Açığı
10/11/2025;19:00;Enerji Açığı
10/11/2025;20:00;Enerji Açığı
10/11/2025;21:00;Enerji Açığı
10/11/2025;22:00;Enerji Açığı
10/11/2025;23:00;Enerji Açığı
11/11/2025;00:00;Enerji Açığı
11/11/2025;01:00;Enerji Açığı
11/11/2025;02:00;Enerji Açığı
11/11/2025;03:00;Enerji Açığı
11/11/2025;04:00;Enerji Açığı
11/11/2025;05:00;Enerji Açığı
11/11/2025;06:00;Enerji Açığı
11/11/2025;07:00;Enerji Açığı
11/11/2025;08:00;Enerji Açığı
11/11/2025;09:00;Enerji Açığı
11/11/2025;10:00;Enerji Açığı
11/11/2025;11:00;Enerji Açığı
11/11/2025;12:00;Enerji Açığı
11/11/2025;13:00;Enerji Açığı
11/11/2025;14:00;Enerji Açığı
11/11/2025;15:00;Enerji Açığı
11/11/2025;16:00;Enerji Açığı
11/11/2025;17:00;Enerji Açığı
11/11/2025;18:00;Enerji Açığı
11/11/2025;19:00;Enerji Açığı
11/11/2025;20:00;Enerji Açığı
11/11/2025;21:00;Enerji Fazlası
11/11/2025;22:00;Enerji Fazlası
11/11/2025;23:00;Enerji Fazlası
12/11/2025;00:00;Enerji Fazlası
12/11/2025;01:00;Enerji Fazlası
12/11/2025;02:00;Enerji Fazlası
12/11/2025;03:00;Enerji Fazlası
12/11/2025;04:00;Dengede
12/11/2025;05:00;Enerji Açığı
12/11/2025;06:00;Enerji Açığı
12/11/2025;07:00;Enerji Açığı
12/11/2025;08:00;Enerji Açığı
12/11/2025;09:00;Enerji Açığı
12/11/2025;10:00;Enerji Açığı
12/11/2025;11:00;Enerji Açığı
12/11/2025;12:00;Enerji Fazlası
12/11/2025;13:00;Enerji Açığı
12/11/2025;14:00;Enerji Açığı
12/11/2025;15:00;Enerji Açığı
12/11/2025;16:00;Enerji Açığı
12/11/2025;17:00;Enerji Açığı
12/11/2025;18:00;Enerji Açığı
12/11/2025;19:00;Enerji Açığı
12/11/2025;20:00;Enerji Açığı
12/11/2025;21:00;Enerji Açığı
12/11/2025;22:00;Enerji Fazlası
12/11/2025;23:00;Enerji Açığı
13/11/2025;00:00;Enerji Açığı
13/11/2025;01:00;Enerji Açığı
13/11/2025;02:00;Enerji Açığı
13/11/2025;03:00;Enerji Açığı
13/11/2025;04:00;Enerji Açığı
13/11/2025;05:00;Dengede
13/11/2025;06:00;Enerji Açığı
13/11/2025;07:00;Enerji Açığı
13/11/2025;08:00;Enerji Açığı
13/11/2025;09:00;Enerji Açığı
13/11/2025;10:00;Enerji Açığı
13/11/2025;11:00;Enerji Açığı
13/11/2025;12:00;Enerji Açığı
13/11/2025;13:00;Enerji Açığı
13/11/2025;14:00;Enerji Açığı
13/11/2025;15:00;Enerji Açığı
13/11/2025;16:00;Enerji Açığı
13/11/2025;17:00;Enerji Açığı
13/11/2025;18:00;Enerji Açığı
13/11/2025;19:00;Enerji Açığı
13/11/2025;20:00;Enerji Fazlası
13/11/2025;21:00;Enerji Açığı
13/11/2025;22:00;Enerji Fazlası
13/11/2025;23:00;Enerji Açığı
14/11/2025;00:00;Enerji Fazlası
14/11/2025;01:00;Enerji Açığı
14/11/2025;02:00;Enerji Açığı
14/11/2025;03:00;Enerji Fazlası
14/11/2025;04:00;Enerji Fazlası
14/11/2025;05:00;Enerji Fazlası
14/11/2025;06:00;Enerji Açığı
14/11/2025;07:00;Enerji Açığı
14/11/2025;08:00;Enerji Açığı
14/11/2025;09:00;Enerji Açığı
14/11/2025;10:00;Enerji Açığı
14/11/2025;11:00;Enerji Fazlası
14/11/2025;12:00;Enerji Fazlası
14/11/2025;13:00;Enerji Açığı
14/11/2025;14:00;Enerji Açığı
14/11/2025;15:00;Enerji Açığı
14/11/2025;16:00;Enerji Açığı
14/11/2025;17:00;Enerji Açığı
14/11/2025;18:00;Enerji Açığı
14/11/2025;19:00;Enerji Açığı
14/11/2025;20:00;Enerji Fazlası
14/11/2025;21:00;Enerji Fazlası
14/11/2025;22:00;Enerji Fazlası
14/11/2025;23:00;Enerji Fazlası
15/11/2025;00:00;Enerji Fazlası
15/11/2025;01:00;Enerji Fazlası
15/11/2025;02:00;Enerji Fazlası
15/11/2025;03:00;Enerji Fazlası
15/11/2025;04:00;Enerji Fazlası
15/11/2025;05:00;Enerji Fazlası
15/11/2025;06:00;Enerji Fazlası
15/11/2025;07:00;Enerji Açığı
15/11/2025;08:00;Enerji Açığı
15/11/2025;09:00;Enerji Açığı
15/11/2025;10:00;Enerji Fazlası
15/11/2025;11:00;Enerji Açığı
15/11/2025;12:00;Enerji Açığı
15/11/2025;13:00;Enerji Açığı
15/11/2025;14:00;Enerji Açığı
15/11/2025;15:00;Enerji Açığı
15/11/2025;16:00;Enerji Açığı
15/11/2025;17:00;Enerji Açığı
15/11/2025;18:00;Enerji Açığı
15/11/2025;19:00;Enerji Açığı
15/11/2025;20:00;Enerji Açığı
15/11/2025;21:00;Enerji Açığı
15/11/2025;22:00;Enerji Açığı
15/11/2025;23:00;Enerji Açığı
16/11/2025;00:00;Enerji Açığı
16/11/2025;01:00;Enerji Açığı
16/11/2025;02:00;Enerji Açığı
16/11/2025;03:00;Dengede
16/11/2025;04:00;Enerji Açığı
16/11/2025;05:00;Enerji Açığı
16/11/2025;06:00;Enerji Açığı
16/11/2025;07:00;Enerji Açığı
16/11/2025;08:00;Enerji Açığı
16/11/2025;09:00;Enerji Fazlası
16/11/2025;10:00;Enerji Fazlası
16/11/2025;11:00;Enerji Fazlası
16/11/2025;12:00;Enerji Fazlası
16/11/2025;13:00;Enerji Fazlası
16/11/2025;14:00;Enerji Fazlası
16/11/2025;15:00;Enerji Fazlası
16/11/2025;16:00;Enerji Açığı
16/11/2025;17:00;Enerji Açığı
16/11/2025;18:00;Enerji Açığı
16/11/2025;19:00;Enerji Açığı
16/11/2025;20:00;Enerji Açığı
16/11/2025;21:00;Enerji Açığı
16/11/2025;22:00;Enerji Açığı
16/11/2025;23:00;Enerji Açığı
17/11/2025;00:00;Enerji Fazlası
17/11/2025;01:00;Enerji Açığı
17/11/2025;02:00;Enerji Açığı
17/11/2025;03:00;Enerji Fazlası
17/11/2025;04:00;Enerji Fazlası
17/11/2025;05:00;Enerji Fazlası
17/11/2025;06:00;Enerji Açığı
17/11/2025;07:00;Enerji Açığı
17/11/2025;08:00;Enerji Açığı
17/11/2025;09:00;Enerji Açığı
17/11/2025;10:00;Enerji Açığı
17/11/2025;11:00;Dengede
17/11/2025;12:00;Enerji Fazlası
17/11/2025;13:00;Enerji Fazlası
17/11/2025;14:00;Enerji Fazlası
17/11/2025;15:00;Enerji Fazlası
17/11/2025;16:00;Enerji Açığı
17/11/2025;17:00;Enerji Açığı
17/11/2025;18:00;Enerji Açığı
17/11/2025;19:00;Enerji Açığı
17/11/2025;20:00;Enerji Açığı
17/11/2025;21:00;Enerji Açığı
17/11/2025;22:00;Enerji Açığı
17/11/2025;23:00;Enerji Fazlası
18/11/2025;00:00;Enerji Fazlası
18/11/2025;01:00;Enerji Fazlası
18/11/2025;02:00;Enerji Açığı
18/11/2025;03:00;Enerji Açığı
18/11/2025;04:00;Dengede
18/11/2025;05:00;Enerji Açığı
18/11/2025;06:00;Enerji Açığı
18/11/2025;07:00;Enerji Açığı
18/11/2025;08:00;Enerji Açığı
18/11/2025;09:00;Enerji Açığı
18/11/2025;10:00;Enerji Fazlası
18/11/2025;11:00;Enerji Fazlası
18/11/2025;12:00;Enerji Fazlası
18/11/2025;13:00;Enerji Fazlası
18/11/2025;14:00;Enerji Fazlası
18/11/2025;15:00;Enerji Açığı
18/11/2025;16:00;Enerji Açığı
18/11/2025;17:00;Enerji Açığı
18/11/2025;18:00;Enerji Açığı
18/11/2025;19:00;Enerji Fazlası
18/11/2025;20:00;Enerji Fazlası
18/11/2025;21:00;Enerji Fazlası
18/11/2025;22:00;Enerji Fazlası
18/11/2025;23:00;Enerji Fazlası
19/11/2025;00:00;Enerji Fazlası
19/11/2025;01:00;Enerji Fazlası
19/11/2025;02:00;Enerji Fazlası
19/11/2025;03:00;Enerji Fazlası
19/11/2025;04:00;Enerji Fazlası
19/11/2025;05:00;Enerji Fazlası
19/11/2025;06:00;Enerji Açığı
19/11/2025;07:00;Enerji Açığı
19/11/2025;08:00;Enerji Açığı
19/11/2025;09:00;Enerji Açığı
19/11/2025;10:00;Enerji Açığı
19/11/2025;11:00;Enerji Açığı
19/11/2025;12:00;Enerji Açığı
19/11/2025;13:00;Enerji Açığı
19/11/2025;14:00;Enerji Açığı
19/11/2025;15:00;Enerji Açığı
19/11/2025;16:00;Enerji Açığı
19/11/2025;17:00;Enerji Açığı
19/11/2025;18:00;Enerji Açığı
19/11/2025;19:00;Enerji Açığı
19/11/2025;20:00;Enerji Açığı
19/11/2025;21:00;Enerji Açığı
19/11/2025;22:00;Enerji Açığı
19/11/2025;23:00;Enerji Açığı
20/11/2025;00:00;Enerji Açığı
20/11/2025;01:00;Enerji Açığı
20/11/2025;02:00;Enerji Açığı
20/11/2025;03:00;Enerji Açığı
20/11/2025;04:00;Enerji Açığı
20/11/2025;05:00;Enerji Açığı
20/11/2025;06:00;Enerji Açığı
20/11/2025;07:00;Enerji Açığı
20/11/2025;08:00;Enerji Açığı
20/11/2025;09:00;Enerji Açığı
20/11/2025;10:00;Enerji Açığı
20/11/2025;11:00;Enerji Fazlası
20/11/2025;12:00;Enerji Fazlası
20/11/2025;13:00;Enerji Fazlası
20/11/2025;14:00;Enerji Fazlası
20/11/2025;15:00;Enerji Fazlası
20/11/2025;16:00;Enerji Fazlası
20/11/2025;17:00;Enerji Açığı
20/11/2025;18:00;Enerji Açığı
20/11/2025;19:00;Enerji Açığı
20/11/2025;20:00;Enerji Açığı
20/11/2025;21:00;Enerji Açığı
20/11/2025;22:00;Enerji Fazlası
20/11/2025;23:00;Enerji Açığı
21/11/2025;00:00;Enerji Açığı
21/11/2025;01:00;Enerji Açığı
21/11/2025;02:00;Enerji Açığı
21/11/2025;03:00;Enerji Açığı
21/11/2025;04:00;Enerji Açığı
21/11/2025;05:00;Enerji Açığı
21/11/2025;06:00;Enerji Açığı
21/11/2025;07:00;Enerji Açığı
21/11/2025;08:00;Enerji Açığı
21/11/2025;09:00;Enerji Açığı
21/11/2025;10:00;Enerji Açığı
21/11/2025;11:00;Enerji Fazlası
21/11/2025;12:00;Enerji Fazlası
21/11/2025;13:00;Enerji Açığı
21/11/2025;14:00;Enerji Açığı
21/11/2025;15:00;Enerji Açığı
21/11/2025;16:00;Enerji Açığı
21/11/2025;17:00;Enerji Açığı
21/11/2025;18:00;Enerji Açığı
21/11/2025;19:00;Enerji Açığı
21/11/2025;20:00;Enerji Açığı
21/11/2025;21:00;Enerji Açığı
21/11/2025;22:00;Enerji Açığı
21/11/2025;23:00;Enerji Açığı
22/11/2025;00:00;Enerji Açığı
22/11/2025;01:00;Enerji Açığı
22/11/2025;02:00;Enerji Açığı
22/11/2025;03:00;Enerji Açığı
22/11/2025;04:00;Enerji Açığı
22/11/2025;05:00;Enerji Açığı
22/11/2025;06:00;Enerji Açığı
22/11/2025;07:00;Enerji Açığı
22/11/2025;08:00;Enerji Açığı
22/11/2025;09:00;Enerji Açığı
22/11/2025;10:00;Enerji Açığı
22/11/2025;11:00;Enerji Açığı
22/11/2025;12:00;Enerji Açığı
22/11/2025;13:00;Enerji Açığı
22/11/2025;14:00;Enerji Açığı
22/11/2025;15:00;Enerji Açığı
22/11/2025;16:00;Enerji Açığı
22/11/2025;17:00;Enerji Açığı
22/11/2025;18:00;Enerji Açığı
22/11/2025;19:00;Enerji Açığı
22/11/2025;20:00;Enerji Açığı
22/11/2025;21:00;Enerji Açığı
22/11/2025;22:00;Enerji Açığı
22/11/2025;23:00;Enerji Açığı
23/11/2025;00:00;Enerji Açığı
23/11/2025;01:00;Enerji Açığı
23/11/2025;02:00;Enerji Açığı
23/11/2025;03:00;Enerji Açığı
23/11/2025;04:00;Enerji Açığı
23/11/2025;05:00;Enerji Açığı
23/11/2025;06:00;Enerji Açığı
23/11/2025;07:00;Enerji Açığı
23/11/2025;08:00;Enerji Fazlası
23/11/2025;09:00;Enerji Fazlası
23/11/2025;10:00;Enerji Fazlası
23/11/2025;11:00;Enerji Fazlası
23/11/2025;12:00;Enerji Fazlası
23/11/2025;13:00;Enerji Fazlası
23/11/2025;14:00;Enerji Fazlası
23/11/2025;15:00;Enerji Fazlası
23/11/2025;16:00;Enerji Açığı
23/11/2025;17:00;Enerji Açığı
23/11/2025;18:00;Enerji Açığı
23/11/2025;19:00;Enerji Açığı
23/11/2025;20:00;Enerji Açığı
23/11/2025;21:00;Enerji Açığı
23/11/2025;22:00;Enerji Açığı
23/11/2025;23:00;Enerji Açığı
24/11/2025;00:00;Enerji Açığı
24/11/2025;01:00;Enerji Açığı
24/11/2025;02:00;Enerji Açığı
24/11/2025;03:00;Enerji Açığı
24/11/2025;04:00;Enerji Açığı
24/11/2025;05:00;Enerji Açığı
24/11/2025;06:00;Enerji Açığı
24/11/2025;07:00;Enerji Açığı
24/11/2025;08:00;Enerji Açığı
24/11/2025;09:00;Enerji Açığı
24/11/2025;10:00;Enerji Açığı
24/11/2025;11:00;Enerji Açığı
24/11/2025;12:00;Dengede
24/11/2025;13:00;Enerji Açığı
24/11/2025;14:00;Enerji Açığı
24/11/2025;15:00;Enerji Açığı
24/11/2025;16:00;Enerji Açığı
24/11/2025;17:00;Enerji Açığı
24/11/2025;18:00;Enerji Açığı
24/11/2025;19:00;Enerji Açığı
24/11/2025;20:00;Enerji Açığı
24/11/2025;21:00;Enerji Açığı
24/11/2025;22:00;Enerji Açığı
24/11/2025;23:00;Enerji Fazlası
25/11/2025;00:00;Enerji Fazlası
25/11/2025;01:00;Enerji Açığı
25/11/2025;02:00;Enerji Açığı
25/11/2025;03:00;Enerji Fazlası
25/11/2025;04:00;Enerji Açığı
25/11/2025;05:00;Enerji Fazlası
25/11/2025;06:00;Enerji Açığı
25/11/2025;07:00;Enerji Açığı
25/11/2025;08:00;Enerji Açığı
25/11/2025;09:00;Enerji Açığı
25/11/2025;10:00;Enerji Açığı
25/11/2025;11:00;Enerji Açığı
25/11/2025;12:00;Enerji Açığı
25/11/2025;13:00;Enerji Fazlası
25/11/2025;14:00;Enerji Açığı
25/11/2025;15:00;Enerji Açığı
25/11/2025;16:00;Enerji Açığı
25/11/2025;17:00;Enerji Açığı
25/11/2025;18:00;Enerji Açığı
25/11/2025;19:00;Enerji Açığı
25/11/2025;20:00;Enerji Açığı
25/11/2025;21:00;Enerji Fazlası
25/11/2025;22:00;Enerji Fazlası
25/11/2025;23:00;Enerji Fazlası
26/11/2025;00:00;Enerji Fazlası
26/11/2025;01:00;Enerji Açığı
26/11/2025;02:00;Enerji Açığı
26/11/2025;03:00;Dengede
26/11/2025;04:00;Dengede
26/11/2025;05:00;Dengede
26/11/2025;06:00;Enerji Açığı
26/11/2025;07:00;Enerji Açığı
26/11/2025;08:00;Enerji Açığı
26/11/2025;09:00;Enerji Açığı
26/11/2025;10:00;Enerji Açığı
26/11/2025;11:00;Enerji Açığı
26/11/2025;12:00;Enerji Açığı
26/11/2025;13:00;Enerji Açığı
26/11/2025;14:00;Enerji Açığı
26/11/2025;15:00;Enerji Açığı
26/11/2025;16:00;Enerji Açığı
26/11/2025;17:00;Enerji Açığı
26/11/2025;18:00;Enerji Açığı
26/11/2025;19:00;Enerji Açığı
26/11/2025;20:00;Enerji Fazlası
26/11/2025;21:00;Enerji Açığı
26/11/2025;22:00;Enerji Fazlası
26/11/2025;23:00;Enerji Fazlası
27/11/2025;00:00;Enerji Açığı
27/11/2025;01:00;Enerji Açığı
27/11/2025;02:00;Enerji Açığı
27/11/2025;03:00;Enerji Açığı
27/11/2025;04:00;Enerji Açığı
27/11/2025;05:00;Enerji Açığı
27/11/2025;06:00;Enerji Açığı
27/11/2025;07:00;Enerji Açığı
27/11/2025;08:00;Enerji Açığı
27/11/2025;09:00;Enerji Açığı
27/11/2025;10:00;Enerji Açığı
27/11/2025;11:00;Enerji Açığı
27/11/2025;12:00;Enerji Fazlası
27/11/2025;13:00;Enerji Açığı
27/11/2025;14:00;Enerji Açığı
27/11/2025;15:00;Enerji Açığı
27/11/2025;16:00;Enerji Açığı
27/11/2025;17:00;Enerji Açığı
27/11/2025;18:00;Enerji Açığı
27/11/2025;19:00;Enerji Açığı
27/11/2025;20:00;Enerji Açığı
27/11/2025;21:00;Enerji Açığı
27/11/2025;22:00;Enerji Fazlası
27/11/2025;23:00;Enerji Fazlası
28/11/2025;00:00;Enerji Açığı
28/11/2025;01:00;Enerji Açığı
28/11/2025;02:00;Enerji Açığı
28/11/2025;03:00;Enerji Açığı
28/11/2025;04:00;Enerji Açığı
28/11/2025;05:00;Enerji Açığı
28/11/2025;06:00;Enerji Açığı
28/11/2025;07:00;Enerji Açığı
28/11/2025;08:00;Enerji Açığı
28/11/2025;09:00;Enerji Açığı
28/11/2025;10:00;Enerji Açığı
28/11/2025;11:00;Enerji Açığı
28/11/2025;12:00;Enerji Açığı
28/11/2025;13:00;Enerji Açığı
28/11/2025;14:00;Enerji Açığı
28/11/2025;15:00;Enerji Açığı
28/11/2025;16:00;Enerji Açığı
28/11/2025;17:00;Enerji Açığı
28/11/2025;18:00;Enerji Açığı
28/11/2025;19:00;Enerji Açığı
28/11/2025;20:00;Enerji Fazlası
28/11/2025;21:00;Enerji Fazlası
28/11/2025;22:00;Enerji Fazlası
28/11/2025;23:00;Enerji Fazlası
29/11/2025;00:00;Enerji Açığı
29/11/2025;01:00;Enerji Açığı
29/11/2025;02:00;Enerji Açığı
29/11/2025;03:00;Enerji Fazlası
29/11/2025;04:00;Enerji Fazlası
29/11/2025;05:00;Enerji Açığı
29/11/2025;06:00;Enerji Açığı
29/11/2025;07:00;Enerji Açığı
29/11/2025;08:00;Enerji Açığı
29/11/2025;09:00;Enerji Açığı
29/11/2025;10:00;Enerji Açığı
29/11/2025;11:00;Enerji Açığı
29/11/2025;12:00;Enerji Açığı
29/11/2025;13:00;Enerji Açığı
29/11/2025;14:00;Enerji Açığı
29/11/2025;15:00;Enerji Açığı
29/11/2025;16:00;Enerji Açığı
29/11/2025;17:00;Enerji Açığı
29/11/2025;18:00;Enerji Açığı
29/11/2025;19:00;Enerji Açığı
29/11/2025;20:00;Enerji Açığı
29/11/2025;21:00;Enerji Açığı
29/11/2025;22:00;Enerji Açığı
29/11/2025;23:00;Enerji Açığı
30/11/2025;00:00;Enerji Açığı
30/11/2025;01:00;Enerji Açığı
30/11/2025;02:00;Enerji Açığı
30/11/2025;03:00;Enerji Açığı
30/11/2025;04:00;Enerji Açığı
30/11/2025;05:00;Enerji Açığı
30/11/2025;06:00;Enerji Açığı
30/11/2025;07:00;Enerji Açığı
30/11/2025;08:00;Enerji Fazlası
30/11/2025;09:00;Enerji Fazlası
30/11/2025;10:00;Enerji Fazlası
30/11/2025;11:00;Enerji Fazlası
30/11/2025;12:00;Enerji Açığı
30/11/2025;13:00;Enerji Açığı
30/11/2025;14:00;Enerji Açığı
30/11/2025;15:00;Enerji Açığı
30/11/2025;16:00;Enerji Açığı
30/11/2025;17:00;Enerji Açığı
30/11/2025;18:00;Enerji Açığı
30/11/2025;19:00;Enerji Açığı
30/11/2025;20:00;Enerji Açığı
30/11/2025;21:00;Enerji Açığı
30/11/2025;22:00;Enerji Fazlası
30/11/2025;23:00;Enerji Fazlası
01/12/2025;00:00;Enerji Açığı
01/12/2025;01:00;Enerji Fazlası
01/12/2025;02:00;Enerji Fazlası
01/12/2025;03:00;Dengede
01/12/2025;04:00;Dengede
01/12/2025;05:00;Enerji Fazlası
01/12/2025;06:00;Enerji Açığı
01/12/2025;07:00;Enerji Açığı
01/12/2025;08:00;Enerji Açığı
01/12/2025;09:00;Enerji Açığı
01/12/2025;10:00;Enerji Açığı
01/12/2025;11:00;Enerji Açığı
01/12/2025;12:00;Enerji Fazlası
01/12/2025;13:00;Enerji Açığı
01/12/2025;14:00;Enerji Açığı
01/12/2025;15:00;Enerji Açığı
01/12/2025;16:00;Enerji Açığı
01/12/2025;17:00;Enerji Açığı
01/12/2025;18:00;Enerji Açığı
01/12/2025;19:00;Enerji Açığı
01/12/2025;20:00;Enerji Açığı
01/12/2025;21:00;Enerji Açığı
01/12/2025;22:00;Enerji Fazlası
01/12/2025;23:00;Enerji Açığı
02/12/2025;00:00;Enerji Açığı
02/12/2025;01:00;Enerji Açığı
02/12/2025;02:00;Enerji Açığı
02/12/2025;03:00;Enerji Açığı
02/12/2025;04:00;Dengede
02/12/2025;05:00;Dengede
02/12/2025;06:00;Enerji Açığı
02/12/2025;07:00;Enerji Açığı
02/12/2025;08:00;Enerji Açığı
02/12/2025;09:00;Enerji Açığı
02/12/2025;10:00;Enerji Açığı
02/12/2025;11:00;Enerji Açığı
02/12/2025;12:00;Enerji Açığı
02/12/2025;13:00;Enerji Fazlası
02/12/2025;14:00;Enerji Fazlası
02/12/2025;15:00;Enerji Açığı
02/12/2025;16:00;Enerji Açığı
02/12/2025;17:00;Enerji Açığı
02/12/2025;18:00;Enerji Açığı
02/12/2025;19:00;Enerji Açığı
02/12/2025;20:00;Enerji Açığı
02/12/2025;21:00;Enerji Açığı
02/12/2025;22:00;Enerji Açığı
02/12/2025;23:00;Enerji Açığı
03/12/2025;00:00;Enerji Açığı
03/12/2025;01:00;Enerji Açığı
03/12/2025;02:00;Enerji Açığı
03/12/2025;03:00;Enerji Açığı
03/12/2025;04:00;Enerji Açığı
03/12/2025;05:00;Enerji Açığı
03/12/2025;06:00;Enerji Açığı
03/12/2025;07:00;Enerji Açığı
03/12/2025;08:00;Enerji Açığı
03/12/2025;09:00;Enerji Açığı
03/12/2025;10:00;Enerji Açığı
03/12/2025;11:00;Enerji Açığı
03/12/2025;12:00;Enerji Fazlası
03/12/2025;13:00;Enerji Fazlası
03/12/2025;14:00;Enerji Fazlası
03/12/2025;15:00;Enerji Açığı
03/12/2025;16:00;Enerji Açığı
03/12/2025;17:00;Enerji Açığı
03/12/2025;18:00;Enerji Açığı
03/12/2025;19:00;Enerji Açığı
03/12/2025;20:00;Enerji Açığı
03/12/2025;21:00;Enerji Açığı
03/12/2025;22:00;Enerji Açığı
03/12/2025;23:00;Enerji Açığı
04/12/2025;00:00;Enerji Açığı
04/12/2025;01:00;Enerji Açığı
04/12/2025;02:00;Enerji Açığı
04/12/2025;03:00;Enerji Fazlası
04/12/2025;04:00;Enerji Fazlası
04/12/2025;05:00;Enerji Fazlası
04/12/2025;06:00;Enerji Fazlası
04/12/2025;07:00;Enerji Açığı
04/12/2025;08:00;Enerji Açığı
04/12/2025;09:00;Enerji Açığı
04/12/2025;10:00;Enerji Açığı
04/12/2025;11:00;Enerji Açığı
04/12/2025;12:00;Enerji Açığı
04/12/2025;13:00;Enerji Açığı
04/12/2025;14:00;Enerji Açığı
04/12/2025;15:00;Enerji Açığı
04/12/2025;16:00;Enerji Açığı
04/12/2025;17:00;Enerji Açığı
04/12/2025;18:00;Enerji Açığı
04/12/2025;19:00;Enerji Açığı
04/12/2025;20:00;Enerji Açığı
04/12/2025;21:00;Enerji Açığı
04/12/2025;22:00;Enerji Açığı
04/12/2025;23:00;Enerji Açığı
05/12/2025;00:00;Enerji Fazlası
05/12/2025;01:00;Enerji Açığı
05/12/2025;02:00;Enerji Fazlası
05/12/2025;03:00;Enerji Fazlası
05/12/2025;04:00;Enerji Fazlası
05/12/2025;05:00;Enerji Fazlası
05/12/2025;06:00;Enerji Fazlası
05/12/2025;07:00;Enerji Açığı
05/12/2025;08:00;Enerji Açığı
05/12/2025;09:00;Enerji Açığı
05/12/2025;10:00;Enerji Açığı
05/12/2025;11:00;Enerji Açığı
05/12/2025;12:00;Enerji Açığı
05/12/2025;13:00;Enerji Açığı
05/12/2025;14:00;Enerji Açığı
05/12/2025;15:00;Enerji Açığı
05/12/2025;16:00;Enerji Açığı
05/12/2025;17:00;Enerji Açığı
05/12/2025;18:00;Enerji Açığı
05/12/2025;19:00;Enerji Fazlası
05/12/2025;20:00;Enerji Fazlası
05/12/2025;21:00;Enerji Fazlası
05/12/2025;22:00;Enerji Fazlası
05/12/2025;23:00;Enerji Açığı
06/12/2025;00:00;Enerji Fazlası
06/12/2025;01:00;Enerji Açığı
06/12/2025;02:00;Enerji Açığı
06/12/2025;03:00;Enerji Açığı
06/12/2025;04:00;Enerji Açığı
06/12/2025;05:00;Enerji Açığı
06/12/2025;06:00;Enerji Açığı
06/12/2025;07:00;Enerji Açığı
06/12/2025;08:00;Enerji Açığı
06/12/2025;09:00;Enerji Açığı
06/12/2025;10:00;Enerji Açığı
06/12/2025;11:00;Enerji Açığı
06/12/2025;12:00;Enerji Açığı
06/12/2025;13:00;Enerji Açığı
06/12/2025;14:00;Enerji Açığı
06/12/2025;15:00;Enerji Açığı
06/12/2025;16:00;Enerji Açığı
06/12/2025;17:00;Enerji Açığı
06/12/2025;18:00;Enerji Açığı
06/12/2025;19:00;Enerji Açığı
06/12/2025;20:00;Enerji Fazlası
06/12/2025;21:00;Enerji Açığı
06/12/2025;22:00;Enerji Fazlası
06/12/2025;23:00;Enerji Fazlası
07/12/2025;00:00;Enerji Fazlası
07/12/2025;01:00;Enerji Fazlası
07/12/2025;02:00;Enerji Fazlası
07/12/2025;03:00;Enerji Fazlası
07/12/2025;04:00;Enerji Fazlası
07/12/2025;05:00;Enerji Fazlası
07/12/2025;06:00;Enerji Fazlası
07/12/2025;07:00;Enerji Fazlası
07/12/2025;08:00;Enerji Fazlası
07/12/2025;09:00;Enerji Fazlası
07/12/2025;10:00;Enerji Fazlası
07/12/2025;11:00;Enerji Fazlası
07/12/2025;12:00;Enerji Açığı
07/12/2025;13:00;Enerji Açığı
07/12/2025;14:00;Enerji Açığı
07/12/2025;15:00;Enerji Açığı
07/12/2025;16:00;Enerji Açığı
07/12/2025;17:00;Enerji Açığı
07/12/2025;18:00;Enerji Açığı
07/12/2025;19:00;Enerji Açığı
07/12/2025;20:00;Enerji Açığı
07/12/2025;21:00;Enerji Açığı
07/12/2025;22:00;Enerji Açığı
07/12/2025;23:00;Enerji Fazlası
08/12/2025;00:00;Enerji Fazlası
08/12/2025;01:00;Enerji Açığı
08/12/2025;02:00;Enerji Fazlası
08/12/2025;03:00;Dengede
08/12/2025;04:00;Dengede
08/12/2025;05:00;Enerji Açığı
08/12/2025;06:00;Dengede
08/12/2025;07:00;Enerji Açığı
08/12/2025;08:00;Enerji Açığı
08/12/2025;09:00;Enerji Açığı
08/12/2025;10:00;Enerji Açığı
08/12/2025;11:00;Enerji Açığı
08/12/2025;12:00;Enerji Açığı
08/12/2025;13:00;Enerji Açığı
08/12/2025;14:00;Enerji Açığı
08/12/2025;15:00;Enerji Açığı
08/12/2025;16:00;Enerji Açığı
08/12/2025;17:00;Enerji Açığı
08/12/2025;18:00;Enerji Açığı
08/12/2025;19:00;Enerji Fazlası
08/12/2025;20:00;Enerji Fazlası
08/12/2025;21:00;Enerji Açığı
08/12/2025;22:00;Enerji Fazlası
08/12/2025;23:00;Enerji Fazlası
09/12/2025;00:00;Enerji Açığı
09/12/2025;01:00;Enerji Açığı
09/12/2025;02:00;Enerji Açığı
09/12/2025;03:00;Enerji Açığı
09/12/2025;04:00;Enerji Açığı
09/12/2025;05:00;Enerji Açığı
09/12/2025;06:00;Enerji Açığı
09/12/2025;07:00;Enerji Açığı
09/12/2025;08:00;Enerji Açığı
09/12/2025;09:00;Enerji Açığı
09/12/2025;10:00;Enerji Açığı
09/12/2025;11:00;Enerji Açığı
09/12/2025;12:00;Enerji Açığı
09/12/2025;13:00;Enerji Fazlası
09/12/2025;14:00;Enerji Açığı
09/12/2025;15:00;Enerji Açığı
09/12/2025;16:00;Enerji Açığı
09/12/2025;17:00;Enerji Açığı
09/12/2025;18:00;Enerji Açığı
09/12/2025;19:00;Enerji Açığı
09/12/2025;20:00;Enerji Açığı
09/12/2025;21:00;Enerji Açığı
09/12/2025;22:00;Enerji Açığı
09/12/2025;23:00;Enerji Açığı
10/12/2025;00:00;Enerji Açığı
10/12/2025;01:00;Enerji Açığı
10/12/2025;02:00;Enerji Açığı
10/12/2025;03:00;Enerji Açığı
10/12/2025;04:00;Enerji Açığı
10/12/2025;05:00;Enerji Açığı
10/12/2025;06:00;Enerji Açığı
10/12/2025;07:00;Enerji Açığı
10/12/2025;08:00;Enerji Açığı
10/12/2025;09:00;Enerji Açığı
10/12/2025;10:00;Enerji Açığı
10/12/2025;11:00;Enerji Fazlası
10/12/2025;12:00;Enerji Fazlası
10/12/2025;13:00;Enerji Fazlası
10/12/2025;14:00;Enerji Açığı
10/12/2025;15:00;Enerji Açığı
10/12/2025;16:00;Enerji Açığı
10/12/2025;17:00;Enerji Açığı
10/12/2025;18:00;Enerji Açığı
10/12/2025;19:00;Enerji Açığı
10/12/2025;20:00;Enerji Açığı
10/12/2025;21:00;Enerji Açığı
10/12/2025;22:00;Enerji Fazlası
10/12/2025;23:00;Enerji Fazlası
11/12/2025;00:00;Enerji Açığı
11/12/2025;01:00;Enerji Açığı
11/12/2025;02:00;Enerji Fazlası
11/12/2025;03:00;Enerji Fazlası
11/12/2025;04:00;Enerji Fazlası
11/12/2025;05:00;Enerji Açığı
11/12/2025;06:00;Enerji Açığı
11/12/2025;07:00;Enerji Açığı
11/12/2025;08:00;Enerji Açığı
11/12/2025;09:00;Enerji Açığı
11/12/2025;10:00;Enerji Açığı
11/12/2025;11:00;Enerji Açığı
11/12/2025;12:00;Enerji Açığı
11/12/2025;13:00;Enerji Açığı
11/12/2025;14:00;Enerji Açığı
11/12/2025;15:00;Enerji Açığı
11/12/2025;16:00;Enerji Açığı
11/12/2025;17:00;Enerji Açığı
11/12/2025;18:00;Enerji Açığı
11/12/2025;19:00;Enerji Fazlası
11/12/2025;20:00;Enerji Fazlası
11/12/2025;21:00;Enerji Fazlası
11/12/2025;22:00;Enerji Fazlası
11/12/2025;23:00;Enerji Fazlası
12/12/2025;00:00;Enerji Açığı
12/12/2025;01:00;Enerji Açığı
12/12/2025;02:00;Dengede
12/12/2025;03:00;Dengede
12/12/2025;04:00;Dengede
12/12/2025;05:00;Enerji Fazlası
12/12/2025;06:00;Enerji Fazlası
12/12/2025;07:00;Enerji Açığı
12/12/2025;08:00;Enerji Açığı
12/12/2025;09:00;Enerji Açığı
12/12/2025;10:00;Enerji Açığı
12/12/2025;11:00;Enerji Açığı
12/12/2025;12:00;Enerji Açığı
12/12/2025;13:00;Enerji Açığı
12/12/2025;14:00;Enerji Açığı
12/12/2025;15:00;Enerji Açığı
12/12/2025;16:00;Enerji Açığı
12/12/2025;17:00;Enerji Açığı
12/12/2025;18:00;Enerji Açığı
12/12/2025;19:00;Enerji Fazlası
12/12/2025;20:00;Enerji Fazlası
12/12/2025;21:00;Enerji Açığı
12/12/2025;22:00;Enerji Açığı
12/12/2025;23:00;Enerji Açığı
13/12/2025;00:00;Enerji Açığı
13/12/2025;01:00;Enerji Açığı
13/12/2025;02:00;Enerji Açığı
13/12/2025;03:00;Enerji Açığı
13/12/2025;04:00;Enerji Açığı
13/12/2025;05:00;Enerji Açığı
13/12/2025;06:00;Enerji Açığı
13/12/2025;07:00;Enerji Açığı
13/12/2025;08:00;Enerji Açığı
13/12/2025;09:00;Enerji Açığı
13/12/2025;10:00;Enerji Açığı
13/12/2025;11:00;Enerji Açığı
13/12/2025;12:00;Enerji Açığı
13/12/2025;13:00;Enerji Açığı
13/12/2025;14:00;Enerji Açığı
13/12/2025;15:00;Enerji Açığı
13/12/2025;16:00;Enerji Açığı
13/12/2025;17:00;Enerji Açığı
13/12/2025;18:00;Enerji Açığı
13/12/2025;19:00;Enerji Açığı
13/12/2025;20:00;Enerji Açığı
13/12/2025;21:00;Enerji Açığı
13/12/2025;22:00;Enerji Açığı
13/12/2025;23:00;Enerji Açığı
14/12/2025;00:00;Enerji Açığı
14/12/2025;01:00;Enerji Açığı
14/12/2025;02:00;Enerji Açığı
14/12/2025;03:00;Enerji Açığı
14/12/2025;04:00;Enerji Açığı
14/12/2025;05:00;Enerji Açığı
14/12/2025;06:00;Enerji Açığı
14/12/2025;07:00;Enerji Açığı
14/12/2025;08:00;Enerji Açığı
14/12/2025;09:00;Enerji Fazlası
14/12/2025;10:00;Enerji Fazlası
14/12/2025;11:00;Enerji Fazlası
14/12/2025;12:00;Enerji Fazlası
14/12/2025;13:00;Enerji Fazlası
14/12/2025;14:00;Enerji Açığı
14/12/2025;15:00;Enerji Fazlası
14/12/2025;16:00;Enerji Açığı
14/12/2025;17:00;Enerji Açığı
14/12/2025;18:00;Enerji Açığı
14/12/2025;19:00;Enerji Açığı
14/12/2025;20:00;Enerji Açığı
14/12/2025;21:00;Enerji Açığı
14/12/2025;22:00;Enerji Açığı
14/12/2025;23:00;Enerji Açığı
15/12/2025;00:00;Enerji Açığı
15/12/2025;01:00;Enerji Açığı
15/12/2025;02:00;Enerji Açığı
15/12/2025;03:00;Enerji Açığı
15/12/2025;04:00;Enerji Fazlası
15/12/2025;05:00;Enerji Fazlası
15/12/2025;06:00;Enerji Fazlası
15/12/2025;07:00;Enerji Açığı
15/12/2025;08:00;Enerji Açığı
15/12/2025;09:00;Enerji Açığı
15/12/2025;10:00;Enerji Açığı
15/12/2025;11:00;Enerji Açığı
15/12/2025;12:00;Enerji Açığı
15/12/2025;13:00;Enerji Açığı
15/12/2025;14:00;Enerji Açığı
15/12/2025;15:00;Enerji Açığı
15/12/2025;16:00;Enerji Açığı
15/12/2025;17:00;Enerji Açığı
15/12/2025;18:00;Enerji Açığı
15/12/2025;19:00;Enerji Açığı
15/12/2025;20:00;Enerji Açığı
15/12/2025;21:00;Enerji Açığı
15/12/2025;22:00;Enerji Açığı
15/12/2025;23:00;Enerji Açığı
16/12/2025;00:00;Enerji Açığı
16/12/2025;01:00;Enerji Açığı
16/12/2025;02:00;Enerji Açığı
16/12/2025;03:00;Dengede
16/12/2025;04:00;Enerji Fazlası
16/12/2025;05:00;Dengede
16/12/2025;06:00;Enerji Açığı
16/12/2025;07:00;Enerji Açığı
16/12/2025;08:00;Enerji Açığı
16/12/2025;09:00;Enerji Açığı
16/12/2025;10:00;Enerji Açığı
16/12/2025;11:00;Enerji Açığı
16/12/2025;12:00;Enerji Açığı
16/12/2025;13:00;Enerji Fazlası
16/12/2025;14:00;Enerji Açığı
16/12/2025;15:00;Enerji Açığı
16/12/2025;16:00;Enerji Açığı
16/12/2025;17:00;Enerji Açığı
16/12/2025;18:00;Enerji Açığı
16/12/2025;19:00;Enerji Açığı
16/12/2025;20:00;Enerji Açığı
16/12/2025;21:00;Enerji Açığı
16/12/2025;22:00;Enerji Açığı
16/12/2025;23:00;Enerji Açığı
17/12/2025;00:00;Enerji Açığı
17/12/2025;01:00;Enerji Fazlası
17/12/2025;02:00;Enerji Açığı
17/12/2025;03:00;Enerji Açığı
17/12/2025;04:00;Enerji Açığı
17/12/2025;05:00;Enerji Açığı
17/12/2025;06:00;Enerji Açığı
17/12/2025;07:00;Enerji Açığı
17/12/2025;08:00;Enerji Açığı
17/12/2025;09:00;Enerji Açığı
17/12/2025;10:00;Enerji Fazlası
17/12/2025;11:00;Enerji Fazlası
17/12/2025;12:00;Enerji Fazlası
17/12/2025;13:00;Enerji Fazlası
17/12/2025;14:00;Enerji Fazlası
17/12/2025;15:00;Enerji Fazlası
17/12/2025;16:00;Enerji Açığı
17/12/2025;17:00;Enerji Açığı
17/12/2025;18:00;Enerji Açığı
17/12/2025;19:00;Enerji Açığı
17/12/2025;20:00;Enerji Açığı
17/12/2025;21:00;Enerji Açığı
17/12/2025;22:00;Enerji Açığı
17/12/2025;23:00;Enerji Fazlası
18/12/2025;00:00;Enerji Fazlası
18/12/2025;01:00;Enerji Fazlası
18/12/2025;02:00;Enerji Fazlası
18/12/2025;03:00;Dengede
18/12/2025;04:00;Dengede
18/12/2025;05:00;Enerji Açığı
18/12/2025;06:00;Enerji Açığı
18/12/2025;07:00;Enerji Açığı
18/12/2025;08:00;Enerji Açığı
18/12/2025;09:00;Enerji Açığı
18/12/2025;10:00;Enerji Açığı
18/12/2025;11:00;Enerji Açığı
18/12/2025;12:00;Enerji Fazlası
18/12/2025;13:00;Enerji Fazlası
18/12/2025;14:00;Enerji Fazlası
18/12/2025;15:00;Enerji Açığı
18/12/2025;16:00;Enerji Açığı
18/12/2025;17:00;Enerji Açığı
18/12/2025;18:00;Enerji Açığı
18/12/2025;19:00;Enerji Açığı
18/12/2025;20:00;Enerji Açığı
18/12/2025;21:00;Enerji Açığı
18/12/2025;22:00;Enerji Fazlası
18/12/2025;23:00;Enerji Fazlası
19/12/2025;00:00;Enerji Fazlası
19/12/2025;01:00;Enerji Fazlası
19/12/2025;02:00;Dengede
19/12/2025;03:00;Dengede
19/12/2025;04:00;Dengede
19/12/2025;05:00;Enerji Açığı
19/12/2025;06:00;Enerji Açığı
19/12/2025;07:00;Enerji Açığı
19/12/2025;08:00;Enerji Açığı
19/12/2025;09:00;Enerji Açığı
19/12/2025;10:00;Enerji Açığı
19/12/2025;11:00;Enerji Açığı
19/12/2025;12:00;Enerji Açığı
19/12/2025;13:00;Enerji Fazlası
19/12/2025;14:00;Enerji Fazlası
19/12/2025;15:00;Enerji Fazlası
19/12/2025;16:00;Enerji Fazlası
19/12/2025;17:00;Enerji Açığı
19/12/2025;18:00;Enerji Açığı
19/12/2025;19:00;Enerji Açığı
19/12/2025;20:00;Enerji Fazlası
19/12/2025;21:00;Enerji Fazlası
19/12/2025;22:00;Enerji Fazlası
19/12/2025;23:00;Enerji Açığı
20/12/2025;00:00;Enerji Fazlası
20/12/2025;01:00;Enerji Açığı
20/12/2025;02:00;Enerji Açığı
20/12/2025;03:00;Enerji Açığı
20/12/2025;04:00;Dengede
20/12/2025;05:00;Enerji Fazlası
20/12/2025;06:00;Enerji Açığı
20/12/2025;07:00;Enerji Fazlası
20/12/2025;08:00;Enerji Açığı
20/12/2025;09:00;Enerji Açığı
20/12/2025;10:00;Enerji Fazlası
20/12/2025;11:00;Enerji Açığı
20/12/2025;12:00;Enerji Fazlası
20/12/2025;13:00;Enerji Fazlası
20/12/2025;14:00;Enerji Fazlası
20/12/2025;15:00;Enerji Fazlası
20/12/2025;16:00;Enerji Fazlası
20/12/2025;17:00;Enerji Açığı
20/12/2025;18:00;Enerji Açığı
20/12/2025;19:00;Enerji Açığı
20/12/2025;20:00;Enerji Açığı
20/12/2025;21:00;Enerji Açığı
20/12/2025;22:00;Enerji Açığı
20/12/2025;23:00;Enerji Açığı
21/12/2025;00:00;Enerji Açığı
21/12/2025;01:00;Enerji Açığı
21/12/2025;02:00;Enerji Açığı
21/12/2025;03:00;Enerji Açığı
21/12/2025;04:00;Enerji Açığı
21/12/2025;05:00;Enerji Açığı
21/12/2025;06:00;Enerji Açığı
21/12/2025;07:00;Enerji Açığı
21/12/2025;08:00;Enerji Fazlası
21/12/2025;09:00;Enerji Açığı
21/12/2025;10:00;Enerji Açığı
21/12/2025;11:00;Enerji Açığı
21/12/2025;12:00;Enerji Açığı
21/12/2025;13:00;Enerji Açığı
21/12/2025;14:00;Enerji Açığı
21/12/2025;15:00;Enerji Açığı
21/12/2025;16:00;Enerji Açığı
21/12/2025;17:00;Enerji Açığı
21/12/2025;18:00;Enerji Fazlası
21/12/2025;19:00;Enerji Fazlası
21/12/2025;20:00;Enerji Fazlası
21/12/2025;21:00;Enerji Açığı
21/12/2025;22:00;Enerji Fazlası
21/12/2025;23:00;Enerji Fazlası
22/12/2025;00:00;Enerji Fazlası
22/12/2025;01:00;Enerji Açığı
22/12/2025;02:00;Enerji Açığı
22/12/2025;03:00;Dengede
22/12/2025;04:00;Dengede
22/12/2025;05:00;Dengede
22/12/2025;06:00;Dengede
22/12/2025;07:00;Enerji Açığı
22/12/2025;08:00;Enerji Açığı
22/12/2025;09:00;Enerji Açığı
22/12/2025;10:00;Enerji Açığı
22/12/2025;11:00;Enerji Açığı
22/12/2025;12:00;Enerji Açığı
22/12/2025;13:00;Enerji Açığı
22/12/2025;14:00;Enerji Açığı
22/12/2025;15:00;Enerji Açığı
22/12/2025;16:00;Enerji Açığı
22/12/2025;17:00;Enerji Açığı
22/12/2025;18:00;Enerji Açığı
22/12/2025;19:00;Enerji Fazlası
22/12/2025;20:00;Enerji Fazlası
22/12/2025;21:00;Enerji Açığı
22/12/2025;22:00;Enerji Fazlası
22/12/2025;23:00;Enerji Fazlası
23/12/2025;00:00;Enerji Fazlası
23/12/2025;01:00;Enerji Açığı
23/12/2025;02:00;Enerji Fazlası
23/12/2025;03:00;Enerji Fazlası
23/12/2025;04:00;Enerji Fazlası
23/12/2025;05:00;Enerji Fazlası
23/12/2025;06:00;Enerji Fazlası
23/12/2025;07:00;Enerji Açığı
23/12/2025;08:00;Enerji Fazlası
23/12/2025;09:00;Enerji Açığı
23/12/2025;10:00;Enerji Açığı
23/12/2025;11:00;Enerji Açığı
23/12/2025;12:00;Enerji Açığı
23/12/2025;13:00;Enerji Açığı
23/12/2025;14:00;Enerji Açığı
23/12/2025;15:00;Enerji Açığı
23/12/2025;16:00;Enerji Açığı
23/12/2025;17:00;Enerji Açığı
23/12/2025;18:00;Enerji Açığı
23/12/2025;19:00;Enerji Açığı
23/12/2025;20:00;Enerji Açığı
23/12/2025;21:00;Enerji Açığı
23/12/2025;22:00;Enerji Açığı
23/12/2025;23:00;Enerji Açığı
24/12/2025;00:00;Enerji Açığı
24/12/2025;01:00;Enerji Açığı
24/12/2025;02:00;Enerji Açığı
24/12/2025;03:00;Enerji Açığı
24/12/2025;04:00;Enerji Açığı
24/12/2025;05:00;Enerji Açığı
24/12/2025;06:00;Enerji Fazlası
24/12/2025;07:00;Enerji Açığı
24/12/2025;08:00;Enerji Açığı
24/12/2025;09:00;Enerji Açığı
24/12/2025;10:00;Enerji Açığı
24/12/2025;11:00;Enerji Açığı
24/12/2025;12:00;Enerji Açığı
24/12/2025;13:00;Enerji Fazlası
24/12/2025;14:00;Enerji Açığı
24/12/2025;15:00;Enerji Fazlası
24/12/2025;16:00;Enerji Açığı
24/12/2025;17:00;Enerji Açığı
24/12/2025;18:00;Enerji Açığı
24/12/2025;19:00;Enerji Fazlası
24/12/2025;20:00;Enerji Fazlası
24/12/2025;21:00;Enerji Fazlası
24/12/2025;22:00;Enerji Açığı
24/12/2025;23:00;Enerji Açığı
25/12/2025;00:00;Enerji Fazlası
25/12/2025;01:00;Enerji Açığı
25/12/2025;02:00;Enerji Fazlası
25/12/2025;03:00;Enerji Fazlası
25/12/2025;04:00;Enerji Açığı
25/12/2025;05:00;Enerji Açığı
25/12/2025;06:00;Enerji Açığı
25/12/2025;07:00;Enerji Açığı
25/12/2025;08:00;Enerji Açığı
25/12/2025;09:00;Enerji Açığı
25/12/2025;10:00;Enerji Açığı
25/12/2025;11:00;Enerji Açığı
25/12/2025;12:00;Enerji Açığı
25/12/2025;13:00;Enerji Açığı
25/12/2025;14:00;Enerji Açığı
25/12/2025;15:00;Enerji Açığı
25/12/2025;16:00;Enerji Açığı
25/12/2025;17:00;Enerji Açığı
25/12/2025;18:00;Enerji Açığı
25/12/2025;19:00;Enerji Açığı
25/12/2025;20:00;Enerji Fazlası
25/12/2025;21:00;Enerji Açığı
25/12/2025;22:00;Enerji Fazlası
25/12/2025;23:00;Enerji Fazlası
26/12/2025;00:00;Enerji Fazlası
26/12/2025;01:00;Enerji Açığı
26/12/2025;02:00;Enerji Açığı
26/12/2025;03:00;Enerji Fazlası
26/12/2025;04:00;Enerji Fazlası
26/12/2025;05:00;Enerji Açığı
26/12/2025;06:00;Enerji Açığı
26/12/2025;07:00;Enerji Açığı
26/12/2025;08:00;Enerji Açığı
26/12/2025;09:00;Enerji Açığı
26/12/2025;10:00;Enerji Açığı
26/12/2025;11:00;Enerji Açığı
26/12/2025;12:00;Enerji Açığı
26/12/2025;13:00;Enerji Açığı
26/12/2025;14:00;Enerji Açığı
26/12/2025;15:00;Enerji Açığı
26/12/2025;16:00;Enerji Açığı
26/12/2025;17:00;Enerji Açığı
26/12/2025;18:00;Enerji Açığı
26/12/2025;19:00;Enerji Açığı
26/12/2025;20:00;Enerji Açığı
26/12/2025;21:00;Enerji Açığı
26/12/2025;22:00;Enerji Açığı
26/12/2025;23:00;Enerji Fazlası
27/12/2025;00:00;Enerji Açığı
27/12/2025;01:00;Enerji Açığı
27/12/2025;02:00;Enerji Fazlası
27/12/2025;03:00;Enerji Açığı
27/12/2025;04:00;Enerji Açığı
27/12/2025;05:00;Enerji Açığı
27/12/2025;06:00;Enerji Fazlası
27/12/2025;07:00;Enerji Fazlası
27/12/2025;08:00;Enerji Açığı
27/12/2025;09:00;Enerji Açığı
27/12/2025;10:00;Enerji Açığı
27/12/2025;11:00;Enerji Açığı
27/12/2025;12:00;Enerji Açığı
27/12/2025;13:00;Enerji Açığı
27/12/2025;14:00;Enerji Açığı
27/12/2025;15:00;Enerji Açığı
27/12/2025;16:00;Enerji Açığı
27/12/2025;17:00;Enerji Açığı
27/12/2025;18:00;Enerji Açığı
27/12/2025;19:00;Enerji Açığı
27/12/2025;20:00;Enerji Açığı
27/12/2025;21:00;Enerji Açığı
27/12/2025;22:00;Enerji Açığı
27/12/2025;23:00;Enerji Açığı
28/12/2025;00:00;Enerji Açığı
28/12/2025;01:00;Enerji Açığı
28/12/2025;02:00;Enerji Açığı
28/12/2025;03:00;Enerji Açığı
28/12/2025;04:00;Enerji Açığı
28/12/2025;05:00;Enerji Açığı
28/12/2025;06:00;Enerji Açığı
28/12/2025;07:00;Enerji Açığı
28/12/2025;08:00;Enerji Açığı
28/12/2025;09:00;Enerji Açığı
28/12/2025;10:00;Enerji Açığı
28/12/2025;11:00;Enerji Açığı
28/12/2025;12:00;Enerji Açığı
28/12/2025;13:00;Enerji Açığı
28/12/2025;14:00;Enerji Açığı
28/12/2025;15:00;Enerji Açığı
28/12/2025;16:00;Enerji Açığı
28/12/2025;17:00;Enerji Açığı
28/12/2025;18:00;Enerji Açığı
28/12/2025;19:00;Enerji Açığı
28/12/2025;20:00;Enerji Açığı
28/12/2025;21:00;Enerji Açığı
28/12/2025;22:00;Enerji Açığı
28/12/2025;23:00;Enerji Açığı
29/12/2025;00:00;Enerji Açığı
29/12/2025;01:00;Enerji Açığı
29/12/2025;02:00;Enerji Açığı
29/12/2025;03:00;Dengede
29/12/2025;04:00;Dengede
29/12/2025;05:00;Enerji Açığı
29/12/2025;06:00;Enerji Açığı
29/12/2025;07:00;Enerji Açığı
29/12/2025;08:00;Enerji Açığı
29/12/2025;09:00;Enerji Açığı
29/12/2025;10:00;Enerji Açığı
29/12/2025;11:00;Enerji Açığı
29/12/2025;12:00;Enerji Açığı
29/12/2025;13:00;Enerji Açığı
29/12/2025;14:00;Enerji Fazlası
29/12/2025;15:00;Enerji Fazlası
29/12/2025;16:00;Enerji Açığı
29/12/2025;17:00;Enerji Açığı
29/12/2025;18:00;Enerji Açığı
29/12/2025;19:00;Enerji Fazlası
29/12/2025;20:00;Enerji Fazlası
29/12/2025;21:00;Enerji Fazlası
29/12/2025;22:00;Enerji Açığı
29/12/2025;23:00;Enerji Açığı
30/12/2025;00:00;Enerji Fazlası
30/12/2025;01:00;Enerji Fazlası
30/12/2025;02:00;Dengede
30/12/2025;03:00;Dengede
30/12/2025;04:00;Enerji Açığı
30/12/2025;05:00;Enerji Açığı
30/12/2025;06:00;Enerji Fazlası
30/12/2025;07:00;Enerji Fazlası
30/12/2025;08:00;Enerji Açığı
30/12/2025;09:00;Enerji Açığı
30/12/2025;10:00;Enerji Açığı
30/12/2025;11:00;Enerji Fazlası
30/12/2025;12:00;Enerji Fazlası
30/12/2025;13:00;Enerji Fazlası
30/12/2025;14:00;Enerji Fazlası
30/12/2025;15:00;Enerji Fazlası
30/12/2025;16:00;Enerji Açığı
30/12/2025;17:00;Enerji Açığı
30/12/2025;18:00;Enerji Açığı
30/12/2025;19:00;Enerji Fazlası
30/12/2025;20:00;Enerji Fazlası
30/12/2025;21:00;Enerji Fazlası
30/12/2025;22:00;Enerji Açığı
30/12/2025;23:00;Enerji Açığı
31/12/2025;00:00;Enerji Açığı
31/12/2025;01:00;Enerji Açığı
31/12/2025;02:00;Enerji Fazlası
31/12/2025;03:00;Enerji Fazlası
31/12/2025;04:00;Dengede
31/12/2025;05:00;Enerji Fazlası
31/12/2025;06:00;Enerji Açığı
31/12/2025;07:00;Enerji Açığı
31/12/2025;08:00;Enerji Açığı
31/12/2025;09:00;Enerji Açığı
31/12/2025;10:00;Enerji Açığı
31/12/2025;11:00;Enerji Açığı
31/12/2025;12:00;Enerji Açığı
31/12/2025;13:00;Enerji Açığı
31/12/2025;14:00;Enerji Açığı
31/12/2025;15:00;Enerji Açığı
31/12/2025;16:00;Enerji Açığı
31/12/2025;17:00;Enerji Açığı
31/12/2025;18:00;Enerji Fazlası
31/12/2025;19:00;Enerji Fazlası
31/12/2025;20:00;Enerji Fazlası
31/12/2025;21:00;Enerji Fazlası
31/12/2025;22:00;Enerji Fazlası
31/12/2025;23:00;Enerji Fazlası
